{
  "type" : "FeatureCollection",
  "features" : [ {
    "type" : "Feature",
    "properties" : {
      "depth_km" : 11.0,
      "author" : "SURVEY-INGV",
      "catalog" : null,
      "latitude" : 42.6992,
      "event_id" : 46097252,
      "contributor" : null,
      "mag_type" : "ML",
      "event_location_name" : "6 km W Accumoli (RI)",
      "magnitude" : 0.7,
      "time" : "2026-05-31 22:16:24Z",
      "mag_author" : null,
      "longitude" : 13.1802,
      "contributor_id" : null
    },
    "geometry" : {
      "type" : "Point",
      "coordinates" : [ 13.1802, 42.6992 ]
    },
    "id" : "46097252"
  }, {
    "type" : "Feature",
    "properties" : {
      "depth_km" : 11.0,
      "author" : "SURVEY-INGV",
      "catalog" : null,
      "latitude" : 42.6992,
      "event_id" : 46097252,
      "contributor" : null,
      "mag_type" : "ML",
      "event_location_name" : "6 km W Accumoli (RI)",
      "magnitude" : 0.7,
      "time" : "2026-05-31 22:16:24Z",
      "mag_author" : null,
      "longitude" : 13.1802,
      "contributor_id" : null
    },
    "geometry" : {
      "type" : "Point",
      "coordinates" : [ 13.1802, 42.6992 ]
    },
    "id" : "46097252"
  }, {
    "type" : "Feature",
    "properties" : {
      "depth_km" : 4.9,
      "author" : "SURVEY-INGV",
      "catalog" : null,
      "latitude" : 43.2663,
      "event_id" : 46097202,
      "contributor" : null,
      "mag_type" : "ML",
      "event_location_name" : "4 km SW Pomarance (PI)",
      "magnitude" : 0.6,
      "time" : "2026-05-31 22:12:22Z",
      "mag_author" : null,
      "longitude" : 10.8472,
      "contributor_id" : null
    },
    "geometry" : {
      "type" : "Point",
      "coordinates" : [ 10.8472, 43.2663 ]
    },
    "id" : "46097202"
  }, {
    "type" : "Feature",
    "properties" : {
      "depth_km" : 12.4,
      "author" : "SURVEY-INGV",
      "catalog" : null,
      "latitude" : 40.2737,
      "event_id" : 46097082,
      "contributor" : null,
      "mag_type" : "ML",
      "event_location_name" : "6 km SE Tramutola (PZ)",
      "magnitude" : 0.5,
      "time" : "2026-05-31 22:00:12Z",
      "mag_author" : null,
      "longitude" : 15.8112,
      "contributor_id" : null
    },
    "geometry" : {
      "type" : "Point",
      "coordinates" : [ 15.8112, 40.2737 ]
    },
    "id" : "46097082"
  }, {
    "type" : "Feature",
    "properties" : {
      "depth_km" : 12.9,
      "author" : "SURVEY-INGV",
      "catalog" : null,
      "latitude" : 40.2643,
      "event_id" : 46096912,
      "contributor" : null,
      "mag_type" : "ML",
      "event_location_name" : "6 km W Moliterno (PZ)",
      "magnitude" : 2.7,
      "time" : "2026-05-31 21:37:36Z",
      "mag_author" : null,
      "longitude" : 15.8077,
      "contributor_id" : null
    },
    "geometry" : {
      "type" : "Point",
      "coordinates" : [ 15.8077, 40.2643 ]
    },
    "id" : "46096912"
  }, {
    "type" : "Feature",
    "properties" : {
      "depth_km" : 34.18,
      "author" : "SURVEY-INGV-A",
      "catalog" : null,
      "latitude" : -32.8025,
      "event_id" : 46096892,
      "contributor" : null,
      "mag_type" : "Mwp",
      "event_location_name" : "Chile (Peruvian point of view) [Sea]",
      "magnitude" : 5.9,
      "time" : "2026-05-31 21:34:19Z",
      "mag_author" : null,
      "longitude" : -71.7847,
      "contributor_id" : null
    },
    "geometry" : {
      "type" : "Point",
      "coordinates" : [ -71.7847, -32.8025 ]
    },
    "id" : "46096892"
  }, {
    "type" : "Feature",
    "properties" : {
      "depth_km" : 12.9,
      "author" : "SURVEY-INGV",
      "catalog" : null,
      "latitude" : 42.8558,
      "event_id" : 46096812,
      "contributor" : null,
      "mag_type" : "ML",
      "event_location_name" : "4 km S Castelsantangelo sul Nera (MC)",
      "magnitude" : 0.9,
      "time" : "2026-05-31 21:18:25Z",
      "mag_author" : null,
      "longitude" : 13.1643,
      "contributor_id" : null
    },
    "geometry" : {
      "type" : "Point",
      "coordinates" : [ 13.1643, 42.8558 ]
    },
    "id" : "46096812"
  }, {
    "type" : "Feature",
    "properties" : {
      "depth_km" : 12.8,
      "author" : "SURVEY-INGV",
      "catalog" : null,
      "latitude" : 42.6603,
      "event_id" : 46095782,
      "contributor" : null,
      "mag_type" : "ML",
      "event_location_name" : "4 km NE Amatrice (RI)",
      "magnitude" : 1.1,
      "time" : "2026-05-31 17:19:49Z",
      "mag_author" : null,
      "longitude" : 13.3038,
      "contributor_id" : null
    },
    "geometry" : {
      "type" : "Point",
      "coordinates" : [ 13.3038, 42.6603 ]
    },
    "id" : "46095782"
  }, {
    "type" : "Feature",
    "properties" : {
      "depth_km" : 1.75,
      "author" : "SURVEY-INGV-OV#SiSmi",
      "catalog" : null,
      "latitude" : 40.829167,
      "event_id" : 46095402,
      "contributor" : null,
      "mag_type" : "Md",
      "event_location_name" : "Campi Flegrei",
      "magnitude" : 1.9,
      "time" : "2026-05-31 16:47:59Z",
      "mag_author" : null,
      "longitude" : 14.130333,
      "contributor_id" : null
    },
    "geometry" : {
      "type" : "Point",
      "coordinates" : [ 14.130333, 40.829167 ]
    },
    "id" : "46095402"
  }, {
    "type" : "Feature",
    "properties" : {
      "depth_km" : 10.7,
      "author" : "SURVEY-INGV",
      "catalog" : null,
      "latitude" : 43.3097,
      "event_id" : 46095182,
      "contributor" : null,
      "mag_type" : "ML",
      "event_location_name" : "7 km SW Gubbio (PG)",
      "magnitude" : 1.0,
      "time" : "2026-05-31 16:20:13Z",
      "mag_author" : null,
      "longitude" : 12.5238,
      "contributor_id" : null
    },
    "geometry" : {
      "type" : "Point",
      "coordinates" : [ 12.5238, 43.3097 ]
    },
    "id" : "46095182"
  }, {
    "type" : "Feature",
    "properties" : {
      "depth_km" : 9.2,
      "author" : "SURVEY-INGV",
      "catalog" : null,
      "latitude" : 43.5658,
      "event_id" : 46095072,
      "contributor" : null,
      "mag_type" : "ML",
      "event_location_name" : "2 km W Sansepolcro (AR)",
      "magnitude" : 1.1,
      "time" : "2026-05-31 16:10:58Z",
      "mag_author" : null,
      "longitude" : 12.1135,
      "contributor_id" : null
    },
    "geometry" : {
      "type" : "Point",
      "coordinates" : [ 12.1135, 43.5658 ]
    },
    "id" : "46095072"
  }, {
    "type" : "Feature",
    "properties" : {
      "depth_km" : 9.5,
      "author" : "SURVEY-INGV",
      "catalog" : null,
      "latitude" : 38.0868,
      "event_id" : 46094912,
      "contributor" : null,
      "mag_type" : "ML",
      "event_location_name" : "2 km SE Librizzi (ME)",
      "magnitude" : 1.1,
      "time" : "2026-05-31 15:55:43Z",
      "mag_author" : null,
      "longitude" : 14.9737,
      "contributor_id" : null
    },
    "geometry" : {
      "type" : "Point",
      "coordinates" : [ 14.9737, 38.0868 ]
    },
    "id" : "46094912"
  }, {
    "type" : "Feature",
    "properties" : {
      "depth_km" : 6.6,
      "author" : "SURVEY-INGV",
      "catalog" : null,
      "latitude" : 43.4048,
      "event_id" : 46094462,
      "contributor" : null,
      "mag_type" : "ML",
      "event_location_name" : "4 km S Pietralunga (PG)",
      "magnitude" : 1.0,
      "time" : "2026-05-31 15:11:32Z",
      "mag_author" : null,
      "longitude" : 12.4457,
      "contributor_id" : null
    },
    "geometry" : {
      "type" : "Point",
      "coordinates" : [ 12.4457, 43.4048 ]
    },
    "id" : "46094462"
  }, {
    "type" : "Feature",
    "properties" : {
      "depth_km" : 127.7,
      "author" : "SURVEY-INGV",
      "catalog" : null,
      "latitude" : 38.5748,
      "event_id" : 46093812,
      "contributor" : null,
      "mag_type" : "ML",
      "event_location_name" : "Tirreno Meridionale [Mare]",
      "magnitude" : 1.8,
      "time" : "2026-05-31 13:57:38Z",
      "mag_author" : null,
      "longitude" : 15.4622,
      "contributor_id" : null
    },
    "geometry" : {
      "type" : "Point",
      "coordinates" : [ 15.4622, 38.5748 ]
    },
    "id" : "46093812"
  }, {
    "type" : "Feature",
    "properties" : {
      "depth_km" : 22.1,
      "author" : "SURVEY-INGV",
      "catalog" : null,
      "latitude" : 40.5668,
      "event_id" : 46093642,
      "contributor" : null,
      "mag_type" : "ML",
      "event_location_name" : "5 km W Miglionico (MT)",
      "magnitude" : 1.3,
      "time" : "2026-05-31 13:38:16Z",
      "mag_author" : null,
      "longitude" : 16.4425,
      "contributor_id" : null
    },
    "geometry" : {
      "type" : "Point",
      "coordinates" : [ 16.4425, 40.5668 ]
    },
    "id" : "46093642"
  }, {
    "type" : "Feature",
    "properties" : {
      "depth_km" : 22.1,
      "author" : "SURVEY-INGV",
      "catalog" : null,
      "latitude" : 40.5668,
      "event_id" : 46093642,
      "contributor" : null,
      "mag_type" : "ML",
      "event_location_name" : "5 km W Miglionico (MT)",
      "magnitude" : 1.3,
      "time" : "2026-05-31 13:38:16Z",
      "mag_author" : null,
      "longitude" : 16.4425,
      "contributor_id" : null
    },
    "geometry" : {
      "type" : "Point",
      "coordinates" : [ 16.4425, 40.5668 ]
    },
    "id" : "46093642"
  }, {
    "type" : "Feature",
    "properties" : {
      "depth_km" : 11.6,
      "author" : "SURVEY-INGV",
      "catalog" : null,
      "latitude" : 43.0293,
      "event_id" : 46093122,
      "contributor" : null,
      "mag_type" : "ML",
      "event_location_name" : "1 km S Fiordimonte (MC)",
      "magnitude" : 0.9,
      "time" : "2026-05-31 12:16:59Z",
      "mag_author" : null,
      "longitude" : 13.0873,
      "contributor_id" : null
    },
    "geometry" : {
      "type" : "Point",
      "coordinates" : [ 13.0873, 43.0293 ]
    },
    "id" : "46093122"
  }, {
    "type" : "Feature",
    "properties" : {
      "depth_km" : 3.7,
      "author" : "SURVEY-INGV",
      "catalog" : null,
      "latitude" : 43.0182,
      "event_id" : 46093072,
      "contributor" : null,
      "mag_type" : "ML",
      "event_location_name" : "2 km S Fiordimonte (MC)",
      "magnitude" : 0.9,
      "time" : "2026-05-31 12:14:43Z",
      "mag_author" : null,
      "longitude" : 13.0952,
      "contributor_id" : null
    },
    "geometry" : {
      "type" : "Point",
      "coordinates" : [ 13.0952, 43.0182 ]
    },
    "id" : "46093072"
  }, {
    "type" : "Feature",
    "properties" : {
      "depth_km" : 4.6,
      "author" : "SURVEY-INGV",
      "catalog" : null,
      "latitude" : 45.2702,
      "event_id" : 46092912,
      "contributor" : null,
      "mag_type" : "ML",
      "event_location_name" : "Adriatico Settentrionale [Mare]",
      "magnitude" : 1.9,
      "time" : "2026-05-31 11:46:22Z",
      "mag_author" : null,
      "longitude" : 12.9365,
      "contributor_id" : null
    },
    "geometry" : {
      "type" : "Point",
      "coordinates" : [ 12.9365, 45.2702 ]
    },
    "id" : "46092912"
  }, {
    "type" : "Feature",
    "properties" : {
      "depth_km" : 12.4,
      "author" : "SURVEY-INGV",
      "catalog" : null,
      "latitude" : 43.0332,
      "event_id" : 46092852,
      "contributor" : null,
      "mag_type" : "ML",
      "event_location_name" : "2 km SE Pieve Torina (MC)",
      "magnitude" : 1.4,
      "time" : "2026-05-31 11:43:55Z",
      "mag_author" : null,
      "longitude" : 13.0665,
      "contributor_id" : null
    },
    "geometry" : {
      "type" : "Point",
      "coordinates" : [ 13.0665, 43.0332 ]
    },
    "id" : "46092852"
  }, {
    "type" : "Feature",
    "properties" : {
      "depth_km" : 0.8,
      "author" : "SURVEY-INGV",
      "catalog" : null,
      "latitude" : 47.086,
      "event_id" : 46092732,
      "contributor" : null,
      "mag_type" : "ML",
      "event_location_name" : "Confine Italia-Austria (AUSTRIA)",
      "magnitude" : 0.8,
      "time" : "2026-05-31 11:23:18Z",
      "mag_author" : null,
      "longitude" : 11.2912,
      "contributor_id" : null
    },
    "geometry" : {
      "type" : "Point",
      "coordinates" : [ 11.2912, 47.086 ]
    },
    "id" : "46092732"
  }, {
    "type" : "Feature",
    "properties" : {
      "depth_km" : 12.2,
      "author" : "SURVEY-INGV",
      "catalog" : null,
      "latitude" : 42.6517,
      "event_id" : 46092332,
      "contributor" : null,
      "mag_type" : "ML",
      "event_location_name" : "2 km N Amatrice (RI)",
      "magnitude" : 1.5,
      "time" : "2026-05-31 09:52:04Z",
      "mag_author" : null,
      "longitude" : 13.2957,
      "contributor_id" : null
    },
    "geometry" : {
      "type" : "Point",
      "coordinates" : [ 13.2957, 42.6517 ]
    },
    "id" : "46092332"
  }, {
    "type" : "Feature",
    "properties" : {
      "depth_km" : 29.9,
      "author" : "SURVEY-INGV",
      "catalog" : null,
      "latitude" : 39.1827,
      "event_id" : 46091772,
      "contributor" : null,
      "mag_type" : "ML",
      "event_location_name" : "5 km E Rocca di Neto (KR)",
      "magnitude" : 2.3,
      "time" : "2026-05-31 08:14:56Z",
      "mag_author" : null,
      "longitude" : 17.0612,
      "contributor_id" : null
    },
    "geometry" : {
      "type" : "Point",
      "coordinates" : [ 17.0612, 39.1827 ]
    },
    "id" : "46091772"
  }, {
    "type" : "Feature",
    "properties" : {
      "depth_km" : 9.7,
      "author" : "SURVEY-INGV-CT#SeismPicker_SO-OE",
      "catalog" : null,
      "latitude" : 38.487,
      "event_id" : 46091922,
      "contributor" : null,
      "mag_type" : "ML",
      "event_location_name" : "Isole Eolie (Messina)",
      "magnitude" : 1.8,
      "time" : "2026-05-31 08:08:18Z",
      "mag_author" : null,
      "longitude" : 14.834,
      "contributor_id" : null
    },
    "geometry" : {
      "type" : "Point",
      "coordinates" : [ 14.834, 38.487 ]
    },
    "id" : "46091922"
  }, {
    "type" : "Feature",
    "properties" : {
      "depth_km" : 9.9,
      "author" : "SURVEY-INGV",
      "catalog" : null,
      "latitude" : 43.0577,
      "event_id" : 46091512,
      "contributor" : null,
      "mag_type" : "ML",
      "event_location_name" : "6 km W Serravalle di Chienti (MC)",
      "magnitude" : 0.6,
      "time" : "2026-05-31 07:49:07Z",
      "mag_author" : null,
      "longitude" : 12.8765,
      "contributor_id" : null
    },
    "geometry" : {
      "type" : "Point",
      "coordinates" : [ 12.8765, 43.0577 ]
    },
    "id" : "46091512"
  }, {
    "type" : "Feature",
    "properties" : {
      "depth_km" : 15.0,
      "author" : "SURVEY-INGV",
      "catalog" : null,
      "latitude" : 43.4627,
      "event_id" : 46091472,
      "contributor" : null,
      "mag_type" : "ML",
      "event_location_name" : "3 km S Serra Sant'Abbondio (PU)",
      "magnitude" : 0.6,
      "time" : "2026-05-31 07:44:41Z",
      "mag_author" : null,
      "longitude" : 12.7688,
      "contributor_id" : null
    },
    "geometry" : {
      "type" : "Point",
      "coordinates" : [ 12.7688, 43.4627 ]
    },
    "id" : "46091472"
  }, {
    "type" : "Feature",
    "properties" : {
      "depth_km" : 10.5,
      "author" : "SURVEY-INGV",
      "catalog" : null,
      "latitude" : 42.7625,
      "event_id" : 46091152,
      "contributor" : null,
      "mag_type" : "ML",
      "event_location_name" : "5 km N Cascia (PG)",
      "magnitude" : 1.2,
      "time" : "2026-05-31 07:03:44Z",
      "mag_author" : null,
      "longitude" : 13.0132,
      "contributor_id" : null
    },
    "geometry" : {
      "type" : "Point",
      "coordinates" : [ 13.0132, 42.7625 ]
    },
    "id" : "46091152"
  }, {
    "type" : "Feature",
    "properties" : {
      "depth_km" : 6.8,
      "author" : "SURVEY-INGV",
      "catalog" : null,
      "latitude" : 38.1607,
      "event_id" : 46090402,
      "contributor" : null,
      "mag_type" : "ML",
      "event_location_name" : "Costa Siciliana nord-orientale (Messina)",
      "magnitude" : 1.6,
      "time" : "2026-05-31 05:20:58Z",
      "mag_author" : null,
      "longitude" : 15.1737,
      "contributor_id" : null
    },
    "geometry" : {
      "type" : "Point",
      "coordinates" : [ 15.1737, 38.1607 ]
    },
    "id" : "46090402"
  }, {
    "type" : "Feature",
    "properties" : {
      "depth_km" : 18.6,
      "author" : "SURVEY-INGV",
      "catalog" : null,
      "latitude" : 43.1398,
      "event_id" : 46090382,
      "contributor" : null,
      "mag_type" : "ML",
      "event_location_name" : "Camerino (MC)",
      "magnitude" : 0.4,
      "time" : "2026-05-31 05:08:51Z",
      "mag_author" : null,
      "longitude" : 13.0678,
      "contributor_id" : null
    },
    "geometry" : {
      "type" : "Point",
      "coordinates" : [ 13.0678, 43.1398 ]
    },
    "id" : "46090382"
  }, {
    "type" : "Feature",
    "properties" : {
      "depth_km" : 18.6,
      "author" : "SURVEY-INGV",
      "catalog" : null,
      "latitude" : 43.1398,
      "event_id" : 46090382,
      "contributor" : null,
      "mag_type" : "ML",
      "event_location_name" : "Camerino (MC)",
      "magnitude" : 0.4,
      "time" : "2026-05-31 05:08:51Z",
      "mag_author" : null,
      "longitude" : 13.0678,
      "contributor_id" : null
    },
    "geometry" : {
      "type" : "Point",
      "coordinates" : [ 13.0678, 43.1398 ]
    },
    "id" : "46090382"
  }, {
    "type" : "Feature",
    "properties" : {
      "depth_km" : 28.9,
      "author" : "SURVEY-INGV",
      "catalog" : null,
      "latitude" : 39.1948,
      "event_id" : 46090272,
      "contributor" : null,
      "mag_type" : "ML",
      "event_location_name" : "4 km E Rocca di Neto (KR)",
      "magnitude" : 1.9,
      "time" : "2026-05-31 04:44:04Z",
      "mag_author" : null,
      "longitude" : 17.0492,
      "contributor_id" : null
    },
    "geometry" : {
      "type" : "Point",
      "coordinates" : [ 17.0492, 39.1948 ]
    },
    "id" : "46090272"
  }, {
    "type" : "Feature",
    "properties" : {
      "depth_km" : 33.6,
      "author" : "SURVEY-INGV",
      "catalog" : null,
      "latitude" : 39.1737,
      "event_id" : 46090082,
      "contributor" : null,
      "mag_type" : "ML",
      "event_location_name" : "8 km E Rocca di Neto (KR)",
      "magnitude" : 1.2,
      "time" : "2026-05-31 04:15:23Z",
      "mag_author" : null,
      "longitude" : 17.0955,
      "contributor_id" : null
    },
    "geometry" : {
      "type" : "Point",
      "coordinates" : [ 17.0955, 39.1737 ]
    },
    "id" : "46090082"
  }, {
    "type" : "Feature",
    "properties" : {
      "depth_km" : 32.9,
      "author" : "SURVEY-INGV",
      "catalog" : null,
      "latitude" : 39.1817,
      "event_id" : 46090032,
      "contributor" : null,
      "mag_type" : "ML",
      "event_location_name" : "9 km E Rocca di Neto (KR)",
      "magnitude" : 1.8,
      "time" : "2026-05-31 04:08:02Z",
      "mag_author" : null,
      "longitude" : 17.1053,
      "contributor_id" : null
    },
    "geometry" : {
      "type" : "Point",
      "coordinates" : [ 17.1053, 39.1817 ]
    },
    "id" : "46090032"
  }, {
    "type" : "Feature",
    "properties" : {
      "depth_km" : 26.2,
      "author" : "SURVEY-INGV",
      "catalog" : null,
      "latitude" : 39.188,
      "event_id" : 46090012,
      "contributor" : null,
      "mag_type" : "ML",
      "event_location_name" : "5 km E Rocca di Neto (KR)",
      "magnitude" : 1.9,
      "time" : "2026-05-31 04:05:26Z",
      "mag_author" : null,
      "longitude" : 17.0592,
      "contributor_id" : null
    },
    "geometry" : {
      "type" : "Point",
      "coordinates" : [ 17.0592, 39.188 ]
    },
    "id" : "46090012"
  }, {
    "type" : "Feature",
    "properties" : {
      "depth_km" : 29.7,
      "author" : "SURVEY-INGV",
      "catalog" : null,
      "latitude" : 39.1843,
      "event_id" : 46089962,
      "contributor" : null,
      "mag_type" : "ML",
      "event_location_name" : "6 km E Rocca di Neto (KR)",
      "magnitude" : 2.4,
      "time" : "2026-05-31 04:04:25Z",
      "mag_author" : null,
      "longitude" : 17.0675,
      "contributor_id" : null
    },
    "geometry" : {
      "type" : "Point",
      "coordinates" : [ 17.0675, 39.1843 ]
    },
    "id" : "46089962"
  }, {
    "type" : "Feature",
    "properties" : {
      "depth_km" : 180.4,
      "author" : "SURVEY-INGV",
      "catalog" : null,
      "latitude" : 38.8435,
      "event_id" : 46089882,
      "contributor" : null,
      "mag_type" : "ML",
      "event_location_name" : "Tirreno Meridionale [Mare]",
      "magnitude" : 1.9,
      "time" : "2026-05-31 03:38:22Z",
      "mag_author" : null,
      "longitude" : 15.6697,
      "contributor_id" : null
    },
    "geometry" : {
      "type" : "Point",
      "coordinates" : [ 15.6697, 38.8435 ]
    },
    "id" : "46089882"
  }, {
    "type" : "Feature",
    "properties" : {
      "depth_km" : 123.0,
      "author" : "SURVEY-INGV",
      "catalog" : null,
      "latitude" : 38.2588,
      "event_id" : 46089682,
      "contributor" : null,
      "mag_type" : "ML",
      "event_location_name" : "Costa Siciliana nord-orientale (Messina)",
      "magnitude" : 2.7,
      "time" : "2026-05-31 02:54:14Z",
      "mag_author" : null,
      "longitude" : 15.087,
      "contributor_id" : null
    },
    "geometry" : {
      "type" : "Point",
      "coordinates" : [ 15.087, 38.2588 ]
    },
    "id" : "46089682"
  }, {
    "type" : "Feature",
    "properties" : {
      "depth_km" : 32.8,
      "author" : "SURVEY-INGV",
      "catalog" : null,
      "latitude" : 39.1715,
      "event_id" : 46089312,
      "contributor" : null,
      "mag_type" : "ML",
      "event_location_name" : "4 km SE Rocca di Neto (KR)",
      "magnitude" : 1.5,
      "time" : "2026-05-31 00:40:17Z",
      "mag_author" : null,
      "longitude" : 17.0333,
      "contributor_id" : null
    },
    "geometry" : {
      "type" : "Point",
      "coordinates" : [ 17.0333, 39.1715 ]
    },
    "id" : "46089312"
  }, {
    "type" : "Feature",
    "properties" : {
      "depth_km" : 30.8,
      "author" : "SURVEY-INGV",
      "catalog" : null,
      "latitude" : 44.0212,
      "event_id" : 46089162,
      "contributor" : null,
      "mag_type" : "ML",
      "event_location_name" : "4 km E Civitella di Romagna (FC)",
      "magnitude" : 1.4,
      "time" : "2026-05-30 23:53:30Z",
      "mag_author" : null,
      "longitude" : 11.9803,
      "contributor_id" : null
    },
    "geometry" : {
      "type" : "Point",
      "coordinates" : [ 11.9803, 44.0212 ]
    },
    "id" : "46089162"
  }, {
    "type" : "Feature",
    "properties" : {
      "depth_km" : 5.3,
      "author" : "SURVEY-INGV-CT#SeismPicker_SO-OE",
      "catalog" : null,
      "latitude" : 37.742,
      "event_id" : 46088922,
      "contributor" : null,
      "mag_type" : "ML",
      "event_location_name" : "3 km NW Milo (CT)",
      "magnitude" : 1.3,
      "time" : "2026-05-30 23:20:57Z",
      "mag_author" : null,
      "longitude" : 15.089,
      "contributor_id" : null
    },
    "geometry" : {
      "type" : "Point",
      "coordinates" : [ 15.089, 37.742 ]
    },
    "id" : "46088922"
  }, {
    "type" : "Feature",
    "properties" : {
      "depth_km" : 10.8,
      "author" : "SURVEY-INGV",
      "catalog" : null,
      "latitude" : 42.7672,
      "event_id" : 46088822,
      "contributor" : null,
      "mag_type" : "ML",
      "event_location_name" : "7 km W Arquata del Tronto (AP)",
      "magnitude" : 0.3,
      "time" : "2026-05-30 22:41:56Z",
      "mag_author" : null,
      "longitude" : 13.218,
      "contributor_id" : null
    },
    "geometry" : {
      "type" : "Point",
      "coordinates" : [ 13.218, 42.7672 ]
    },
    "id" : "46088822"
  }, {
    "type" : "Feature",
    "properties" : {
      "depth_km" : 6.1,
      "author" : "SURVEY-INGV",
      "catalog" : null,
      "latitude" : 38.0797,
      "event_id" : 46088712,
      "contributor" : null,
      "mag_type" : "ML",
      "event_location_name" : "2 km SE Librizzi (ME)",
      "magnitude" : 1.2,
      "time" : "2026-05-30 22:40:43Z",
      "mag_author" : null,
      "longitude" : 14.9737,
      "contributor_id" : null
    },
    "geometry" : {
      "type" : "Point",
      "coordinates" : [ 14.9737, 38.0797 ]
    },
    "id" : "46088712"
  }, {
    "type" : "Feature",
    "properties" : {
      "depth_km" : 8.5,
      "author" : "SURVEY-INGV",
      "catalog" : null,
      "latitude" : 44.4675,
      "event_id" : 46088552,
      "contributor" : null,
      "mag_type" : "ML",
      "event_location_name" : "2 km N Giusvalla (SV)",
      "magnitude" : 1.7,
      "time" : "2026-05-30 22:00:39Z",
      "mag_author" : null,
      "longitude" : 8.3937,
      "contributor_id" : null
    },
    "geometry" : {
      "type" : "Point",
      "coordinates" : [ 8.3937, 44.4675 ]
    },
    "id" : "46088552"
  }, {
    "type" : "Feature",
    "properties" : {
      "depth_km" : 8.5,
      "author" : "SURVEY-INGV",
      "catalog" : null,
      "latitude" : 44.502,
      "event_id" : 46088522,
      "contributor" : null,
      "mag_type" : "ML",
      "event_location_name" : "1 km W Bedonia (PR)",
      "magnitude" : 1.6,
      "time" : "2026-05-30 21:55:26Z",
      "mag_author" : null,
      "longitude" : 9.6147,
      "contributor_id" : null
    },
    "geometry" : {
      "type" : "Point",
      "coordinates" : [ 9.6147, 44.502 ]
    },
    "id" : "46088522"
  }, {
    "type" : "Feature",
    "properties" : {
      "depth_km" : 14.844,
      "author" : "SURVEY-INGV-A",
      "catalog" : null,
      "latitude" : 11.8336,
      "event_id" : 46088452,
      "contributor" : null,
      "mag_type" : "Mwp",
      "event_location_name" : "Barbados [Sea]",
      "magnitude" : 5.5,
      "time" : "2026-05-30 21:27:24Z",
      "mag_author" : null,
      "longitude" : -59.182,
      "contributor_id" : null
    },
    "geometry" : {
      "type" : "Point",
      "coordinates" : [ -59.182, 11.8336 ]
    },
    "id" : "46088452"
  }, {
    "type" : "Feature",
    "properties" : {
      "depth_km" : 7.6,
      "author" : "SURVEY-INGV",
      "catalog" : null,
      "latitude" : 42.1845,
      "event_id" : 46088312,
      "contributor" : null,
      "mag_type" : "ML",
      "event_location_name" : "2 km SE Borgorose (RI)",
      "magnitude" : 1.1,
      "time" : "2026-05-30 21:14:01Z",
      "mag_author" : null,
      "longitude" : 13.249,
      "contributor_id" : null
    },
    "geometry" : {
      "type" : "Point",
      "coordinates" : [ 13.249, 42.1845 ]
    },
    "id" : "46088312"
  }, {
    "type" : "Feature",
    "properties" : {
      "depth_km" : 10.4,
      "author" : "SURVEY-INGV",
      "catalog" : null,
      "latitude" : 42.7927,
      "event_id" : 46088242,
      "contributor" : null,
      "mag_type" : "ML",
      "event_location_name" : "1 km E Norcia (PG)",
      "magnitude" : 0.5,
      "time" : "2026-05-30 21:00:15Z",
      "mag_author" : null,
      "longitude" : 13.112,
      "contributor_id" : null
    },
    "geometry" : {
      "type" : "Point",
      "coordinates" : [ 13.112, 42.7927 ]
    },
    "id" : "46088242"
  }, {
    "type" : "Feature",
    "properties" : {
      "depth_km" : 9.8,
      "author" : "SURVEY-INGV",
      "catalog" : null,
      "latitude" : 38.312,
      "event_id" : 46088212,
      "contributor" : null,
      "mag_type" : "ML",
      "event_location_name" : "Costa Siciliana nord-orientale (Messina)",
      "magnitude" : 0.7,
      "time" : "2026-05-30 20:53:00Z",
      "mag_author" : null,
      "longitude" : 15.4108,
      "contributor_id" : null
    },
    "geometry" : {
      "type" : "Point",
      "coordinates" : [ 15.4108, 38.312 ]
    },
    "id" : "46088212"
  }, {
    "type" : "Feature",
    "properties" : {
      "depth_km" : 12.9,
      "author" : "SURVEY-INGV",
      "catalog" : null,
      "latitude" : 43.0238,
      "event_id" : 46088122,
      "contributor" : null,
      "mag_type" : "ML",
      "event_location_name" : "3 km N Monte Cavallo (MC)",
      "magnitude" : 0.5,
      "time" : "2026-05-30 20:07:18Z",
      "mag_author" : null,
      "longitude" : 13.0003,
      "contributor_id" : null
    },
    "geometry" : {
      "type" : "Point",
      "coordinates" : [ 13.0003, 43.0238 ]
    },
    "id" : "46088122"
  }, {
    "type" : "Feature",
    "properties" : {
      "depth_km" : 12.0,
      "author" : "SURVEY-INGV",
      "catalog" : null,
      "latitude" : 42.1668,
      "event_id" : 46088072,
      "contributor" : null,
      "mag_type" : "ML",
      "event_location_name" : "3 km SE San Benedetto in Perillis (AQ)",
      "magnitude" : 1.2,
      "time" : "2026-05-30 19:55:47Z",
      "mag_author" : null,
      "longitude" : 13.7927,
      "contributor_id" : null
    },
    "geometry" : {
      "type" : "Point",
      "coordinates" : [ 13.7927, 42.1668 ]
    },
    "id" : "46088072"
  }, {
    "type" : "Feature",
    "properties" : {
      "depth_km" : 12.5,
      "author" : "SURVEY-INGV",
      "catalog" : null,
      "latitude" : 42.9922,
      "event_id" : 46088002,
      "contributor" : null,
      "mag_type" : "ML",
      "event_location_name" : "4 km E Monte Cavallo (MC)",
      "magnitude" : 0.7,
      "time" : "2026-05-30 19:35:59Z",
      "mag_author" : null,
      "longitude" : 13.0567,
      "contributor_id" : null
    },
    "geometry" : {
      "type" : "Point",
      "coordinates" : [ 13.0567, 42.9922 ]
    },
    "id" : "46088002"
  }, {
    "type" : "Feature",
    "properties" : {
      "depth_km" : 16.1,
      "author" : "SURVEY-INGV",
      "catalog" : null,
      "latitude" : 42.5497,
      "event_id" : 46087802,
      "contributor" : null,
      "mag_type" : "ML",
      "event_location_name" : "3 km E Campotosto (AQ)",
      "magnitude" : 0.8,
      "time" : "2026-05-30 18:42:55Z",
      "mag_author" : null,
      "longitude" : 13.4105,
      "contributor_id" : null
    },
    "geometry" : {
      "type" : "Point",
      "coordinates" : [ 13.4105, 42.5497 ]
    },
    "id" : "46087802"
  }, {
    "type" : "Feature",
    "properties" : {
      "depth_km" : 11.3,
      "author" : "SURVEY-INGV",
      "catalog" : null,
      "latitude" : 42.9113,
      "event_id" : 46087382,
      "contributor" : null,
      "mag_type" : "ML",
      "event_location_name" : "4 km NW Preci (PG)",
      "magnitude" : 1.1,
      "time" : "2026-05-30 17:28:03Z",
      "mag_author" : null,
      "longitude" : 13.0112,
      "contributor_id" : null
    },
    "geometry" : {
      "type" : "Point",
      "coordinates" : [ 13.0112, 42.9113 ]
    },
    "id" : "46087382"
  }, {
    "type" : "Feature",
    "properties" : {
      "depth_km" : 6.8,
      "author" : "SURVEY-INGV",
      "catalog" : null,
      "latitude" : 43.5063,
      "event_id" : 46087022,
      "contributor" : null,
      "mag_type" : "ML",
      "event_location_name" : "6 km S Apecchio (PU)",
      "magnitude" : 0.8,
      "time" : "2026-05-30 16:29:17Z",
      "mag_author" : null,
      "longitude" : 12.4212,
      "contributor_id" : null
    },
    "geometry" : {
      "type" : "Point",
      "coordinates" : [ 12.4212, 43.5063 ]
    },
    "id" : "46087022"
  }, {
    "type" : "Feature",
    "properties" : {
      "depth_km" : 6.6,
      "author" : "SURVEY-INGV",
      "catalog" : null,
      "latitude" : 43.5053,
      "event_id" : 46086962,
      "contributor" : null,
      "mag_type" : "ML",
      "event_location_name" : "6 km S Apecchio (PU)",
      "magnitude" : 0.7,
      "time" : "2026-05-30 16:14:10Z",
      "mag_author" : null,
      "longitude" : 12.4183,
      "contributor_id" : null
    },
    "geometry" : {
      "type" : "Point",
      "coordinates" : [ 12.4183, 43.5053 ]
    },
    "id" : "46086962"
  }, {
    "type" : "Feature",
    "properties" : {
      "depth_km" : 11.9,
      "author" : "SURVEY-INGV",
      "catalog" : null,
      "latitude" : 42.9722,
      "event_id" : 46086812,
      "contributor" : null,
      "mag_type" : "ML",
      "event_location_name" : "5 km N Visso (MC)",
      "magnitude" : 1.0,
      "time" : "2026-05-30 16:09:52Z",
      "mag_author" : null,
      "longitude" : 13.0797,
      "contributor_id" : null
    },
    "geometry" : {
      "type" : "Point",
      "coordinates" : [ 13.0797, 42.9722 ]
    },
    "id" : "46086812"
  }, {
    "type" : "Feature",
    "properties" : {
      "depth_km" : 10.9,
      "author" : "SURVEY-INGV",
      "catalog" : null,
      "latitude" : 42.9742,
      "event_id" : 46086652,
      "contributor" : null,
      "mag_type" : "ML",
      "event_location_name" : "5 km N Visso (MC)",
      "magnitude" : 1.2,
      "time" : "2026-05-30 15:55:32Z",
      "mag_author" : null,
      "longitude" : 13.0742,
      "contributor_id" : null
    },
    "geometry" : {
      "type" : "Point",
      "coordinates" : [ 13.0742, 42.9742 ]
    },
    "id" : "46086652"
  }, {
    "type" : "Feature",
    "properties" : {
      "depth_km" : 11.5,
      "author" : "SURVEY-INGV",
      "catalog" : null,
      "latitude" : 42.9733,
      "event_id" : 46086612,
      "contributor" : null,
      "mag_type" : "ML",
      "event_location_name" : "5 km NW Visso (MC)",
      "magnitude" : 1.1,
      "time" : "2026-05-30 15:53:20Z",
      "mag_author" : null,
      "longitude" : 13.0717,
      "contributor_id" : null
    },
    "geometry" : {
      "type" : "Point",
      "coordinates" : [ 13.0717, 42.9733 ]
    },
    "id" : "46086612"
  }, {
    "type" : "Feature",
    "properties" : {
      "depth_km" : 23.2,
      "author" : "SURVEY-INGV",
      "catalog" : null,
      "latitude" : 40.5413,
      "event_id" : 46086532,
      "contributor" : null,
      "mag_type" : "ML",
      "event_location_name" : "2 km NW Castelmezzano (PZ)",
      "magnitude" : 2.1,
      "time" : "2026-05-30 15:50:30Z",
      "mag_author" : null,
      "longitude" : 16.0323,
      "contributor_id" : null
    },
    "geometry" : {
      "type" : "Point",
      "coordinates" : [ 16.0323, 40.5413 ]
    },
    "id" : "46086532"
  }, {
    "type" : "Feature",
    "properties" : {
      "depth_km" : 10.6,
      "author" : "SURVEY-INGV",
      "catalog" : null,
      "latitude" : 45.8872,
      "event_id" : 46085872,
      "contributor" : null,
      "mag_type" : "ML",
      "event_location_name" : "1 km SE Borgo Chiese (TN)",
      "magnitude" : 1.2,
      "time" : "2026-05-30 14:07:18Z",
      "mag_author" : null,
      "longitude" : 10.6077,
      "contributor_id" : null
    },
    "geometry" : {
      "type" : "Point",
      "coordinates" : [ 10.6077, 45.8872 ]
    },
    "id" : "46085872"
  }, {
    "type" : "Feature",
    "properties" : {
      "depth_km" : 10.6,
      "author" : "SURVEY-INGV",
      "catalog" : null,
      "latitude" : 45.8872,
      "event_id" : 46085872,
      "contributor" : null,
      "mag_type" : "ML",
      "event_location_name" : "1 km SE Borgo Chiese (TN)",
      "magnitude" : 1.2,
      "time" : "2026-05-30 14:07:18Z",
      "mag_author" : null,
      "longitude" : 10.6077,
      "contributor_id" : null
    },
    "geometry" : {
      "type" : "Point",
      "coordinates" : [ 10.6077, 45.8872 ]
    },
    "id" : "46085872"
  }, {
    "type" : "Feature",
    "properties" : {
      "depth_km" : 8.6,
      "author" : "SURVEY-INGV",
      "catalog" : null,
      "latitude" : 38.3183,
      "event_id" : 46085592,
      "contributor" : null,
      "mag_type" : "ML",
      "event_location_name" : "Costa Siciliana nord-orientale (Messina)",
      "magnitude" : 1.9,
      "time" : "2026-05-30 13:20:23Z",
      "mag_author" : null,
      "longitude" : 15.4207,
      "contributor_id" : null
    },
    "geometry" : {
      "type" : "Point",
      "coordinates" : [ 15.4207, 38.3183 ]
    },
    "id" : "46085592"
  }, {
    "type" : "Feature",
    "properties" : {
      "depth_km" : 8.6,
      "author" : "SURVEY-INGV",
      "catalog" : null,
      "latitude" : 38.3183,
      "event_id" : 46085592,
      "contributor" : null,
      "mag_type" : "ML",
      "event_location_name" : "Costa Siciliana nord-orientale (Messina)",
      "magnitude" : 1.9,
      "time" : "2026-05-30 13:20:23Z",
      "mag_author" : null,
      "longitude" : 15.4207,
      "contributor_id" : null
    },
    "geometry" : {
      "type" : "Point",
      "coordinates" : [ 15.4207, 38.3183 ]
    },
    "id" : "46085592"
  }, {
    "type" : "Feature",
    "properties" : {
      "depth_km" : 6.9,
      "author" : "SURVEY-INGV",
      "catalog" : null,
      "latitude" : 38.0813,
      "event_id" : 46085412,
      "contributor" : null,
      "mag_type" : "ML",
      "event_location_name" : "2 km SE Librizzi (ME)",
      "magnitude" : 1.6,
      "time" : "2026-05-30 12:50:30Z",
      "mag_author" : null,
      "longitude" : 14.9767,
      "contributor_id" : null
    },
    "geometry" : {
      "type" : "Point",
      "coordinates" : [ 14.9767, 38.0813 ]
    },
    "id" : "46085412"
  }, {
    "type" : "Feature",
    "properties" : {
      "depth_km" : 8.5,
      "author" : "SURVEY-INGV",
      "catalog" : null,
      "latitude" : 38.0827,
      "event_id" : 46085272,
      "contributor" : null,
      "mag_type" : "ML",
      "event_location_name" : "2 km SE Librizzi (ME)",
      "magnitude" : 0.9,
      "time" : "2026-05-30 12:35:31Z",
      "mag_author" : null,
      "longitude" : 14.9735,
      "contributor_id" : null
    },
    "geometry" : {
      "type" : "Point",
      "coordinates" : [ 14.9735, 38.0827 ]
    },
    "id" : "46085272"
  }, {
    "type" : "Feature",
    "properties" : {
      "depth_km" : 112.5,
      "author" : "SURVEY-INGV",
      "catalog" : null,
      "latitude" : 38.3978,
      "event_id" : 46085092,
      "contributor" : null,
      "mag_type" : "ML",
      "event_location_name" : "Costa Siciliana nord-orientale (Messina)",
      "magnitude" : 2.4,
      "time" : "2026-05-30 12:12:26Z",
      "mag_author" : null,
      "longitude" : 15.4015,
      "contributor_id" : null
    },
    "geometry" : {
      "type" : "Point",
      "coordinates" : [ 15.4015, 38.3978 ]
    },
    "id" : "46085092"
  }, {
    "type" : "Feature",
    "properties" : {
      "depth_km" : 8.6,
      "author" : "SURVEY-INGV",
      "catalog" : null,
      "latitude" : 38.0757,
      "event_id" : 46084932,
      "contributor" : null,
      "mag_type" : "ML",
      "event_location_name" : "3 km N San Piero Patti (ME)",
      "magnitude" : 0.7,
      "time" : "2026-05-30 12:06:24Z",
      "mag_author" : null,
      "longitude" : 14.9737,
      "contributor_id" : null
    },
    "geometry" : {
      "type" : "Point",
      "coordinates" : [ 14.9737, 38.0757 ]
    },
    "id" : "46084932"
  }, {
    "type" : "Feature",
    "properties" : {
      "depth_km" : 7.1,
      "author" : "SURVEY-INGV",
      "catalog" : null,
      "latitude" : 38.0778,
      "event_id" : 46084842,
      "contributor" : null,
      "mag_type" : "ML",
      "event_location_name" : "3 km SE Librizzi (ME)",
      "magnitude" : 1.3,
      "time" : "2026-05-30 11:55:11Z",
      "mag_author" : null,
      "longitude" : 14.9742,
      "contributor_id" : null
    },
    "geometry" : {
      "type" : "Point",
      "coordinates" : [ 14.9742, 38.0778 ]
    },
    "id" : "46084842"
  }, {
    "type" : "Feature",
    "properties" : {
      "depth_km" : 5.8,
      "author" : "SURVEY-INGV",
      "catalog" : null,
      "latitude" : 38.0785,
      "event_id" : 46084752,
      "contributor" : null,
      "mag_type" : "ML",
      "event_location_name" : "3 km SE Librizzi (ME)",
      "magnitude" : 1.5,
      "time" : "2026-05-30 11:47:03Z",
      "mag_author" : null,
      "longitude" : 14.9762,
      "contributor_id" : null
    },
    "geometry" : {
      "type" : "Point",
      "coordinates" : [ 14.9762, 38.0785 ]
    },
    "id" : "46084752"
  }, {
    "type" : "Feature",
    "properties" : {
      "depth_km" : 4.1,
      "author" : "SURVEY-INGV",
      "catalog" : null,
      "latitude" : 43.0133,
      "event_id" : 46084702,
      "contributor" : null,
      "mag_type" : "ML",
      "event_location_name" : "2 km N Monte Cavallo (MC)",
      "magnitude" : 0.7,
      "time" : "2026-05-30 11:44:56Z",
      "mag_author" : null,
      "longitude" : 13.0095,
      "contributor_id" : null
    },
    "geometry" : {
      "type" : "Point",
      "coordinates" : [ 13.0095, 43.0133 ]
    },
    "id" : "46084702"
  }, {
    "type" : "Feature",
    "properties" : {
      "depth_km" : 10.3,
      "author" : "SURVEY-INGV",
      "catalog" : null,
      "latitude" : 42.9298,
      "event_id" : 46084442,
      "contributor" : null,
      "mag_type" : "ML",
      "event_location_name" : "5 km NE Sellano (PG)",
      "magnitude" : 0.6,
      "time" : "2026-05-30 11:14:32Z",
      "mag_author" : null,
      "longitude" : 12.955,
      "contributor_id" : null
    },
    "geometry" : {
      "type" : "Point",
      "coordinates" : [ 12.955, 42.9298 ]
    },
    "id" : "46084442"
  }, {
    "type" : "Feature",
    "properties" : {
      "depth_km" : 8.5,
      "author" : "SURVEY-INGV",
      "catalog" : null,
      "latitude" : 42.705,
      "event_id" : 46084202,
      "contributor" : null,
      "mag_type" : "ML",
      "event_location_name" : "4 km SW Spoleto (PG)",
      "magnitude" : 1.6,
      "time" : "2026-05-30 10:59:33Z",
      "mag_author" : null,
      "longitude" : 12.7132,
      "contributor_id" : null
    },
    "geometry" : {
      "type" : "Point",
      "coordinates" : [ 12.7132, 42.705 ]
    },
    "id" : "46084202"
  }, {
    "type" : "Feature",
    "properties" : {
      "depth_km" : 8.5,
      "author" : "SURVEY-INGV",
      "catalog" : null,
      "latitude" : 42.705,
      "event_id" : 46084202,
      "contributor" : null,
      "mag_type" : "ML",
      "event_location_name" : "4 km SW Spoleto (PG)",
      "magnitude" : 1.6,
      "time" : "2026-05-30 10:59:33Z",
      "mag_author" : null,
      "longitude" : 12.7132,
      "contributor_id" : null
    },
    "geometry" : {
      "type" : "Point",
      "coordinates" : [ 12.7132, 42.705 ]
    },
    "id" : "46084202"
  }, {
    "type" : "Feature",
    "properties" : {
      "depth_km" : 7.9,
      "author" : "SURVEY-INGV",
      "catalog" : null,
      "latitude" : 38.0735,
      "event_id" : 46083852,
      "contributor" : null,
      "mag_type" : "ML",
      "event_location_name" : "2 km N San Piero Patti (ME)",
      "magnitude" : 1.4,
      "time" : "2026-05-30 10:30:01Z",
      "mag_author" : null,
      "longitude" : 14.9707,
      "contributor_id" : null
    },
    "geometry" : {
      "type" : "Point",
      "coordinates" : [ 14.9707, 38.0735 ]
    },
    "id" : "46083852"
  }, {
    "type" : "Feature",
    "properties" : {
      "depth_km" : 8.5,
      "author" : "SURVEY-INGV",
      "catalog" : null,
      "latitude" : 38.0742,
      "event_id" : 46083642,
      "contributor" : null,
      "mag_type" : "ML",
      "event_location_name" : "3 km NE San Piero Patti (ME)",
      "magnitude" : 1.8,
      "time" : "2026-05-30 10:10:22Z",
      "mag_author" : null,
      "longitude" : 14.9772,
      "contributor_id" : null
    },
    "geometry" : {
      "type" : "Point",
      "coordinates" : [ 14.9772, 38.0742 ]
    },
    "id" : "46083642"
  }, {
    "type" : "Feature",
    "properties" : {
      "depth_km" : 7.5,
      "author" : "SURVEY-INGV",
      "catalog" : null,
      "latitude" : 38.0797,
      "event_id" : 46083602,
      "contributor" : null,
      "mag_type" : "ML",
      "event_location_name" : "3 km SE Librizzi (ME)",
      "magnitude" : 3.1,
      "time" : "2026-05-30 10:08:45Z",
      "mag_author" : null,
      "longitude" : 14.9778,
      "contributor_id" : null
    },
    "geometry" : {
      "type" : "Point",
      "coordinates" : [ 14.9778, 38.0797 ]
    },
    "id" : "46083602"
  }, {
    "type" : "Feature",
    "properties" : {
      "depth_km" : 5.0,
      "author" : "SURVEY-INGV",
      "catalog" : null,
      "latitude" : 43.0108,
      "event_id" : 46083412,
      "contributor" : null,
      "mag_type" : "ML",
      "event_location_name" : "4 km SW Fiastra (MC)",
      "magnitude" : 0.7,
      "time" : "2026-05-30 09:51:51Z",
      "mag_author" : null,
      "longitude" : 13.1307,
      "contributor_id" : null
    },
    "geometry" : {
      "type" : "Point",
      "coordinates" : [ 13.1307, 43.0108 ]
    },
    "id" : "46083412"
  }, {
    "type" : "Feature",
    "properties" : {
      "depth_km" : 10.6,
      "author" : "SURVEY-INGV",
      "catalog" : null,
      "latitude" : 42.9052,
      "event_id" : 46083152,
      "contributor" : null,
      "mag_type" : "ML",
      "event_location_name" : "3 km NW Preci (PG)",
      "magnitude" : 1.1,
      "time" : "2026-05-30 09:27:50Z",
      "mag_author" : null,
      "longitude" : 13.0252,
      "contributor_id" : null
    },
    "geometry" : {
      "type" : "Point",
      "coordinates" : [ 13.0252, 42.9052 ]
    },
    "id" : "46083152"
  }, {
    "type" : "Feature",
    "properties" : {
      "depth_km" : 10.0,
      "author" : "SURVEY-INGV",
      "catalog" : null,
      "latitude" : 43.38,
      "event_id" : 46083052,
      "contributor" : null,
      "mag_type" : "ML",
      "event_location_name" : "7 km S Pietralunga (PG)",
      "magnitude" : 0.8,
      "time" : "2026-05-30 09:18:00Z",
      "mag_author" : null,
      "longitude" : 12.4518,
      "contributor_id" : null
    },
    "geometry" : {
      "type" : "Point",
      "coordinates" : [ 12.4518, 43.38 ]
    },
    "id" : "46083052"
  }, {
    "type" : "Feature",
    "properties" : {
      "depth_km" : 0.2,
      "author" : "SURVEY-INGV",
      "catalog" : null,
      "latitude" : 43.0152,
      "event_id" : 46082742,
      "contributor" : null,
      "mag_type" : "ML",
      "event_location_name" : "3 km SW Fiastra (MC)",
      "magnitude" : 0.7,
      "time" : "2026-05-30 09:06:23Z",
      "mag_author" : null,
      "longitude" : 13.1328,
      "contributor_id" : null
    },
    "geometry" : {
      "type" : "Point",
      "coordinates" : [ 13.1328, 43.0152 ]
    },
    "id" : "46082742"
  }, {
    "type" : "Feature",
    "properties" : {
      "depth_km" : 10.3,
      "author" : "SURVEY-INGV",
      "catalog" : null,
      "latitude" : 43.0902,
      "event_id" : 46082632,
      "contributor" : null,
      "mag_type" : "ML",
      "event_location_name" : "2 km W Muccia (MC)",
      "magnitude" : 1.0,
      "time" : "2026-05-30 09:00:26Z",
      "mag_author" : null,
      "longitude" : 13.0263,
      "contributor_id" : null
    },
    "geometry" : {
      "type" : "Point",
      "coordinates" : [ 13.0263, 43.0902 ]
    },
    "id" : "46082632"
  }, {
    "type" : "Feature",
    "properties" : {
      "depth_km" : 170.1,
      "author" : "SURVEY-INGV",
      "catalog" : null,
      "latitude" : 38.8002,
      "event_id" : 46081852,
      "contributor" : null,
      "mag_type" : "ML",
      "event_location_name" : "Tirreno Meridionale [Mare]",
      "magnitude" : 2.1,
      "time" : "2026-05-30 07:54:11Z",
      "mag_author" : null,
      "longitude" : 15.6422,
      "contributor_id" : null
    },
    "geometry" : {
      "type" : "Point",
      "coordinates" : [ 15.6422, 38.8002 ]
    },
    "id" : "46081852"
  }, {
    "type" : "Feature",
    "properties" : {
      "depth_km" : 9.6,
      "author" : "SURVEY-INGV",
      "catalog" : null,
      "latitude" : 43.6058,
      "event_id" : 46080782,
      "contributor" : null,
      "mag_type" : "ML",
      "event_location_name" : "5 km NW Sansepolcro (AR)",
      "magnitude" : 0.6,
      "time" : "2026-05-30 05:56:13Z",
      "mag_author" : null,
      "longitude" : 12.1057,
      "contributor_id" : null
    },
    "geometry" : {
      "type" : "Point",
      "coordinates" : [ 12.1057, 43.6058 ]
    },
    "id" : "46080782"
  }, {
    "type" : "Feature",
    "properties" : {
      "depth_km" : 6.7,
      "author" : "SURVEY-INGV",
      "catalog" : null,
      "latitude" : 46.0845,
      "event_id" : 46080382,
      "contributor" : null,
      "mag_type" : "ML",
      "event_location_name" : "Slovenia (SLOVENIA)",
      "magnitude" : 2.3,
      "time" : "2026-05-30 05:06:29Z",
      "mag_author" : null,
      "longitude" : 14.1012,
      "contributor_id" : null
    },
    "geometry" : {
      "type" : "Point",
      "coordinates" : [ 14.1012, 46.0845 ]
    },
    "id" : "46080382"
  }, {
    "type" : "Feature",
    "properties" : {
      "depth_km" : 9.6,
      "author" : "SURVEY-INGV",
      "catalog" : null,
      "latitude" : 42.1193,
      "event_id" : 46080342,
      "contributor" : null,
      "mag_type" : "ML",
      "event_location_name" : "5 km NW Magliano de' Marsi (AQ)",
      "magnitude" : 1.5,
      "time" : "2026-05-30 04:58:32Z",
      "mag_author" : null,
      "longitude" : 13.3192,
      "contributor_id" : null
    },
    "geometry" : {
      "type" : "Point",
      "coordinates" : [ 13.3192, 42.1193 ]
    },
    "id" : "46080342"
  }, {
    "type" : "Feature",
    "properties" : {
      "depth_km" : 8.2,
      "author" : "SURVEY-INGV",
      "catalog" : null,
      "latitude" : 46.3552,
      "event_id" : 46080262,
      "contributor" : null,
      "mag_type" : "ML",
      "event_location_name" : "2 km SW Resia (UD)",
      "magnitude" : 0.8,
      "time" : "2026-05-30 04:44:04Z",
      "mag_author" : null,
      "longitude" : 13.2933,
      "contributor_id" : null
    },
    "geometry" : {
      "type" : "Point",
      "coordinates" : [ 13.2933, 46.3552 ]
    },
    "id" : "46080262"
  }, {
    "type" : "Feature",
    "properties" : {
      "depth_km" : 9.4,
      "author" : "SURVEY-INGV",
      "catalog" : null,
      "latitude" : 46.692,
      "event_id" : 46080012,
      "contributor" : null,
      "mag_type" : "ML",
      "event_location_name" : "Confine Italia-Austria (AUSTRIA)",
      "magnitude" : 1.0,
      "time" : "2026-05-30 04:20:33Z",
      "mag_author" : null,
      "longitude" : 12.5807,
      "contributor_id" : null
    },
    "geometry" : {
      "type" : "Point",
      "coordinates" : [ 12.5807, 46.692 ]
    },
    "id" : "46080012"
  }, {
    "type" : "Feature",
    "properties" : {
      "depth_km" : 19.16,
      "author" : "SURVEY-INGV-CT#SeismPicker_SO-OE",
      "catalog" : null,
      "latitude" : 37.821,
      "event_id" : 46079962,
      "contributor" : null,
      "mag_type" : "ML",
      "event_location_name" : "7 km S Randazzo (CT)",
      "magnitude" : 1.7,
      "time" : "2026-05-30 03:59:05Z",
      "mag_author" : null,
      "longitude" : 14.968,
      "contributor_id" : null
    },
    "geometry" : {
      "type" : "Point",
      "coordinates" : [ 14.968, 37.821 ]
    },
    "id" : "46079962"
  }, {
    "type" : "Feature",
    "properties" : {
      "depth_km" : 15.27,
      "author" : "SURVEY-INGV-CT#SeismPicker_SO-OE",
      "catalog" : null,
      "latitude" : 37.865,
      "event_id" : 46079972,
      "contributor" : null,
      "mag_type" : "ML",
      "event_location_name" : "4 km E Randazzo (CT)",
      "magnitude" : 1.4,
      "time" : "2026-05-30 03:58:15Z",
      "mag_author" : null,
      "longitude" : 14.988,
      "contributor_id" : null
    },
    "geometry" : {
      "type" : "Point",
      "coordinates" : [ 14.988, 37.865 ]
    },
    "id" : "46079972"
  }, {
    "type" : "Feature",
    "properties" : {
      "depth_km" : 23.0,
      "author" : "SURVEY-INGV",
      "catalog" : null,
      "latitude" : 43.7732,
      "event_id" : 46079742,
      "contributor" : null,
      "mag_type" : "ML",
      "event_location_name" : "Costa Marchigiana Anconetana (Ancona)",
      "magnitude" : 1.0,
      "time" : "2026-05-30 03:31:18Z",
      "mag_author" : null,
      "longitude" : 13.2042,
      "contributor_id" : null
    },
    "geometry" : {
      "type" : "Point",
      "coordinates" : [ 13.2042, 43.7732 ]
    },
    "id" : "46079742"
  }, {
    "type" : "Feature",
    "properties" : {
      "depth_km" : 9.7,
      "author" : "SURVEY-INGV",
      "catalog" : null,
      "latitude" : 38.5652,
      "event_id" : 46079672,
      "contributor" : null,
      "mag_type" : "ML",
      "event_location_name" : "Isole Eolie (Messina)",
      "magnitude" : 1.6,
      "time" : "2026-05-30 03:02:55Z",
      "mag_author" : null,
      "longitude" : 14.2293,
      "contributor_id" : null
    },
    "geometry" : {
      "type" : "Point",
      "coordinates" : [ 14.2293, 38.5652 ]
    },
    "id" : "46079672"
  }, {
    "type" : "Feature",
    "properties" : {
      "depth_km" : 21.58,
      "author" : "SURVEY-INGV-CT#SeismPicker_SO-OE",
      "catalog" : null,
      "latitude" : 37.834,
      "event_id" : 46079652,
      "contributor" : null,
      "mag_type" : "ML",
      "event_location_name" : "6 km SE Randazzo (CT)",
      "magnitude" : 1.9,
      "time" : "2026-05-30 02:36:01Z",
      "mag_author" : null,
      "longitude" : 14.98,
      "contributor_id" : null
    },
    "geometry" : {
      "type" : "Point",
      "coordinates" : [ 14.98, 37.834 ]
    },
    "id" : "46079652"
  }, {
    "type" : "Feature",
    "properties" : {
      "depth_km" : 22.28,
      "author" : "SURVEY-INGV-CT#SeismPicker_SO-OE",
      "catalog" : null,
      "latitude" : 37.82,
      "event_id" : 46079582,
      "contributor" : null,
      "mag_type" : "ML",
      "event_location_name" : "7 km S Randazzo (CT)",
      "magnitude" : 1.5,
      "time" : "2026-05-30 01:49:31Z",
      "mag_author" : null,
      "longitude" : 14.956,
      "contributor_id" : null
    },
    "geometry" : {
      "type" : "Point",
      "coordinates" : [ 14.956, 37.82 ]
    },
    "id" : "46079582"
  }, {
    "type" : "Feature",
    "properties" : {
      "depth_km" : 3.9,
      "author" : "SURVEY-INGV",
      "catalog" : null,
      "latitude" : 38.3962,
      "event_id" : 46079502,
      "contributor" : null,
      "mag_type" : "ML",
      "event_location_name" : "Costa Siciliana nord-orientale (Messina)",
      "magnitude" : 1.7,
      "time" : "2026-05-30 01:48:47Z",
      "mag_author" : null,
      "longitude" : 14.453,
      "contributor_id" : null
    },
    "geometry" : {
      "type" : "Point",
      "coordinates" : [ 14.453, 38.3962 ]
    },
    "id" : "46079502"
  }, {
    "type" : "Feature",
    "properties" : {
      "depth_km" : 19.53,
      "author" : "SURVEY-INGV-CT#SeismPicker_SO-OE",
      "catalog" : null,
      "latitude" : 37.838,
      "event_id" : 46079442,
      "contributor" : null,
      "mag_type" : "ML",
      "event_location_name" : "5 km SE Randazzo (CT)",
      "magnitude" : 1.2,
      "time" : "2026-05-30 01:46:48Z",
      "mag_author" : null,
      "longitude" : 14.975,
      "contributor_id" : null
    },
    "geometry" : {
      "type" : "Point",
      "coordinates" : [ 14.975, 37.838 ]
    },
    "id" : "46079442"
  }, {
    "type" : "Feature",
    "properties" : {
      "depth_km" : 29.1,
      "author" : "SURVEY-INGV",
      "catalog" : null,
      "latitude" : 41.4108,
      "event_id" : 46079322,
      "contributor" : null,
      "mag_type" : "ML",
      "event_location_name" : "2 km E Mignano Monte Lungo (CE)",
      "magnitude" : 1.9,
      "time" : "2026-05-30 01:12:16Z",
      "mag_author" : null,
      "longitude" : 14.0138,
      "contributor_id" : null
    },
    "geometry" : {
      "type" : "Point",
      "coordinates" : [ 14.0138, 41.4108 ]
    },
    "id" : "46079322"
  }, {
    "type" : "Feature",
    "properties" : {
      "depth_km" : 7.0,
      "author" : "SURVEY-INGV",
      "catalog" : null,
      "latitude" : 42.8648,
      "event_id" : 46079302,
      "contributor" : null,
      "mag_type" : "ML",
      "event_location_name" : "5 km SE Castelsantangelo sul Nera (MC)",
      "magnitude" : 1.1,
      "time" : "2026-05-30 00:59:25Z",
      "mag_author" : null,
      "longitude" : 13.1923,
      "contributor_id" : null
    },
    "geometry" : {
      "type" : "Point",
      "coordinates" : [ 13.1923, 42.8648 ]
    },
    "id" : "46079302"
  }, {
    "type" : "Feature",
    "properties" : {
      "depth_km" : 11.0,
      "author" : "SURVEY-INGV",
      "catalog" : null,
      "latitude" : 42.8845,
      "event_id" : 46079252,
      "contributor" : null,
      "mag_type" : "ML",
      "event_location_name" : "2 km E Sellano (PG)",
      "magnitude" : 0.8,
      "time" : "2026-05-30 00:22:49Z",
      "mag_author" : null,
      "longitude" : 12.9577,
      "contributor_id" : null
    },
    "geometry" : {
      "type" : "Point",
      "coordinates" : [ 12.9577, 42.8845 ]
    },
    "id" : "46079252"
  }, {
    "type" : "Feature",
    "properties" : {
      "depth_km" : 3.4,
      "author" : "SURVEY-INGV",
      "catalog" : null,
      "latitude" : 43.0008,
      "event_id" : 46079232,
      "contributor" : null,
      "mag_type" : "ML",
      "event_location_name" : "4 km SE Fiordimonte (MC)",
      "magnitude" : 0.8,
      "time" : "2026-05-30 00:22:24Z",
      "mag_author" : null,
      "longitude" : 13.1125,
      "contributor_id" : null
    },
    "geometry" : {
      "type" : "Point",
      "coordinates" : [ 13.1125, 43.0008 ]
    },
    "id" : "46079232"
  }, {
    "type" : "Feature",
    "properties" : {
      "depth_km" : 12.6,
      "author" : "SURVEY-INGV",
      "catalog" : null,
      "latitude" : 43.4173,
      "event_id" : 46079202,
      "contributor" : null,
      "mag_type" : "ML",
      "event_location_name" : "5 km W Sassoferrato (AN)",
      "magnitude" : 0.6,
      "time" : "2026-05-30 00:12:06Z",
      "mag_author" : null,
      "longitude" : 12.799,
      "contributor_id" : null
    },
    "geometry" : {
      "type" : "Point",
      "coordinates" : [ 12.799, 43.4173 ]
    },
    "id" : "46079202"
  }, {
    "type" : "Feature",
    "properties" : {
      "depth_km" : 9.1,
      "author" : "SURVEY-INGV",
      "catalog" : null,
      "latitude" : 38.5685,
      "event_id" : 46079102,
      "contributor" : null,
      "mag_type" : "ML",
      "event_location_name" : "Isole Eolie (Messina)",
      "magnitude" : 2.3,
      "time" : "2026-05-29 23:38:02Z",
      "mag_author" : null,
      "longitude" : 14.2038,
      "contributor_id" : null
    },
    "geometry" : {
      "type" : "Point",
      "coordinates" : [ 14.2038, 38.5685 ]
    },
    "id" : "46079102"
  }, {
    "type" : "Feature",
    "properties" : {
      "depth_km" : 9.8,
      "author" : "SURVEY-INGV",
      "catalog" : null,
      "latitude" : 43.0563,
      "event_id" : 46079062,
      "contributor" : null,
      "mag_type" : "ML",
      "event_location_name" : "5 km W Serravalle di Chienti (MC)",
      "magnitude" : 1.1,
      "time" : "2026-05-29 23:18:49Z",
      "mag_author" : null,
      "longitude" : 12.8977,
      "contributor_id" : null
    },
    "geometry" : {
      "type" : "Point",
      "coordinates" : [ 12.8977, 43.0563 ]
    },
    "id" : "46079062"
  }, {
    "type" : "Feature",
    "properties" : {
      "depth_km" : 14.9,
      "author" : "SURVEY-INGV",
      "catalog" : null,
      "latitude" : 38.4633,
      "event_id" : 46078992,
      "contributor" : null,
      "mag_type" : "ML",
      "event_location_name" : "1 km W Feroleto della Chiesa (RC)",
      "magnitude" : 1.3,
      "time" : "2026-05-29 22:47:39Z",
      "mag_author" : null,
      "longitude" : 16.0565,
      "contributor_id" : null
    },
    "geometry" : {
      "type" : "Point",
      "coordinates" : [ 16.0565, 38.4633 ]
    },
    "id" : "46078992"
  }, {
    "type" : "Feature",
    "properties" : {
      "depth_km" : 17.2,
      "author" : "SURVEY-INGV",
      "catalog" : null,
      "latitude" : 43.0027,
      "event_id" : 46078972,
      "contributor" : null,
      "mag_type" : "ML",
      "event_location_name" : "1 km NE Monte Cavallo (MC)",
      "magnitude" : 0.7,
      "time" : "2026-05-29 22:46:35Z",
      "mag_author" : null,
      "longitude" : 13.0132,
      "contributor_id" : null
    },
    "geometry" : {
      "type" : "Point",
      "coordinates" : [ 13.0132, 43.0027 ]
    },
    "id" : "46078972"
  }, {
    "type" : "Feature",
    "properties" : {
      "depth_km" : 13.3,
      "author" : "SURVEY-INGV",
      "catalog" : null,
      "latitude" : 43.4062,
      "event_id" : 46078872,
      "contributor" : null,
      "mag_type" : "ML",
      "event_location_name" : "3 km E Scheggia e Pascelupo (PG)",
      "magnitude" : 0.5,
      "time" : "2026-05-29 22:42:28Z",
      "mag_author" : null,
      "longitude" : 12.71,
      "contributor_id" : null
    },
    "geometry" : {
      "type" : "Point",
      "coordinates" : [ 12.71, 43.4062 ]
    },
    "id" : "46078872"
  }, {
    "type" : "Feature",
    "properties" : {
      "depth_km" : 13.1,
      "author" : "SURVEY-INGV",
      "catalog" : null,
      "latitude" : 43.3368,
      "event_id" : 46078782,
      "contributor" : null,
      "mag_type" : "ML",
      "event_location_name" : "3 km E Sigillo (PG)",
      "magnitude" : 0.8,
      "time" : "2026-05-29 22:12:15Z",
      "mag_author" : null,
      "longitude" : 12.7823,
      "contributor_id" : null
    },
    "geometry" : {
      "type" : "Point",
      "coordinates" : [ 12.7823, 43.3368 ]
    },
    "id" : "46078782"
  }, {
    "type" : "Feature",
    "properties" : {
      "depth_km" : 10.5,
      "author" : "SURVEY-INGV",
      "catalog" : null,
      "latitude" : 42.5753,
      "event_id" : 46078742,
      "contributor" : null,
      "mag_type" : "ML",
      "event_location_name" : "6 km N Posta (RI)",
      "magnitude" : 1.6,
      "time" : "2026-05-29 22:09:25Z",
      "mag_author" : null,
      "longitude" : 13.0768,
      "contributor_id" : null
    },
    "geometry" : {
      "type" : "Point",
      "coordinates" : [ 13.0768, 42.5753 ]
    },
    "id" : "46078742"
  }, {
    "type" : "Feature",
    "properties" : {
      "depth_km" : 15.3,
      "author" : "SURVEY-INGV",
      "catalog" : null,
      "latitude" : 44.2912,
      "event_id" : 46078702,
      "contributor" : null,
      "mag_type" : "ML",
      "event_location_name" : "4 km SE Demonte (CN)",
      "magnitude" : 1.1,
      "time" : "2026-05-29 22:01:25Z",
      "mag_author" : null,
      "longitude" : 7.3262,
      "contributor_id" : null
    },
    "geometry" : {
      "type" : "Point",
      "coordinates" : [ 7.3262, 44.2912 ]
    },
    "id" : "46078702"
  }, {
    "type" : "Feature",
    "properties" : {
      "depth_km" : 9.9,
      "author" : "SURVEY-INGV",
      "catalog" : null,
      "latitude" : 44.2005,
      "event_id" : 46078582,
      "contributor" : null,
      "mag_type" : "ML",
      "event_location_name" : "4 km W Pievepelago (MO)",
      "magnitude" : 0.7,
      "time" : "2026-05-29 21:44:33Z",
      "mag_author" : null,
      "longitude" : 10.5657,
      "contributor_id" : null
    },
    "geometry" : {
      "type" : "Point",
      "coordinates" : [ 10.5657, 44.2005 ]
    },
    "id" : "46078582"
  }, {
    "type" : "Feature",
    "properties" : {
      "depth_km" : 12.1,
      "author" : "SURVEY-INGV",
      "catalog" : null,
      "latitude" : 38.1665,
      "event_id" : 46078532,
      "contributor" : null,
      "mag_type" : "ML",
      "event_location_name" : "4 km SW Calanna (RC)",
      "magnitude" : 0.6,
      "time" : "2026-05-29 21:37:49Z",
      "mag_author" : null,
      "longitude" : 15.6847,
      "contributor_id" : null
    },
    "geometry" : {
      "type" : "Point",
      "coordinates" : [ 15.6847, 38.1665 ]
    },
    "id" : "46078532"
  }, {
    "type" : "Feature",
    "properties" : {
      "depth_km" : 9.6,
      "author" : "SURVEY-INGV",
      "catalog" : null,
      "latitude" : 42.8852,
      "event_id" : 46078412,
      "contributor" : null,
      "mag_type" : "ML",
      "event_location_name" : "4 km W Sellano (PG)",
      "magnitude" : 1.1,
      "time" : "2026-05-29 20:30:36Z",
      "mag_author" : null,
      "longitude" : 12.8848,
      "contributor_id" : null
    },
    "geometry" : {
      "type" : "Point",
      "coordinates" : [ 12.8848, 42.8852 ]
    },
    "id" : "46078412"
  }, {
    "type" : "Feature",
    "properties" : {
      "depth_km" : 7.5,
      "author" : "SURVEY-INGV",
      "catalog" : null,
      "latitude" : 42.8677,
      "event_id" : 46078252,
      "contributor" : null,
      "mag_type" : "ML",
      "event_location_name" : "5 km SE Castelsantangelo sul Nera (MC)",
      "magnitude" : 1.8,
      "time" : "2026-05-29 19:56:11Z",
      "mag_author" : null,
      "longitude" : 13.2077,
      "contributor_id" : null
    },
    "geometry" : {
      "type" : "Point",
      "coordinates" : [ 13.2077, 42.8677 ]
    },
    "id" : "46078252"
  }, {
    "type" : "Feature",
    "properties" : {
      "depth_km" : 9.9,
      "author" : "SURVEY-INGV",
      "catalog" : null,
      "latitude" : 38.1627,
      "event_id" : 46078192,
      "contributor" : null,
      "mag_type" : "ML",
      "event_location_name" : "Costa Siciliana nord-orientale (Messina)",
      "magnitude" : 1.1,
      "time" : "2026-05-29 19:36:12Z",
      "mag_author" : null,
      "longitude" : 15.1673,
      "contributor_id" : null
    },
    "geometry" : {
      "type" : "Point",
      "coordinates" : [ 15.1673, 38.1627 ]
    },
    "id" : "46078192"
  }, {
    "type" : "Feature",
    "properties" : {
      "depth_km" : 9.9,
      "author" : "SURVEY-INGV",
      "catalog" : null,
      "latitude" : 38.1627,
      "event_id" : 46078192,
      "contributor" : null,
      "mag_type" : "ML",
      "event_location_name" : "Costa Siciliana nord-orientale (Messina)",
      "magnitude" : 1.1,
      "time" : "2026-05-29 19:36:12Z",
      "mag_author" : null,
      "longitude" : 15.1673,
      "contributor_id" : null
    },
    "geometry" : {
      "type" : "Point",
      "coordinates" : [ 15.1673, 38.1627 ]
    },
    "id" : "46078192"
  }, {
    "type" : "Feature",
    "properties" : {
      "depth_km" : 10.2,
      "author" : "SURVEY-INGV",
      "catalog" : null,
      "latitude" : 42.8058,
      "event_id" : 46078052,
      "contributor" : null,
      "mag_type" : "ML",
      "event_location_name" : "4 km N Vallo di Nera (PG)",
      "magnitude" : 0.4,
      "time" : "2026-05-29 18:32:58Z",
      "mag_author" : null,
      "longitude" : 12.8672,
      "contributor_id" : null
    },
    "geometry" : {
      "type" : "Point",
      "coordinates" : [ 12.8672, 42.8058 ]
    },
    "id" : "46078052"
  }, {
    "type" : "Feature",
    "properties" : {
      "depth_km" : 24.7,
      "author" : "SURVEY-INGV",
      "catalog" : null,
      "latitude" : 37.8988,
      "event_id" : 46077942,
      "contributor" : null,
      "mag_type" : "ML",
      "event_location_name" : "Stretto di Messina (Reggio di Calabria, Messina)",
      "magnitude" : 1.7,
      "time" : "2026-05-29 18:18:25Z",
      "mag_author" : null,
      "longitude" : 15.4435,
      "contributor_id" : null
    },
    "geometry" : {
      "type" : "Point",
      "coordinates" : [ 15.4435, 37.8988 ]
    },
    "id" : "46077942"
  }, {
    "type" : "Feature",
    "properties" : {
      "depth_km" : 8.1,
      "author" : "SURVEY-INGV",
      "catalog" : null,
      "latitude" : 43.4402,
      "event_id" : 46077902,
      "contributor" : null,
      "mag_type" : "ML",
      "event_location_name" : "7 km W Pietralunga (PG)",
      "magnitude" : 1.1,
      "time" : "2026-05-29 18:15:02Z",
      "mag_author" : null,
      "longitude" : 12.3472,
      "contributor_id" : null
    },
    "geometry" : {
      "type" : "Point",
      "coordinates" : [ 12.3472, 43.4402 ]
    },
    "id" : "46077902"
  }, {
    "type" : "Feature",
    "properties" : {
      "depth_km" : 6.0,
      "author" : "SURVEY-INGV",
      "catalog" : null,
      "latitude" : 43.3963,
      "event_id" : 46077692,
      "contributor" : null,
      "mag_type" : "ML",
      "event_location_name" : "8 km NW Gubbio (PG)",
      "magnitude" : 0.7,
      "time" : "2026-05-29 18:02:49Z",
      "mag_author" : null,
      "longitude" : 12.5063,
      "contributor_id" : null
    },
    "geometry" : {
      "type" : "Point",
      "coordinates" : [ 12.5063, 43.3963 ]
    },
    "id" : "46077692"
  }, {
    "type" : "Feature",
    "properties" : {
      "depth_km" : 8.8,
      "author" : "SURVEY-INGV",
      "catalog" : null,
      "latitude" : 43.3297,
      "event_id" : 46077162,
      "contributor" : null,
      "mag_type" : "ML",
      "event_location_name" : "5 km S Cingoli (MC)",
      "magnitude" : 1.2,
      "time" : "2026-05-29 16:22:16Z",
      "mag_author" : null,
      "longitude" : 13.2,
      "contributor_id" : null
    },
    "geometry" : {
      "type" : "Point",
      "coordinates" : [ 13.2, 43.3297 ]
    },
    "id" : "46077162"
  }, {
    "type" : "Feature",
    "properties" : {
      "depth_km" : 8.8,
      "author" : "SURVEY-INGV",
      "catalog" : null,
      "latitude" : 43.3297,
      "event_id" : 46077162,
      "contributor" : null,
      "mag_type" : "ML",
      "event_location_name" : "5 km S Cingoli (MC)",
      "magnitude" : 1.2,
      "time" : "2026-05-29 16:22:16Z",
      "mag_author" : null,
      "longitude" : 13.2,
      "contributor_id" : null
    },
    "geometry" : {
      "type" : "Point",
      "coordinates" : [ 13.2, 43.3297 ]
    },
    "id" : "46077162"
  }, {
    "type" : "Feature",
    "properties" : {
      "depth_km" : 26.76,
      "author" : "SURVEY-INGV-CT#SeismPicker_SO-OE",
      "catalog" : null,
      "latitude" : 37.822,
      "event_id" : 46076522,
      "contributor" : null,
      "mag_type" : "ML",
      "event_location_name" : "7 km SE Randazzo (CT)",
      "magnitude" : 1.5,
      "time" : "2026-05-29 15:12:31Z",
      "mag_author" : null,
      "longitude" : 14.978,
      "contributor_id" : null
    },
    "geometry" : {
      "type" : "Point",
      "coordinates" : [ 14.978, 37.822 ]
    },
    "id" : "46076522"
  }, {
    "type" : "Feature",
    "properties" : {
      "depth_km" : 4.1,
      "author" : "SURVEY-INGV",
      "catalog" : null,
      "latitude" : 42.9372,
      "event_id" : 46076052,
      "contributor" : null,
      "mag_type" : "ML",
      "event_location_name" : "6 km S Bolognola (MC)",
      "magnitude" : 0.5,
      "time" : "2026-05-29 14:28:54Z",
      "mag_author" : null,
      "longitude" : 13.2282,
      "contributor_id" : null
    },
    "geometry" : {
      "type" : "Point",
      "coordinates" : [ 13.2282, 42.9372 ]
    },
    "id" : "46076052"
  }, {
    "type" : "Feature",
    "properties" : {
      "depth_km" : 10.1,
      "author" : "SURVEY-INGV",
      "catalog" : null,
      "latitude" : 42.8008,
      "event_id" : 46075912,
      "contributor" : null,
      "mag_type" : "ML",
      "event_location_name" : "2 km E Norcia (PG)",
      "magnitude" : 1.1,
      "time" : "2026-05-29 14:24:53Z",
      "mag_author" : null,
      "longitude" : 13.1168,
      "contributor_id" : null
    },
    "geometry" : {
      "type" : "Point",
      "coordinates" : [ 13.1168, 42.8008 ]
    },
    "id" : "46075912"
  }, {
    "type" : "Feature",
    "properties" : {
      "depth_km" : 10.8,
      "author" : "SURVEY-INGV",
      "catalog" : null,
      "latitude" : 42.8078,
      "event_id" : 46075832,
      "contributor" : null,
      "mag_type" : "ML",
      "event_location_name" : "3 km NE Norcia (PG)",
      "magnitude" : 1.0,
      "time" : "2026-05-29 14:22:10Z",
      "mag_author" : null,
      "longitude" : 13.1255,
      "contributor_id" : null
    },
    "geometry" : {
      "type" : "Point",
      "coordinates" : [ 13.1255, 42.8078 ]
    },
    "id" : "46075832"
  }, {
    "type" : "Feature",
    "properties" : {
      "depth_km" : 10.6,
      "author" : "SURVEY-INGV",
      "catalog" : null,
      "latitude" : 42.7093,
      "event_id" : 46075522,
      "contributor" : null,
      "mag_type" : "ML",
      "event_location_name" : "7 km W Accumoli (RI)",
      "magnitude" : 1.3,
      "time" : "2026-05-29 13:59:15Z",
      "mag_author" : null,
      "longitude" : 13.1612,
      "contributor_id" : null
    },
    "geometry" : {
      "type" : "Point",
      "coordinates" : [ 13.1612, 42.7093 ]
    },
    "id" : "46075522"
  }, {
    "type" : "Feature",
    "properties" : {
      "depth_km" : 9.8,
      "author" : "SURVEY-INGV",
      "catalog" : null,
      "latitude" : 43.1302,
      "event_id" : 46075172,
      "contributor" : null,
      "mag_type" : "ML",
      "event_location_name" : "5 km SW Valfabbrica (PG)",
      "magnitude" : 0.8,
      "time" : "2026-05-29 13:26:46Z",
      "mag_author" : null,
      "longitude" : 12.562,
      "contributor_id" : null
    },
    "geometry" : {
      "type" : "Point",
      "coordinates" : [ 12.562, 43.1302 ]
    },
    "id" : "46075172"
  }, {
    "type" : "Feature",
    "properties" : {
      "depth_km" : 7.2,
      "author" : "SURVEY-INGV",
      "catalog" : null,
      "latitude" : 44.3447,
      "event_id" : 46075052,
      "contributor" : null,
      "mag_type" : "ML",
      "event_location_name" : "Confine Italia-Francia (FRANCIA)",
      "magnitude" : 0.9,
      "time" : "2026-05-29 13:18:35Z",
      "mag_author" : null,
      "longitude" : 6.8052,
      "contributor_id" : null
    },
    "geometry" : {
      "type" : "Point",
      "coordinates" : [ 6.8052, 44.3447 ]
    },
    "id" : "46075052"
  }, {
    "type" : "Feature",
    "properties" : {
      "depth_km" : 13.3,
      "author" : "SURVEY-INGV",
      "catalog" : null,
      "latitude" : 43.0168,
      "event_id" : 46075012,
      "contributor" : null,
      "mag_type" : "ML",
      "event_location_name" : "3 km S Pieve Torina (MC)",
      "magnitude" : 0.8,
      "time" : "2026-05-29 13:13:25Z",
      "mag_author" : null,
      "longitude" : 13.0507,
      "contributor_id" : null
    },
    "geometry" : {
      "type" : "Point",
      "coordinates" : [ 13.0507, 43.0168 ]
    },
    "id" : "46075012"
  }, {
    "type" : "Feature",
    "properties" : {
      "depth_km" : 8.4,
      "author" : "SURVEY-INGV",
      "catalog" : null,
      "latitude" : 38.1637,
      "event_id" : 46073692,
      "contributor" : null,
      "mag_type" : "ML",
      "event_location_name" : "Costa Siciliana nord-orientale (Messina)",
      "magnitude" : 1.7,
      "time" : "2026-05-29 11:14:17Z",
      "mag_author" : null,
      "longitude" : 15.172,
      "contributor_id" : null
    },
    "geometry" : {
      "type" : "Point",
      "coordinates" : [ 15.172, 38.1637 ]
    },
    "id" : "46073692"
  }, {
    "type" : "Feature",
    "properties" : {
      "depth_km" : 16.7,
      "author" : "SURVEY-INGV",
      "catalog" : null,
      "latitude" : 40.3413,
      "event_id" : 46072882,
      "contributor" : null,
      "mag_type" : "ML",
      "event_location_name" : "3 km E Piaggine (SA)",
      "magnitude" : 1.3,
      "time" : "2026-05-29 10:08:45Z",
      "mag_author" : null,
      "longitude" : 15.4092,
      "contributor_id" : null
    },
    "geometry" : {
      "type" : "Point",
      "coordinates" : [ 15.4092, 40.3413 ]
    },
    "id" : "46072882"
  }, {
    "type" : "Feature",
    "properties" : {
      "depth_km" : 16.7,
      "author" : "SURVEY-INGV",
      "catalog" : null,
      "latitude" : 40.3413,
      "event_id" : 46072882,
      "contributor" : null,
      "mag_type" : "ML",
      "event_location_name" : "3 km E Piaggine (SA)",
      "magnitude" : 1.3,
      "time" : "2026-05-29 10:08:45Z",
      "mag_author" : null,
      "longitude" : 15.4092,
      "contributor_id" : null
    },
    "geometry" : {
      "type" : "Point",
      "coordinates" : [ 15.4092, 40.3413 ]
    },
    "id" : "46072882"
  }, {
    "type" : "Feature",
    "properties" : {
      "depth_km" : 5.1,
      "author" : "SURVEY-INGV",
      "catalog" : null,
      "latitude" : 44.1018,
      "event_id" : 46072702,
      "contributor" : null,
      "mag_type" : "ML",
      "event_location_name" : "1 km SW Zuccarello (SV)",
      "magnitude" : 0.9,
      "time" : "2026-05-29 09:50:54Z",
      "mag_author" : null,
      "longitude" : 8.1108,
      "contributor_id" : null
    },
    "geometry" : {
      "type" : "Point",
      "coordinates" : [ 8.1108, 44.1018 ]
    },
    "id" : "46072702"
  }, {
    "type" : "Feature",
    "properties" : {
      "depth_km" : 9.1,
      "author" : "SURVEY-INGV",
      "catalog" : null,
      "latitude" : 42.9537,
      "event_id" : 46072082,
      "contributor" : null,
      "mag_type" : "ML",
      "event_location_name" : "5 km S Bolognola (MC)",
      "magnitude" : 0.6,
      "time" : "2026-05-29 09:01:15Z",
      "mag_author" : null,
      "longitude" : 13.2363,
      "contributor_id" : null
    },
    "geometry" : {
      "type" : "Point",
      "coordinates" : [ 13.2363, 42.9537 ]
    },
    "id" : "46072082"
  }, {
    "type" : "Feature",
    "properties" : {
      "depth_km" : 8.1,
      "author" : "SURVEY-INGV",
      "catalog" : null,
      "latitude" : 43.0085,
      "event_id" : 46072002,
      "contributor" : null,
      "mag_type" : "ML",
      "event_location_name" : "2 km NE Monte Cavallo (MC)",
      "magnitude" : 0.4,
      "time" : "2026-05-29 08:38:00Z",
      "mag_author" : null,
      "longitude" : 13.0087,
      "contributor_id" : null
    },
    "geometry" : {
      "type" : "Point",
      "coordinates" : [ 13.0087, 43.0085 ]
    },
    "id" : "46072002"
  }, {
    "type" : "Feature",
    "properties" : {
      "depth_km" : 8.1,
      "author" : "SURVEY-INGV",
      "catalog" : null,
      "latitude" : 43.0085,
      "event_id" : 46072002,
      "contributor" : null,
      "mag_type" : "ML",
      "event_location_name" : "2 km NE Monte Cavallo (MC)",
      "magnitude" : 0.4,
      "time" : "2026-05-29 08:38:00Z",
      "mag_author" : null,
      "longitude" : 13.0087,
      "contributor_id" : null
    },
    "geometry" : {
      "type" : "Point",
      "coordinates" : [ 13.0087, 43.0085 ]
    },
    "id" : "46072002"
  }, {
    "type" : "Feature",
    "properties" : {
      "depth_km" : 10.5,
      "author" : "SURVEY-INGV",
      "catalog" : null,
      "latitude" : 42.7738,
      "event_id" : 46071522,
      "contributor" : null,
      "mag_type" : "ML",
      "event_location_name" : "5 km W Arquata del Tronto (AP)",
      "magnitude" : 1.4,
      "time" : "2026-05-29 07:24:40Z",
      "mag_author" : null,
      "longitude" : 13.2382,
      "contributor_id" : null
    },
    "geometry" : {
      "type" : "Point",
      "coordinates" : [ 13.2382, 42.7738 ]
    },
    "id" : "46071522"
  }, {
    "type" : "Feature",
    "properties" : {
      "depth_km" : 10.5,
      "author" : "SURVEY-INGV",
      "catalog" : null,
      "latitude" : 46.2702,
      "event_id" : 46071442,
      "contributor" : null,
      "mag_type" : "ML",
      "event_location_name" : "3 km W Gemona del Friuli (UD)",
      "magnitude" : 0.4,
      "time" : "2026-05-29 07:17:48Z",
      "mag_author" : null,
      "longitude" : 13.1087,
      "contributor_id" : null
    },
    "geometry" : {
      "type" : "Point",
      "coordinates" : [ 13.1087, 46.2702 ]
    },
    "id" : "46071442"
  }, {
    "type" : "Feature",
    "properties" : {
      "depth_km" : 12.8,
      "author" : "SURVEY-INGV",
      "catalog" : null,
      "latitude" : 43.1118,
      "event_id" : 46069982,
      "contributor" : null,
      "mag_type" : "ML",
      "event_location_name" : "4 km NW Muccia (MC)",
      "magnitude" : 0.3,
      "time" : "2026-05-29 04:59:17Z",
      "mag_author" : null,
      "longitude" : 13.0072,
      "contributor_id" : null
    },
    "geometry" : {
      "type" : "Point",
      "coordinates" : [ 13.0072, 43.1118 ]
    },
    "id" : "46069982"
  }, {
    "type" : "Feature",
    "properties" : {
      "depth_km" : 9.3,
      "author" : "SURVEY-INGV",
      "catalog" : null,
      "latitude" : 42.7832,
      "event_id" : 46069632,
      "contributor" : null,
      "mag_type" : "ML",
      "event_location_name" : "8 km W Arquata del Tronto (AP)",
      "magnitude" : 1.4,
      "time" : "2026-05-29 03:27:59Z",
      "mag_author" : null,
      "longitude" : 13.1993,
      "contributor_id" : null
    },
    "geometry" : {
      "type" : "Point",
      "coordinates" : [ 13.1993, 42.7832 ]
    },
    "id" : "46069632"
  }, {
    "type" : "Feature",
    "properties" : {
      "depth_km" : 32.5,
      "author" : "SURVEY-INGV",
      "catalog" : null,
      "latitude" : 39.055,
      "event_id" : 46069592,
      "contributor" : null,
      "mag_type" : "ML",
      "event_location_name" : "6 km NW Sersale (CZ)",
      "magnitude" : 2.0,
      "time" : "2026-05-29 03:11:35Z",
      "mag_author" : null,
      "longitude" : 16.687,
      "contributor_id" : null
    },
    "geometry" : {
      "type" : "Point",
      "coordinates" : [ 16.687, 39.055 ]
    },
    "id" : "46069592"
  }, {
    "type" : "Feature",
    "properties" : {
      "depth_km" : 5.5,
      "author" : "SURVEY-INGV",
      "catalog" : null,
      "latitude" : 37.9923,
      "event_id" : 46069532,
      "contributor" : null,
      "mag_type" : "ML",
      "event_location_name" : "6 km W Pollina (PA)",
      "magnitude" : 1.4,
      "time" : "2026-05-29 03:08:21Z",
      "mag_author" : null,
      "longitude" : 14.0792,
      "contributor_id" : null
    },
    "geometry" : {
      "type" : "Point",
      "coordinates" : [ 14.0792, 37.9923 ]
    },
    "id" : "46069532"
  }, {
    "type" : "Feature",
    "properties" : {
      "depth_km" : 8.4,
      "author" : "SURVEY-INGV",
      "catalog" : null,
      "latitude" : 45.8128,
      "event_id" : 46069492,
      "contributor" : null,
      "mag_type" : "ML",
      "event_location_name" : "7 km SE Oyace (AO)",
      "magnitude" : 0.6,
      "time" : "2026-05-29 03:00:18Z",
      "mag_author" : null,
      "longitude" : 7.4605,
      "contributor_id" : null
    },
    "geometry" : {
      "type" : "Point",
      "coordinates" : [ 7.4605, 45.8128 ]
    },
    "id" : "46069492"
  }, {
    "type" : "Feature",
    "properties" : {
      "depth_km" : 0.19,
      "author" : "SURVEY-INGV-OV#SiSmi",
      "catalog" : null,
      "latitude" : 40.823667,
      "event_id" : 46069422,
      "contributor" : null,
      "mag_type" : "Md",
      "event_location_name" : "Vesuvio",
      "magnitude" : 2.0,
      "time" : "2026-05-29 02:30:11Z",
      "mag_author" : null,
      "longitude" : 14.430667,
      "contributor_id" : null
    },
    "geometry" : {
      "type" : "Point",
      "coordinates" : [ 14.430667, 40.823667 ]
    },
    "id" : "46069422"
  }, {
    "type" : "Feature",
    "properties" : {
      "depth_km" : 22.6,
      "author" : "SURVEY-INGV",
      "catalog" : null,
      "latitude" : 38.4742,
      "event_id" : 46069372,
      "contributor" : null,
      "mag_type" : "ML",
      "event_location_name" : "Costa Siciliana centro-settentrionale (Palermo)",
      "magnitude" : 2.8,
      "time" : "2026-05-29 02:23:40Z",
      "mag_author" : null,
      "longitude" : 13.3257,
      "contributor_id" : null
    },
    "geometry" : {
      "type" : "Point",
      "coordinates" : [ 13.3257, 38.4742 ]
    },
    "id" : "46069372"
  }, {
    "type" : "Feature",
    "properties" : {
      "depth_km" : 10.8,
      "author" : "SURVEY-INGV",
      "catalog" : null,
      "latitude" : 39.8407,
      "event_id" : 46069252,
      "contributor" : null,
      "mag_type" : "ML",
      "event_location_name" : "5 km W Morano Calabro (CS)",
      "magnitude" : 0.8,
      "time" : "2026-05-29 01:46:41Z",
      "mag_author" : null,
      "longitude" : 16.0823,
      "contributor_id" : null
    },
    "geometry" : {
      "type" : "Point",
      "coordinates" : [ 16.0823, 39.8407 ]
    },
    "id" : "46069252"
  }, {
    "type" : "Feature",
    "properties" : {
      "depth_km" : 28.7,
      "author" : "SURVEY-INGV",
      "catalog" : null,
      "latitude" : 39.2597,
      "event_id" : 46069212,
      "contributor" : null,
      "mag_type" : "ML",
      "event_location_name" : "1 km S Strongoli (KR)",
      "magnitude" : 1.5,
      "time" : "2026-05-29 01:32:06Z",
      "mag_author" : null,
      "longitude" : 17.0527,
      "contributor_id" : null
    },
    "geometry" : {
      "type" : "Point",
      "coordinates" : [ 17.0527, 39.2597 ]
    },
    "id" : "46069212"
  }, {
    "type" : "Feature",
    "properties" : {
      "depth_km" : 18.3,
      "author" : "SURVEY-INGV",
      "catalog" : null,
      "latitude" : 40.5587,
      "event_id" : 46069092,
      "contributor" : null,
      "mag_type" : "ML",
      "event_location_name" : "Albania",
      "magnitude" : 3.2,
      "time" : "2026-05-29 01:06:54Z",
      "mag_author" : null,
      "longitude" : 19.6898,
      "contributor_id" : null
    },
    "geometry" : {
      "type" : "Point",
      "coordinates" : [ 19.6898, 40.5587 ]
    },
    "id" : "46069092"
  }, {
    "type" : "Feature",
    "properties" : {
      "depth_km" : 10.0,
      "author" : "SURVEY-INGV",
      "catalog" : null,
      "latitude" : 42.838,
      "event_id" : 46069032,
      "contributor" : null,
      "mag_type" : "ML",
      "event_location_name" : "4 km NE Cerreto di Spoleto (PG)",
      "magnitude" : 0.7,
      "time" : "2026-05-29 00:30:57Z",
      "mag_author" : null,
      "longitude" : 12.9533,
      "contributor_id" : null
    },
    "geometry" : {
      "type" : "Point",
      "coordinates" : [ 12.9533, 42.838 ]
    },
    "id" : "46069032"
  }, {
    "type" : "Feature",
    "properties" : {
      "depth_km" : 19.0,
      "author" : "SURVEY-INGV",
      "catalog" : null,
      "latitude" : 43.7788,
      "event_id" : 46068902,
      "contributor" : null,
      "mag_type" : "ML",
      "event_location_name" : "Costa Marchigiana Pesarese (Pesaro-Urbino)",
      "magnitude" : 2.2,
      "time" : "2026-05-28 23:08:24Z",
      "mag_author" : null,
      "longitude" : 13.136,
      "contributor_id" : null
    },
    "geometry" : {
      "type" : "Point",
      "coordinates" : [ 13.136, 43.7788 ]
    },
    "id" : "46068902"
  }, {
    "type" : "Feature",
    "properties" : {
      "depth_km" : 15.4,
      "author" : "SURVEY-INGV",
      "catalog" : null,
      "latitude" : 41.2552,
      "event_id" : 46068872,
      "contributor" : null,
      "mag_type" : "ML",
      "event_location_name" : "2 km E San Lupo (BN)",
      "magnitude" : 1.4,
      "time" : "2026-05-28 22:59:54Z",
      "mag_author" : null,
      "longitude" : 14.6573,
      "contributor_id" : null
    },
    "geometry" : {
      "type" : "Point",
      "coordinates" : [ 14.6573, 41.2552 ]
    },
    "id" : "46068872"
  }, {
    "type" : "Feature",
    "properties" : {
      "depth_km" : 34.2,
      "author" : "SURVEY-INGV",
      "catalog" : null,
      "latitude" : 39.1753,
      "event_id" : 46068822,
      "contributor" : null,
      "mag_type" : "ML",
      "event_location_name" : "9 km E Rocca di Neto (KR)",
      "magnitude" : 1.4,
      "time" : "2026-05-28 22:54:56Z",
      "mag_author" : null,
      "longitude" : 17.1055,
      "contributor_id" : null
    },
    "geometry" : {
      "type" : "Point",
      "coordinates" : [ 17.1055, 39.1753 ]
    },
    "id" : "46068822"
  }, {
    "type" : "Feature",
    "properties" : {
      "depth_km" : 10.3,
      "author" : "SURVEY-INGV",
      "catalog" : null,
      "latitude" : 42.7978,
      "event_id" : 46068782,
      "contributor" : null,
      "mag_type" : "ML",
      "event_location_name" : "5 km SW Campello sul Clitunno (PG)",
      "magnitude" : 1.0,
      "time" : "2026-05-28 22:18:01Z",
      "mag_author" : null,
      "longitude" : 12.732,
      "contributor_id" : null
    },
    "geometry" : {
      "type" : "Point",
      "coordinates" : [ 12.732, 42.7978 ]
    },
    "id" : "46068782"
  }, {
    "type" : "Feature",
    "properties" : {
      "depth_km" : 10.0,
      "author" : "SURVEY-INGV",
      "catalog" : null,
      "latitude" : 42.9263,
      "event_id" : 46068552,
      "contributor" : null,
      "mag_type" : "ML",
      "event_location_name" : "Bosnia and Herz. [Land]",
      "magnitude" : 3.8,
      "time" : "2026-05-28 22:00:12Z",
      "mag_author" : null,
      "longitude" : 18.2013,
      "contributor_id" : null
    },
    "geometry" : {
      "type" : "Point",
      "coordinates" : [ 18.2013, 42.9263 ]
    },
    "id" : "46068552"
  }, {
    "type" : "Feature",
    "properties" : {
      "depth_km" : 10.0,
      "author" : "SURVEY-INGV",
      "catalog" : null,
      "latitude" : 42.9263,
      "event_id" : 46068552,
      "contributor" : null,
      "mag_type" : "ML",
      "event_location_name" : "Bosnia and Herz. [Land]",
      "magnitude" : 3.8,
      "time" : "2026-05-28 22:00:12Z",
      "mag_author" : null,
      "longitude" : 18.2013,
      "contributor_id" : null
    },
    "geometry" : {
      "type" : "Point",
      "coordinates" : [ 18.2013, 42.9263 ]
    },
    "id" : "46068552"
  }, {
    "type" : "Feature",
    "properties" : {
      "depth_km" : 13.8,
      "author" : "SURVEY-INGV",
      "catalog" : null,
      "latitude" : 43.4973,
      "event_id" : 46068432,
      "contributor" : null,
      "mag_type" : "ML",
      "event_location_name" : "3 km NE Cantiano (PU)",
      "magnitude" : 0.5,
      "time" : "2026-05-28 21:42:39Z",
      "mag_author" : null,
      "longitude" : 12.6537,
      "contributor_id" : null
    },
    "geometry" : {
      "type" : "Point",
      "coordinates" : [ 12.6537, 43.4973 ]
    },
    "id" : "46068432"
  }, {
    "type" : "Feature",
    "properties" : {
      "depth_km" : 13.8,
      "author" : "SURVEY-INGV",
      "catalog" : null,
      "latitude" : 43.4973,
      "event_id" : 46068432,
      "contributor" : null,
      "mag_type" : "ML",
      "event_location_name" : "3 km NE Cantiano (PU)",
      "magnitude" : 0.5,
      "time" : "2026-05-28 21:42:39Z",
      "mag_author" : null,
      "longitude" : 12.6537,
      "contributor_id" : null
    },
    "geometry" : {
      "type" : "Point",
      "coordinates" : [ 12.6537, 43.4973 ]
    },
    "id" : "46068432"
  }, {
    "type" : "Feature",
    "properties" : {
      "depth_km" : 8.9,
      "author" : "SURVEY-INGV",
      "catalog" : null,
      "latitude" : 42.8055,
      "event_id" : 46068382,
      "contributor" : null,
      "mag_type" : "ML",
      "event_location_name" : "3 km SW Campello sul Clitunno (PG)",
      "magnitude" : 0.7,
      "time" : "2026-05-28 21:35:36Z",
      "mag_author" : null,
      "longitude" : 12.7417,
      "contributor_id" : null
    },
    "geometry" : {
      "type" : "Point",
      "coordinates" : [ 12.7417, 42.8055 ]
    },
    "id" : "46068382"
  }, {
    "type" : "Feature",
    "properties" : {
      "depth_km" : 8.8,
      "author" : "SURVEY-INGV",
      "catalog" : null,
      "latitude" : 43.2513,
      "event_id" : 46068292,
      "contributor" : null,
      "mag_type" : "ML",
      "event_location_name" : "11 km NE Valfabbrica (PG)",
      "magnitude" : 0.7,
      "time" : "2026-05-28 20:52:20Z",
      "mag_author" : null,
      "longitude" : 12.6415,
      "contributor_id" : null
    },
    "geometry" : {
      "type" : "Point",
      "coordinates" : [ 12.6415, 43.2513 ]
    },
    "id" : "46068292"
  }, {
    "type" : "Feature",
    "properties" : {
      "depth_km" : 31.2,
      "author" : "SURVEY-INGV",
      "catalog" : null,
      "latitude" : 38.4862,
      "event_id" : 46068152,
      "contributor" : null,
      "mag_type" : "ML",
      "event_location_name" : "Costa Siciliana centro-settentrionale (Palermo)",
      "magnitude" : 2.7,
      "time" : "2026-05-28 20:02:07Z",
      "mag_author" : null,
      "longitude" : 13.3007,
      "contributor_id" : null
    },
    "geometry" : {
      "type" : "Point",
      "coordinates" : [ 13.3007, 38.4862 ]
    },
    "id" : "46068152"
  }, {
    "type" : "Feature",
    "properties" : {
      "depth_km" : 4.0,
      "author" : "SURVEY-INGV",
      "catalog" : null,
      "latitude" : 45.8938,
      "event_id" : 46068082,
      "contributor" : null,
      "mag_type" : "ML",
      "event_location_name" : "Confine Italia-Slovenia (SLOVENIA)",
      "magnitude" : 1.8,
      "time" : "2026-05-28 19:54:48Z",
      "mag_author" : null,
      "longitude" : 13.901,
      "contributor_id" : null
    },
    "geometry" : {
      "type" : "Point",
      "coordinates" : [ 13.901, 45.8938 ]
    },
    "id" : "46068082"
  }, {
    "type" : "Feature",
    "properties" : {
      "depth_km" : 16.2,
      "author" : "SURVEY-INGV",
      "catalog" : null,
      "latitude" : 41.0232,
      "event_id" : 46068062,
      "contributor" : null,
      "mag_type" : "ML",
      "event_location_name" : "1 km E Torre Le Nocelle (AV)",
      "magnitude" : 0.8,
      "time" : "2026-05-28 19:25:58Z",
      "mag_author" : null,
      "longitude" : 14.9303,
      "contributor_id" : null
    },
    "geometry" : {
      "type" : "Point",
      "coordinates" : [ 14.9303, 41.0232 ]
    },
    "id" : "46068062"
  }, {
    "type" : "Feature",
    "properties" : {
      "depth_km" : 7.4,
      "author" : "SURVEY-INGV",
      "catalog" : null,
      "latitude" : 44.3307,
      "event_id" : 46067882,
      "contributor" : null,
      "mag_type" : "ML",
      "event_location_name" : "Confine Italia-Francia (FRANCIA)",
      "magnitude" : 1.5,
      "time" : "2026-05-28 18:32:47Z",
      "mag_author" : null,
      "longitude" : 6.8037,
      "contributor_id" : null
    },
    "geometry" : {
      "type" : "Point",
      "coordinates" : [ 6.8037, 44.3307 ]
    },
    "id" : "46067882"
  }, {
    "type" : "Feature",
    "properties" : {
      "depth_km" : 3.82,
      "author" : "SURVEY-INGV-OV#SiSmi",
      "catalog" : null,
      "latitude" : 40.817167,
      "event_id" : 46067852,
      "contributor" : null,
      "mag_type" : "Md",
      "event_location_name" : "Campi Flegrei",
      "magnitude" : 1.2,
      "time" : "2026-05-28 18:25:59Z",
      "mag_author" : null,
      "longitude" : 14.086,
      "contributor_id" : null
    },
    "geometry" : {
      "type" : "Point",
      "coordinates" : [ 14.086, 40.817167 ]
    },
    "id" : "46067852"
  }, {
    "type" : "Feature",
    "properties" : {
      "depth_km" : 10.5,
      "author" : "SURVEY-INGV",
      "catalog" : null,
      "latitude" : 42.8018,
      "event_id" : 46067092,
      "contributor" : null,
      "mag_type" : "ML",
      "event_location_name" : "2 km E Norcia (PG)",
      "magnitude" : 1.0,
      "time" : "2026-05-28 16:49:06Z",
      "mag_author" : null,
      "longitude" : 13.118,
      "contributor_id" : null
    },
    "geometry" : {
      "type" : "Point",
      "coordinates" : [ 13.118, 42.8018 ]
    },
    "id" : "46067092"
  }, {
    "type" : "Feature",
    "properties" : {
      "depth_km" : 4.0,
      "author" : "SURVEY-INGV",
      "catalog" : null,
      "latitude" : 43.0043,
      "event_id" : 46066032,
      "contributor" : null,
      "mag_type" : "ML",
      "event_location_name" : "4 km SE Fiordimonte (MC)",
      "magnitude" : 0.7,
      "time" : "2026-05-28 15:22:51Z",
      "mag_author" : null,
      "longitude" : 13.1192,
      "contributor_id" : null
    },
    "geometry" : {
      "type" : "Point",
      "coordinates" : [ 13.1192, 43.0043 ]
    },
    "id" : "46066032"
  }, {
    "type" : "Feature",
    "properties" : {
      "depth_km" : 9.5,
      "author" : "SURVEY-INGV",
      "catalog" : null,
      "latitude" : 46.143,
      "event_id" : 46065982,
      "contributor" : null,
      "mag_type" : "ML",
      "event_location_name" : "1 km W Albiano (TN)",
      "magnitude" : 1.2,
      "time" : "2026-05-28 15:22:19Z",
      "mag_author" : null,
      "longitude" : 11.1865,
      "contributor_id" : null
    },
    "geometry" : {
      "type" : "Point",
      "coordinates" : [ 11.1865, 46.143 ]
    },
    "id" : "46065982"
  }, {
    "type" : "Feature",
    "properties" : {
      "depth_km" : 9.5,
      "author" : "SURVEY-INGV",
      "catalog" : null,
      "latitude" : 46.143,
      "event_id" : 46065982,
      "contributor" : null,
      "mag_type" : "ML",
      "event_location_name" : "1 km W Albiano (TN)",
      "magnitude" : 1.2,
      "time" : "2026-05-28 15:22:19Z",
      "mag_author" : null,
      "longitude" : 11.1865,
      "contributor_id" : null
    },
    "geometry" : {
      "type" : "Point",
      "coordinates" : [ 11.1865, 46.143 ]
    },
    "id" : "46065982"
  }, {
    "type" : "Feature",
    "properties" : {
      "depth_km" : 9.4,
      "author" : "SURVEY-INGV",
      "catalog" : null,
      "latitude" : 45.0283,
      "event_id" : 46065772,
      "contributor" : null,
      "mag_type" : "ML",
      "event_location_name" : "3 km NE Ceneselli (RO)",
      "magnitude" : 2.8,
      "time" : "2026-05-28 15:08:46Z",
      "mag_author" : null,
      "longitude" : 11.3962,
      "contributor_id" : null
    },
    "geometry" : {
      "type" : "Point",
      "coordinates" : [ 11.3962, 45.0283 ]
    },
    "id" : "46065772"
  }, {
    "type" : "Feature",
    "properties" : {
      "depth_km" : 26.9,
      "author" : "SURVEY-INGV",
      "catalog" : null,
      "latitude" : 40.5425,
      "event_id" : 46065252,
      "contributor" : null,
      "mag_type" : "ML",
      "event_location_name" : "6 km N Ferrandina (MT)",
      "magnitude" : 1.6,
      "time" : "2026-05-28 14:12:21Z",
      "mag_author" : null,
      "longitude" : 16.4383,
      "contributor_id" : null
    },
    "geometry" : {
      "type" : "Point",
      "coordinates" : [ 16.4383, 40.5425 ]
    },
    "id" : "46065252"
  }, {
    "type" : "Feature",
    "properties" : {
      "depth_km" : 11.1,
      "author" : "SURVEY-INGV",
      "catalog" : null,
      "latitude" : 44.6872,
      "event_id" : 46064442,
      "contributor" : null,
      "mag_type" : "ML",
      "event_location_name" : "3 km W Envie (CN)",
      "magnitude" : 1.8,
      "time" : "2026-05-28 13:27:04Z",
      "mag_author" : null,
      "longitude" : 7.3398,
      "contributor_id" : null
    },
    "geometry" : {
      "type" : "Point",
      "coordinates" : [ 7.3398, 44.6872 ]
    },
    "id" : "46064442"
  }, {
    "type" : "Feature",
    "properties" : {
      "depth_km" : 13.8,
      "author" : "SURVEY-INGV",
      "catalog" : null,
      "latitude" : 43.0612,
      "event_id" : 46062172,
      "contributor" : null,
      "mag_type" : "ML",
      "event_location_name" : "3 km E Serravalle di Chienti (MC)",
      "magnitude" : 0.7,
      "time" : "2026-05-28 09:46:43Z",
      "mag_author" : null,
      "longitude" : 12.9828,
      "contributor_id" : null
    },
    "geometry" : {
      "type" : "Point",
      "coordinates" : [ 12.9828, 43.0612 ]
    },
    "id" : "46062172"
  }, {
    "type" : "Feature",
    "properties" : {
      "depth_km" : 9.375,
      "author" : "SURVEY-INGV-A",
      "catalog" : null,
      "latitude" : -13.6406,
      "event_id" : 46062252,
      "contributor" : null,
      "mag_type" : "mb",
      "event_location_name" : "Solomon Is. [Sea]",
      "magnitude" : 5.5,
      "time" : "2026-05-28 09:39:35Z",
      "mag_author" : null,
      "longitude" : 171.197,
      "contributor_id" : null
    },
    "geometry" : {
      "type" : "Point",
      "coordinates" : [ 171.197, -13.6406 ]
    },
    "id" : "46062252"
  }, {
    "type" : "Feature",
    "properties" : {
      "depth_km" : 9.375,
      "author" : "SURVEY-INGV-A",
      "catalog" : null,
      "latitude" : -13.6406,
      "event_id" : 46062252,
      "contributor" : null,
      "mag_type" : "mb",
      "event_location_name" : "Solomon Is. [Sea]",
      "magnitude" : 5.5,
      "time" : "2026-05-28 09:39:35Z",
      "mag_author" : null,
      "longitude" : 171.197,
      "contributor_id" : null
    },
    "geometry" : {
      "type" : "Point",
      "coordinates" : [ 171.197, -13.6406 ]
    },
    "id" : "46062252"
  }, {
    "type" : "Feature",
    "properties" : {
      "depth_km" : 18.3,
      "author" : "SURVEY-INGV",
      "catalog" : null,
      "latitude" : 41.2093,
      "event_id" : 46061932,
      "contributor" : null,
      "mag_type" : "ML",
      "event_location_name" : "7 km SE Cerignola (FG)",
      "magnitude" : 2.5,
      "time" : "2026-05-28 09:26:43Z",
      "mag_author" : null,
      "longitude" : 15.9402,
      "contributor_id" : null
    },
    "geometry" : {
      "type" : "Point",
      "coordinates" : [ 15.9402, 41.2093 ]
    },
    "id" : "46061932"
  }, {
    "type" : "Feature",
    "properties" : {
      "depth_km" : 9.1,
      "author" : "SURVEY-INGV",
      "catalog" : null,
      "latitude" : 42.9168,
      "event_id" : 46061712,
      "contributor" : null,
      "mag_type" : "ML",
      "event_location_name" : "4 km N Preci (PG)",
      "magnitude" : 0.3,
      "time" : "2026-05-28 08:53:07Z",
      "mag_author" : null,
      "longitude" : 13.0275,
      "contributor_id" : null
    },
    "geometry" : {
      "type" : "Point",
      "coordinates" : [ 13.0275, 42.9168 ]
    },
    "id" : "46061712"
  }, {
    "type" : "Feature",
    "properties" : {
      "depth_km" : 10.6,
      "author" : "SURVEY-INGV",
      "catalog" : null,
      "latitude" : 42.979,
      "event_id" : 46061432,
      "contributor" : null,
      "mag_type" : "ML",
      "event_location_name" : "4 km NE Ussita (MC)",
      "magnitude" : 1.1,
      "time" : "2026-05-28 08:22:10Z",
      "mag_author" : null,
      "longitude" : 13.1563,
      "contributor_id" : null
    },
    "geometry" : {
      "type" : "Point",
      "coordinates" : [ 13.1563, 42.979 ]
    },
    "id" : "46061432"
  }, {
    "type" : "Feature",
    "properties" : {
      "depth_km" : 13.1,
      "author" : "SURVEY-INGV",
      "catalog" : null,
      "latitude" : 43.5962,
      "event_id" : 46060852,
      "contributor" : null,
      "mag_type" : "ML",
      "event_location_name" : "4 km NE Apecchio (PU)",
      "magnitude" : 1.7,
      "time" : "2026-05-28 07:35:30Z",
      "mag_author" : null,
      "longitude" : 12.4417,
      "contributor_id" : null
    },
    "geometry" : {
      "type" : "Point",
      "coordinates" : [ 12.4417, 43.5962 ]
    },
    "id" : "46060852"
  }, {
    "type" : "Feature",
    "properties" : {
      "depth_km" : 12.3,
      "author" : "SURVEY-INGV",
      "catalog" : null,
      "latitude" : 42.5432,
      "event_id" : 46060662,
      "contributor" : null,
      "mag_type" : "ML",
      "event_location_name" : "3 km SW Campotosto (AQ)",
      "magnitude" : 1.0,
      "time" : "2026-05-28 07:15:28Z",
      "mag_author" : null,
      "longitude" : 13.3423,
      "contributor_id" : null
    },
    "geometry" : {
      "type" : "Point",
      "coordinates" : [ 13.3423, 42.5432 ]
    },
    "id" : "46060662"
  }, {
    "type" : "Feature",
    "properties" : {
      "depth_km" : 0.5,
      "author" : "SURVEY-INGV",
      "catalog" : null,
      "latitude" : 43.6143,
      "event_id" : 46060312,
      "contributor" : null,
      "mag_type" : "ML",
      "event_location_name" : "4 km NE Piobbico (PU)",
      "magnitude" : 0.7,
      "time" : "2026-05-28 06:44:56Z",
      "mag_author" : null,
      "longitude" : 12.5407,
      "contributor_id" : null
    },
    "geometry" : {
      "type" : "Point",
      "coordinates" : [ 12.5407, 43.6143 ]
    },
    "id" : "46060312"
  }, {
    "type" : "Feature",
    "properties" : {
      "depth_km" : 13.0,
      "author" : "SURVEY-INGV",
      "catalog" : null,
      "latitude" : 42.6713,
      "event_id" : 46060162,
      "contributor" : null,
      "mag_type" : "ML",
      "event_location_name" : "3 km SE Accumoli (RI)",
      "magnitude" : 0.9,
      "time" : "2026-05-28 06:29:38Z",
      "mag_author" : null,
      "longitude" : 13.2733,
      "contributor_id" : null
    },
    "geometry" : {
      "type" : "Point",
      "coordinates" : [ 13.2733, 42.6713 ]
    },
    "id" : "46060162"
  }, {
    "type" : "Feature",
    "properties" : {
      "depth_km" : 11.6,
      "author" : "SURVEY-INGV",
      "catalog" : null,
      "latitude" : 42.6652,
      "event_id" : 46060112,
      "contributor" : null,
      "mag_type" : "ML",
      "event_location_name" : "4 km SE Accumoli (RI)",
      "magnitude" : 1.6,
      "time" : "2026-05-28 06:26:17Z",
      "mag_author" : null,
      "longitude" : 13.2637,
      "contributor_id" : null
    },
    "geometry" : {
      "type" : "Point",
      "coordinates" : [ 13.2637, 42.6652 ]
    },
    "id" : "46060112"
  }, {
    "type" : "Feature",
    "properties" : {
      "depth_km" : 10.3,
      "author" : "SURVEY-INGV",
      "catalog" : null,
      "latitude" : 42.7725,
      "event_id" : 46059992,
      "contributor" : null,
      "mag_type" : "ML",
      "event_location_name" : "5 km W Arquata del Tronto (AP)",
      "magnitude" : 1.3,
      "time" : "2026-05-28 06:19:57Z",
      "mag_author" : null,
      "longitude" : 13.2418,
      "contributor_id" : null
    },
    "geometry" : {
      "type" : "Point",
      "coordinates" : [ 13.2418, 42.7725 ]
    },
    "id" : "46059992"
  }, {
    "type" : "Feature",
    "properties" : {
      "depth_km" : 31.4,
      "author" : "SURVEY-INGV",
      "catalog" : null,
      "latitude" : 39.0363,
      "event_id" : 46059572,
      "contributor" : null,
      "mag_type" : "ML",
      "event_location_name" : "2 km W Petronà (CZ)",
      "magnitude" : 1.5,
      "time" : "2026-05-28 05:58:09Z",
      "mag_author" : null,
      "longitude" : 16.7392,
      "contributor_id" : null
    },
    "geometry" : {
      "type" : "Point",
      "coordinates" : [ 16.7392, 39.0363 ]
    },
    "id" : "46059572"
  }, {
    "type" : "Feature",
    "properties" : {
      "depth_km" : 17.1,
      "author" : "SURVEY-INGV",
      "catalog" : null,
      "latitude" : 43.5167,
      "event_id" : 46059432,
      "contributor" : null,
      "mag_type" : "ML",
      "event_location_name" : "3 km W Frontone (PU)",
      "magnitude" : 1.0,
      "time" : "2026-05-28 05:48:47Z",
      "mag_author" : null,
      "longitude" : 12.7017,
      "contributor_id" : null
    },
    "geometry" : {
      "type" : "Point",
      "coordinates" : [ 12.7017, 43.5167 ]
    },
    "id" : "46059432"
  }, {
    "type" : "Feature",
    "properties" : {
      "depth_km" : 40.5,
      "author" : "SURVEY-INGV",
      "catalog" : null,
      "latitude" : 39.4403,
      "event_id" : 46058912,
      "contributor" : null,
      "mag_type" : "ML",
      "event_location_name" : "4 km NE Fuscaldo (CS)",
      "magnitude" : 1.3,
      "time" : "2026-05-28 05:00:38Z",
      "mag_author" : null,
      "longitude" : 16.0737,
      "contributor_id" : null
    },
    "geometry" : {
      "type" : "Point",
      "coordinates" : [ 16.0737, 39.4403 ]
    },
    "id" : "46058912"
  }, {
    "type" : "Feature",
    "properties" : {
      "depth_km" : 18.3,
      "author" : "SURVEY-INGV",
      "catalog" : null,
      "latitude" : 40.5062,
      "event_id" : 46058582,
      "contributor" : null,
      "mag_type" : "ML",
      "event_location_name" : "1 km SW Polla (SA)",
      "magnitude" : 0.8,
      "time" : "2026-05-28 03:58:12Z",
      "mag_author" : null,
      "longitude" : 15.4833,
      "contributor_id" : null
    },
    "geometry" : {
      "type" : "Point",
      "coordinates" : [ 15.4833, 40.5062 ]
    },
    "id" : "46058582"
  }, {
    "type" : "Feature",
    "properties" : {
      "depth_km" : 10.4,
      "author" : "SURVEY-INGV",
      "catalog" : null,
      "latitude" : 46.3443,
      "event_id" : 46058152,
      "contributor" : null,
      "mag_type" : "ML",
      "event_location_name" : "4 km E Venzone (UD)",
      "magnitude" : 0.7,
      "time" : "2026-05-28 02:46:59Z",
      "mag_author" : null,
      "longitude" : 13.1907,
      "contributor_id" : null
    },
    "geometry" : {
      "type" : "Point",
      "coordinates" : [ 13.1907, 46.3443 ]
    },
    "id" : "46058152"
  }, {
    "type" : "Feature",
    "properties" : {
      "depth_km" : 13.3,
      "author" : "SURVEY-INGV",
      "catalog" : null,
      "latitude" : 43.5968,
      "event_id" : 46057922,
      "contributor" : null,
      "mag_type" : "ML",
      "event_location_name" : "5 km NE Apecchio (PU)",
      "magnitude" : 1.1,
      "time" : "2026-05-28 01:44:17Z",
      "mag_author" : null,
      "longitude" : 12.4447,
      "contributor_id" : null
    },
    "geometry" : {
      "type" : "Point",
      "coordinates" : [ 12.4447, 43.5968 ]
    },
    "id" : "46057922"
  }, {
    "type" : "Feature",
    "properties" : {
      "depth_km" : 13.3,
      "author" : "SURVEY-INGV",
      "catalog" : null,
      "latitude" : 43.5968,
      "event_id" : 46057922,
      "contributor" : null,
      "mag_type" : "ML",
      "event_location_name" : "5 km NE Apecchio (PU)",
      "magnitude" : 1.1,
      "time" : "2026-05-28 01:44:17Z",
      "mag_author" : null,
      "longitude" : 12.4447,
      "contributor_id" : null
    },
    "geometry" : {
      "type" : "Point",
      "coordinates" : [ 12.4447, 43.5968 ]
    },
    "id" : "46057922"
  }, {
    "type" : "Feature",
    "properties" : {
      "depth_km" : 13.6,
      "author" : "SURVEY-INGV",
      "catalog" : null,
      "latitude" : 43.5978,
      "event_id" : 46057882,
      "contributor" : null,
      "mag_type" : "ML",
      "event_location_name" : "5 km W Piobbico (PU)",
      "magnitude" : 0.7,
      "time" : "2026-05-28 01:29:22Z",
      "mag_author" : null,
      "longitude" : 12.4555,
      "contributor_id" : null
    },
    "geometry" : {
      "type" : "Point",
      "coordinates" : [ 12.4555, 43.5978 ]
    },
    "id" : "46057882"
  }, {
    "type" : "Feature",
    "properties" : {
      "depth_km" : 13.8,
      "author" : "SURVEY-INGV",
      "catalog" : null,
      "latitude" : 43.5957,
      "event_id" : 46057772,
      "contributor" : null,
      "mag_type" : "ML",
      "event_location_name" : "5 km NE Apecchio (PU)",
      "magnitude" : 1.2,
      "time" : "2026-05-28 01:09:27Z",
      "mag_author" : null,
      "longitude" : 12.4515,
      "contributor_id" : null
    },
    "geometry" : {
      "type" : "Point",
      "coordinates" : [ 12.4515, 43.5957 ]
    },
    "id" : "46057772"
  }, {
    "type" : "Feature",
    "properties" : {
      "depth_km" : 11.3,
      "author" : "SURVEY-INGV",
      "catalog" : null,
      "latitude" : 43.6068,
      "event_id" : 46057732,
      "contributor" : null,
      "mag_type" : "ML",
      "event_location_name" : "5 km N Apecchio (PU)",
      "magnitude" : 0.9,
      "time" : "2026-05-28 01:08:47Z",
      "mag_author" : null,
      "longitude" : 12.4368,
      "contributor_id" : null
    },
    "geometry" : {
      "type" : "Point",
      "coordinates" : [ 12.4368, 43.6068 ]
    },
    "id" : "46057732"
  }, {
    "type" : "Feature",
    "properties" : {
      "depth_km" : 11.3,
      "author" : "SURVEY-INGV",
      "catalog" : null,
      "latitude" : 43.6068,
      "event_id" : 46057732,
      "contributor" : null,
      "mag_type" : "ML",
      "event_location_name" : "5 km N Apecchio (PU)",
      "magnitude" : 0.9,
      "time" : "2026-05-28 01:08:47Z",
      "mag_author" : null,
      "longitude" : 12.4368,
      "contributor_id" : null
    },
    "geometry" : {
      "type" : "Point",
      "coordinates" : [ 12.4368, 43.6068 ]
    },
    "id" : "46057732"
  }, {
    "type" : "Feature",
    "properties" : {
      "depth_km" : 13.3,
      "author" : "SURVEY-INGV",
      "catalog" : null,
      "latitude" : 43.6117,
      "event_id" : 46057642,
      "contributor" : null,
      "mag_type" : "ML",
      "event_location_name" : "6 km W Piobbico (PU)",
      "magnitude" : 1.1,
      "time" : "2026-05-28 01:05:31Z",
      "mag_author" : null,
      "longitude" : 12.4498,
      "contributor_id" : null
    },
    "geometry" : {
      "type" : "Point",
      "coordinates" : [ 12.4498, 43.6117 ]
    },
    "id" : "46057642"
  }, {
    "type" : "Feature",
    "properties" : {
      "depth_km" : 12.4,
      "author" : "SURVEY-INGV",
      "catalog" : null,
      "latitude" : 43.6037,
      "event_id" : 46057582,
      "contributor" : null,
      "mag_type" : "ML",
      "event_location_name" : "5 km NE Apecchio (PU)",
      "magnitude" : 0.9,
      "time" : "2026-05-28 01:03:30Z",
      "mag_author" : null,
      "longitude" : 12.4468,
      "contributor_id" : null
    },
    "geometry" : {
      "type" : "Point",
      "coordinates" : [ 12.4468, 43.6037 ]
    },
    "id" : "46057582"
  }, {
    "type" : "Feature",
    "properties" : {
      "depth_km" : 12.4,
      "author" : "SURVEY-INGV",
      "catalog" : null,
      "latitude" : 43.6037,
      "event_id" : 46057582,
      "contributor" : null,
      "mag_type" : "ML",
      "event_location_name" : "5 km NE Apecchio (PU)",
      "magnitude" : 0.9,
      "time" : "2026-05-28 01:03:30Z",
      "mag_author" : null,
      "longitude" : 12.4468,
      "contributor_id" : null
    },
    "geometry" : {
      "type" : "Point",
      "coordinates" : [ 12.4468, 43.6037 ]
    },
    "id" : "46057582"
  }, {
    "type" : "Feature",
    "properties" : {
      "depth_km" : 14.1,
      "author" : "SURVEY-INGV",
      "catalog" : null,
      "latitude" : 43.5887,
      "event_id" : 46057512,
      "contributor" : null,
      "mag_type" : "ML",
      "event_location_name" : "4 km NE Apecchio (PU)",
      "magnitude" : 2.0,
      "time" : "2026-05-28 01:02:36Z",
      "mag_author" : null,
      "longitude" : 12.4438,
      "contributor_id" : null
    },
    "geometry" : {
      "type" : "Point",
      "coordinates" : [ 12.4438, 43.5887 ]
    },
    "id" : "46057512"
  }, {
    "type" : "Feature",
    "properties" : {
      "depth_km" : 9.9,
      "author" : "SURVEY-INGV",
      "catalog" : null,
      "latitude" : 38.5748,
      "event_id" : 46057402,
      "contributor" : null,
      "mag_type" : "ML",
      "event_location_name" : "Isole Eolie (Messina)",
      "magnitude" : 1.6,
      "time" : "2026-05-28 00:50:03Z",
      "mag_author" : null,
      "longitude" : 14.2285,
      "contributor_id" : null
    },
    "geometry" : {
      "type" : "Point",
      "coordinates" : [ 14.2285, 38.5748 ]
    },
    "id" : "46057402"
  }, {
    "type" : "Feature",
    "properties" : {
      "depth_km" : 13.5,
      "author" : "SURVEY-INGV",
      "catalog" : null,
      "latitude" : 43.5983,
      "event_id" : 46057332,
      "contributor" : null,
      "mag_type" : "ML",
      "event_location_name" : "5 km W Piobbico (PU)",
      "magnitude" : 2.1,
      "time" : "2026-05-28 00:48:09Z",
      "mag_author" : null,
      "longitude" : 12.4513,
      "contributor_id" : null
    },
    "geometry" : {
      "type" : "Point",
      "coordinates" : [ 12.4513, 43.5983 ]
    },
    "id" : "46057332"
  }, {
    "type" : "Feature",
    "properties" : {
      "depth_km" : 13.5,
      "author" : "SURVEY-INGV",
      "catalog" : null,
      "latitude" : 43.5918,
      "event_id" : 46057282,
      "contributor" : null,
      "mag_type" : "ML",
      "event_location_name" : "4 km NE Apecchio (PU)",
      "magnitude" : 1.8,
      "time" : "2026-05-28 00:47:58Z",
      "mag_author" : null,
      "longitude" : 12.4522,
      "contributor_id" : null
    },
    "geometry" : {
      "type" : "Point",
      "coordinates" : [ 12.4522, 43.5918 ]
    },
    "id" : "46057282"
  }, {
    "type" : "Feature",
    "properties" : {
      "depth_km" : 13.5,
      "author" : "SURVEY-INGV",
      "catalog" : null,
      "latitude" : 43.5918,
      "event_id" : 46057282,
      "contributor" : null,
      "mag_type" : "ML",
      "event_location_name" : "4 km NE Apecchio (PU)",
      "magnitude" : 1.8,
      "time" : "2026-05-28 00:47:58Z",
      "mag_author" : null,
      "longitude" : 12.4522,
      "contributor_id" : null
    },
    "geometry" : {
      "type" : "Point",
      "coordinates" : [ 12.4522, 43.5918 ]
    },
    "id" : "46057282"
  }, {
    "type" : "Feature",
    "properties" : {
      "depth_km" : 13.5,
      "author" : "SURVEY-INGV",
      "catalog" : null,
      "latitude" : 43.5918,
      "event_id" : 46057282,
      "contributor" : null,
      "mag_type" : "ML",
      "event_location_name" : "4 km NE Apecchio (PU)",
      "magnitude" : 1.8,
      "time" : "2026-05-28 00:47:58Z",
      "mag_author" : null,
      "longitude" : 12.4522,
      "contributor_id" : null
    },
    "geometry" : {
      "type" : "Point",
      "coordinates" : [ 12.4522, 43.5918 ]
    },
    "id" : "46057282"
  }, {
    "type" : "Feature",
    "properties" : {
      "depth_km" : 13.9,
      "author" : "SURVEY-INGV",
      "catalog" : null,
      "latitude" : 43.5963,
      "event_id" : 46057152,
      "contributor" : null,
      "mag_type" : "ML",
      "event_location_name" : "5 km NE Apecchio (PU)",
      "magnitude" : 1.2,
      "time" : "2026-05-28 00:22:31Z",
      "mag_author" : null,
      "longitude" : 12.4493,
      "contributor_id" : null
    },
    "geometry" : {
      "type" : "Point",
      "coordinates" : [ 12.4493, 43.5963 ]
    },
    "id" : "46057152"
  }, {
    "type" : "Feature",
    "properties" : {
      "depth_km" : 15.2,
      "author" : "SURVEY-INGV",
      "catalog" : null,
      "latitude" : 43.5935,
      "event_id" : 46057072,
      "contributor" : null,
      "mag_type" : "ML",
      "event_location_name" : "4 km NE Apecchio (PU)",
      "magnitude" : 1.5,
      "time" : "2026-05-28 00:19:06Z",
      "mag_author" : null,
      "longitude" : 12.4482,
      "contributor_id" : null
    },
    "geometry" : {
      "type" : "Point",
      "coordinates" : [ 12.4482, 43.5935 ]
    },
    "id" : "46057072"
  }, {
    "type" : "Feature",
    "properties" : {
      "depth_km" : 15.2,
      "author" : "SURVEY-INGV",
      "catalog" : null,
      "latitude" : 43.5935,
      "event_id" : 46057072,
      "contributor" : null,
      "mag_type" : "ML",
      "event_location_name" : "4 km NE Apecchio (PU)",
      "magnitude" : 1.5,
      "time" : "2026-05-28 00:19:06Z",
      "mag_author" : null,
      "longitude" : 12.4482,
      "contributor_id" : null
    },
    "geometry" : {
      "type" : "Point",
      "coordinates" : [ 12.4482, 43.5935 ]
    },
    "id" : "46057072"
  }, {
    "type" : "Feature",
    "properties" : {
      "depth_km" : 9.4,
      "author" : "SURVEY-INGV",
      "catalog" : null,
      "latitude" : 37.7867,
      "event_id" : 46057002,
      "contributor" : null,
      "mag_type" : "ML",
      "event_location_name" : "4 km N Valledolmo (PA)",
      "magnitude" : 1.5,
      "time" : "2026-05-27 23:36:54Z",
      "mag_author" : null,
      "longitude" : 13.8308,
      "contributor_id" : null
    },
    "geometry" : {
      "type" : "Point",
      "coordinates" : [ 13.8308, 37.7867 ]
    },
    "id" : "46057002"
  }, {
    "type" : "Feature",
    "properties" : {
      "depth_km" : 8.1,
      "author" : "SURVEY-INGV",
      "catalog" : null,
      "latitude" : 42.5788,
      "event_id" : 46056912,
      "contributor" : null,
      "mag_type" : "ML",
      "event_location_name" : "5 km W Arrone (TR)",
      "magnitude" : 1.1,
      "time" : "2026-05-27 22:53:10Z",
      "mag_author" : null,
      "longitude" : 12.7093,
      "contributor_id" : null
    },
    "geometry" : {
      "type" : "Point",
      "coordinates" : [ 12.7093, 42.5788 ]
    },
    "id" : "46056912"
  }, {
    "type" : "Feature",
    "properties" : {
      "depth_km" : 7.2,
      "author" : "SURVEY-INGV",
      "catalog" : null,
      "latitude" : 41.9493,
      "event_id" : 46056732,
      "contributor" : null,
      "mag_type" : "ML",
      "event_location_name" : "Costa Garganica (Foggia)",
      "magnitude" : 1.6,
      "time" : "2026-05-27 21:40:31Z",
      "mag_author" : null,
      "longitude" : 15.4932,
      "contributor_id" : null
    },
    "geometry" : {
      "type" : "Point",
      "coordinates" : [ 15.4932, 41.9493 ]
    },
    "id" : "46056732"
  }, {
    "type" : "Feature",
    "properties" : {
      "depth_km" : 13.5,
      "author" : "SURVEY-INGV",
      "catalog" : null,
      "latitude" : 43.0793,
      "event_id" : 46056522,
      "contributor" : null,
      "mag_type" : "ML",
      "event_location_name" : "4 km W Muccia (MC)",
      "magnitude" : 1.1,
      "time" : "2026-05-27 19:14:33Z",
      "mag_author" : null,
      "longitude" : 12.9997,
      "contributor_id" : null
    },
    "geometry" : {
      "type" : "Point",
      "coordinates" : [ 12.9997, 43.0793 ]
    },
    "id" : "46056522"
  }, {
    "type" : "Feature",
    "properties" : {
      "depth_km" : 11.7,
      "author" : "SURVEY-INGV",
      "catalog" : null,
      "latitude" : 42.6288,
      "event_id" : 46056472,
      "contributor" : null,
      "mag_type" : "ML",
      "event_location_name" : "1 km E Amatrice (RI)",
      "magnitude" : 1.2,
      "time" : "2026-05-27 19:05:06Z",
      "mag_author" : null,
      "longitude" : 13.3053,
      "contributor_id" : null
    },
    "geometry" : {
      "type" : "Point",
      "coordinates" : [ 13.3053, 42.6288 ]
    },
    "id" : "46056472"
  }, {
    "type" : "Feature",
    "properties" : {
      "depth_km" : 9.3,
      "author" : "SURVEY-INGV",
      "catalog" : null,
      "latitude" : 38.5732,
      "event_id" : 46056372,
      "contributor" : null,
      "mag_type" : "ML",
      "event_location_name" : "Isole Eolie (Messina)",
      "magnitude" : 1.8,
      "time" : "2026-05-27 18:56:04Z",
      "mag_author" : null,
      "longitude" : 14.2295,
      "contributor_id" : null
    },
    "geometry" : {
      "type" : "Point",
      "coordinates" : [ 14.2295, 38.5732 ]
    },
    "id" : "46056372"
  }, {
    "type" : "Feature",
    "properties" : {
      "depth_km" : 10.4,
      "author" : "SURVEY-INGV",
      "catalog" : null,
      "latitude" : 38.5543,
      "event_id" : 46056162,
      "contributor" : null,
      "mag_type" : "ML",
      "event_location_name" : "Isole Eolie (Messina)",
      "magnitude" : 2.8,
      "time" : "2026-05-27 18:19:22Z",
      "mag_author" : null,
      "longitude" : 14.2188,
      "contributor_id" : null
    },
    "geometry" : {
      "type" : "Point",
      "coordinates" : [ 14.2188, 38.5543 ]
    },
    "id" : "46056162"
  }, {
    "type" : "Feature",
    "properties" : {
      "depth_km" : 8.9,
      "author" : "SURVEY-INGV",
      "catalog" : null,
      "latitude" : 38.5557,
      "event_id" : 46055972,
      "contributor" : null,
      "mag_type" : "ML",
      "event_location_name" : "Isole Eolie (Messina)",
      "magnitude" : 3.0,
      "time" : "2026-05-27 17:36:09Z",
      "mag_author" : null,
      "longitude" : 14.2138,
      "contributor_id" : null
    },
    "geometry" : {
      "type" : "Point",
      "coordinates" : [ 14.2138, 38.5557 ]
    },
    "id" : "46055972"
  }, {
    "type" : "Feature",
    "properties" : {
      "depth_km" : 10.7,
      "author" : "SURVEY-INGV",
      "catalog" : null,
      "latitude" : 45.7868,
      "event_id" : 46055922,
      "contributor" : null,
      "mag_type" : "ML",
      "event_location_name" : "4 km NW Ala (TN)",
      "magnitude" : 1.0,
      "time" : "2026-05-27 17:35:43Z",
      "mag_author" : null,
      "longitude" : 10.9873,
      "contributor_id" : null
    },
    "geometry" : {
      "type" : "Point",
      "coordinates" : [ 10.9873, 45.7868 ]
    },
    "id" : "46055922"
  }, {
    "type" : "Feature",
    "properties" : {
      "depth_km" : 9.8,
      "author" : "SURVEY-INGV",
      "catalog" : null,
      "latitude" : 38.5793,
      "event_id" : 46055872,
      "contributor" : null,
      "mag_type" : "ML",
      "event_location_name" : "Isole Eolie (Messina)",
      "magnitude" : 3.8,
      "time" : "2026-05-27 17:34:46Z",
      "mag_author" : null,
      "longitude" : 14.2123,
      "contributor_id" : null
    },
    "geometry" : {
      "type" : "Point",
      "coordinates" : [ 14.2123, 38.5793 ]
    },
    "id" : "46055872"
  }, {
    "type" : "Feature",
    "properties" : {
      "depth_km" : 7.8,
      "author" : "SURVEY-INGV",
      "catalog" : null,
      "latitude" : 37.8752,
      "event_id" : 46055642,
      "contributor" : null,
      "mag_type" : "ML",
      "event_location_name" : "Stretto di Messina (Reggio di Calabria, Messina)",
      "magnitude" : 1.0,
      "time" : "2026-05-27 17:05:22Z",
      "mag_author" : null,
      "longitude" : 15.4345,
      "contributor_id" : null
    },
    "geometry" : {
      "type" : "Point",
      "coordinates" : [ 15.4345, 37.8752 ]
    },
    "id" : "46055642"
  }, {
    "type" : "Feature",
    "properties" : {
      "depth_km" : 11.3,
      "author" : "SURVEY-INGV",
      "catalog" : null,
      "latitude" : 42.6768,
      "event_id" : 46054872,
      "contributor" : null,
      "mag_type" : "ML",
      "event_location_name" : "4 km S Scheggino (PG)",
      "magnitude" : 1.4,
      "time" : "2026-05-27 15:13:19Z",
      "mag_author" : null,
      "longitude" : 12.8433,
      "contributor_id" : null
    },
    "geometry" : {
      "type" : "Point",
      "coordinates" : [ 12.8433, 42.6768 ]
    },
    "id" : "46054872"
  }, {
    "type" : "Feature",
    "properties" : {
      "depth_km" : 8.7,
      "author" : "SURVEY-INGV",
      "catalog" : null,
      "latitude" : 46.1482,
      "event_id" : 46054732,
      "contributor" : null,
      "mag_type" : "ML",
      "event_location_name" : "1 km W Albiano (TN)",
      "magnitude" : 1.0,
      "time" : "2026-05-27 15:00:06Z",
      "mag_author" : null,
      "longitude" : 11.1817,
      "contributor_id" : null
    },
    "geometry" : {
      "type" : "Point",
      "coordinates" : [ 11.1817, 46.1482 ]
    },
    "id" : "46054732"
  }, {
    "type" : "Feature",
    "properties" : {
      "depth_km" : 8.3,
      "author" : "SURVEY-INGV",
      "catalog" : null,
      "latitude" : 44.0507,
      "event_id" : 46054212,
      "contributor" : null,
      "mag_type" : "ML",
      "event_location_name" : "Costa Ligure orientale (La Spezia)",
      "magnitude" : 0.9,
      "time" : "2026-05-27 14:12:07Z",
      "mag_author" : null,
      "longitude" : 9.905,
      "contributor_id" : null
    },
    "geometry" : {
      "type" : "Point",
      "coordinates" : [ 9.905, 44.0507 ]
    },
    "id" : "46054212"
  }, {
    "type" : "Feature",
    "properties" : {
      "depth_km" : 5.5,
      "author" : "SURVEY-INGV",
      "catalog" : null,
      "latitude" : 41.5883,
      "event_id" : 46053952,
      "contributor" : null,
      "mag_type" : "ML",
      "event_location_name" : "14 km S San Giovanni Rotondo (FG)",
      "magnitude" : 1.8,
      "time" : "2026-05-27 14:00:51Z",
      "mag_author" : null,
      "longitude" : 15.7003,
      "contributor_id" : null
    },
    "geometry" : {
      "type" : "Point",
      "coordinates" : [ 15.7003, 41.5883 ]
    },
    "id" : "46053952"
  }, {
    "type" : "Feature",
    "properties" : {
      "depth_km" : 5.5,
      "author" : "SURVEY-INGV",
      "catalog" : null,
      "latitude" : 41.5883,
      "event_id" : 46053952,
      "contributor" : null,
      "mag_type" : "ML",
      "event_location_name" : "14 km S San Giovanni Rotondo (FG)",
      "magnitude" : 1.8,
      "time" : "2026-05-27 14:00:51Z",
      "mag_author" : null,
      "longitude" : 15.7003,
      "contributor_id" : null
    },
    "geometry" : {
      "type" : "Point",
      "coordinates" : [ 15.7003, 41.5883 ]
    },
    "id" : "46053952"
  }, {
    "type" : "Feature",
    "properties" : {
      "depth_km" : 19.4,
      "author" : "SURVEY-INGV",
      "catalog" : null,
      "latitude" : 42.1138,
      "event_id" : 46053162,
      "contributor" : null,
      "mag_type" : "ML",
      "event_location_name" : "1 km NE Raiano (AQ)",
      "magnitude" : 0.9,
      "time" : "2026-05-27 12:37:36Z",
      "mag_author" : null,
      "longitude" : 13.816,
      "contributor_id" : null
    },
    "geometry" : {
      "type" : "Point",
      "coordinates" : [ 13.816, 42.1138 ]
    },
    "id" : "46053162"
  }, {
    "type" : "Feature",
    "properties" : {
      "depth_km" : 19.4,
      "author" : "SURVEY-INGV",
      "catalog" : null,
      "latitude" : 42.1138,
      "event_id" : 46053162,
      "contributor" : null,
      "mag_type" : "ML",
      "event_location_name" : "1 km NE Raiano (AQ)",
      "magnitude" : 0.9,
      "time" : "2026-05-27 12:37:36Z",
      "mag_author" : null,
      "longitude" : 13.816,
      "contributor_id" : null
    },
    "geometry" : {
      "type" : "Point",
      "coordinates" : [ 13.816, 42.1138 ]
    },
    "id" : "46053162"
  }, {
    "type" : "Feature",
    "properties" : {
      "depth_km" : 10.6,
      "author" : "SURVEY-INGV",
      "catalog" : null,
      "latitude" : 42.7247,
      "event_id" : 46052852,
      "contributor" : null,
      "mag_type" : "ML",
      "event_location_name" : "6 km E Cascia (PG)",
      "magnitude" : 1.6,
      "time" : "2026-05-27 12:12:50Z",
      "mag_author" : null,
      "longitude" : 13.0837,
      "contributor_id" : null
    },
    "geometry" : {
      "type" : "Point",
      "coordinates" : [ 13.0837, 42.7247 ]
    },
    "id" : "46052852"
  }, {
    "type" : "Feature",
    "properties" : {
      "depth_km" : 9.2,
      "author" : "SURVEY-INGV",
      "catalog" : null,
      "latitude" : 44.5042,
      "event_id" : 46052472,
      "contributor" : null,
      "mag_type" : "ML",
      "event_location_name" : "2 km W Bedonia (PR)",
      "magnitude" : 1.9,
      "time" : "2026-05-27 11:41:00Z",
      "mag_author" : null,
      "longitude" : 9.6108,
      "contributor_id" : null
    },
    "geometry" : {
      "type" : "Point",
      "coordinates" : [ 9.6108, 44.5042 ]
    },
    "id" : "46052472"
  }, {
    "type" : "Feature",
    "properties" : {
      "depth_km" : 17.2,
      "author" : "SURVEY-INGV",
      "catalog" : null,
      "latitude" : 42.9863,
      "event_id" : 46052432,
      "contributor" : null,
      "mag_type" : "ML",
      "event_location_name" : "5 km N Ussita (MC)",
      "magnitude" : 0.9,
      "time" : "2026-05-27 11:39:50Z",
      "mag_author" : null,
      "longitude" : 13.1523,
      "contributor_id" : null
    },
    "geometry" : {
      "type" : "Point",
      "coordinates" : [ 13.1523, 42.9863 ]
    },
    "id" : "46052432"
  }, {
    "type" : "Feature",
    "properties" : {
      "depth_km" : 10.1,
      "author" : "SURVEY-INGV",
      "catalog" : null,
      "latitude" : 44.5057,
      "event_id" : 46052392,
      "contributor" : null,
      "mag_type" : "ML",
      "event_location_name" : "2 km W Bedonia (PR)",
      "magnitude" : 1.3,
      "time" : "2026-05-27 11:35:21Z",
      "mag_author" : null,
      "longitude" : 9.6027,
      "contributor_id" : null
    },
    "geometry" : {
      "type" : "Point",
      "coordinates" : [ 9.6027, 44.5057 ]
    },
    "id" : "46052392"
  }, {
    "type" : "Feature",
    "properties" : {
      "depth_km" : 10.3,
      "author" : "SURVEY-INGV",
      "catalog" : null,
      "latitude" : 44.5002,
      "event_id" : 46052212,
      "contributor" : null,
      "mag_type" : "ML",
      "event_location_name" : "1 km W Bedonia (PR)",
      "magnitude" : 2.3,
      "time" : "2026-05-27 11:23:42Z",
      "mag_author" : null,
      "longitude" : 9.6178,
      "contributor_id" : null
    },
    "geometry" : {
      "type" : "Point",
      "coordinates" : [ 9.6178, 44.5002 ]
    },
    "id" : "46052212"
  }, {
    "type" : "Feature",
    "properties" : {
      "depth_km" : 10.9,
      "author" : "SURVEY-INGV",
      "catalog" : null,
      "latitude" : 44.8672,
      "event_id" : 46052022,
      "contributor" : null,
      "mag_type" : "ML",
      "event_location_name" : "Confine Italia-Francia (FRANCIA)",
      "magnitude" : 1.1,
      "time" : "2026-05-27 11:02:08Z",
      "mag_author" : null,
      "longitude" : 6.655,
      "contributor_id" : null
    },
    "geometry" : {
      "type" : "Point",
      "coordinates" : [ 6.655, 44.8672 ]
    },
    "id" : "46052022"
  }, {
    "type" : "Feature",
    "properties" : {
      "depth_km" : 10.3,
      "author" : "SURVEY-INGV",
      "catalog" : null,
      "latitude" : 44.496,
      "event_id" : 46051402,
      "contributor" : null,
      "mag_type" : "ML",
      "event_location_name" : "1 km NW Tornolo (PR)",
      "magnitude" : 1.9,
      "time" : "2026-05-27 09:01:53Z",
      "mag_author" : null,
      "longitude" : 9.6163,
      "contributor_id" : null
    },
    "geometry" : {
      "type" : "Point",
      "coordinates" : [ 9.6163, 44.496 ]
    },
    "id" : "46051402"
  }, {
    "type" : "Feature",
    "properties" : {
      "depth_km" : 10.3,
      "author" : "SURVEY-INGV",
      "catalog" : null,
      "latitude" : 43.1322,
      "event_id" : 46051302,
      "contributor" : null,
      "mag_type" : "ML",
      "event_location_name" : "1 km E Montieri (GR)",
      "magnitude" : 2.0,
      "time" : "2026-05-27 08:55:07Z",
      "mag_author" : null,
      "longitude" : 11.0237,
      "contributor_id" : null
    },
    "geometry" : {
      "type" : "Point",
      "coordinates" : [ 11.0237, 43.1322 ]
    },
    "id" : "46051302"
  }, {
    "type" : "Feature",
    "properties" : {
      "depth_km" : 9.1,
      "author" : "SURVEY-INGV",
      "catalog" : null,
      "latitude" : 45.9167,
      "event_id" : 46050992,
      "contributor" : null,
      "mag_type" : "ML",
      "event_location_name" : "V3 Monte Bianco (ITALIA, FRANCIA, SVIZZERA)",
      "magnitude" : 1.9,
      "time" : "2026-05-27 08:19:53Z",
      "mag_author" : null,
      "longitude" : 6.9812,
      "contributor_id" : null
    },
    "geometry" : {
      "type" : "Point",
      "coordinates" : [ 6.9812, 45.9167 ]
    },
    "id" : "46050992"
  }, {
    "type" : "Feature",
    "properties" : {
      "depth_km" : 10.0,
      "author" : "SURVEY-INGV",
      "catalog" : null,
      "latitude" : 43.2777,
      "event_id" : 46050822,
      "contributor" : null,
      "mag_type" : "ML",
      "event_location_name" : "2 km SW Fossato di Vico (PG)",
      "magnitude" : 0.7,
      "time" : "2026-05-27 08:14:32Z",
      "mag_author" : null,
      "longitude" : 12.7508,
      "contributor_id" : null
    },
    "geometry" : {
      "type" : "Point",
      "coordinates" : [ 12.7508, 43.2777 ]
    },
    "id" : "46050822"
  }, {
    "type" : "Feature",
    "properties" : {
      "depth_km" : 10.9,
      "author" : "SURVEY-INGV",
      "catalog" : null,
      "latitude" : 42.8288,
      "event_id" : 46050792,
      "contributor" : null,
      "mag_type" : "ML",
      "event_location_name" : "3 km E Cerreto di Spoleto (PG)",
      "magnitude" : 0.8,
      "time" : "2026-05-27 08:13:26Z",
      "mag_author" : null,
      "longitude" : 12.9487,
      "contributor_id" : null
    },
    "geometry" : {
      "type" : "Point",
      "coordinates" : [ 12.9487, 42.8288 ]
    },
    "id" : "46050792"
  }, {
    "type" : "Feature",
    "properties" : {
      "depth_km" : 10.9,
      "author" : "SURVEY-INGV",
      "catalog" : null,
      "latitude" : 42.8288,
      "event_id" : 46050792,
      "contributor" : null,
      "mag_type" : "ML",
      "event_location_name" : "3 km E Cerreto di Spoleto (PG)",
      "magnitude" : 0.8,
      "time" : "2026-05-27 08:13:26Z",
      "mag_author" : null,
      "longitude" : 12.9487,
      "contributor_id" : null
    },
    "geometry" : {
      "type" : "Point",
      "coordinates" : [ 12.9487, 42.8288 ]
    },
    "id" : "46050792"
  }, {
    "type" : "Feature",
    "properties" : {
      "depth_km" : 10.0,
      "author" : "SURVEY-INGV",
      "catalog" : null,
      "latitude" : 45.3582,
      "event_id" : 46050362,
      "contributor" : null,
      "mag_type" : "ML",
      "event_location_name" : "Croatia [Land]",
      "magnitude" : 3.8,
      "time" : "2026-05-27 07:51:23Z",
      "mag_author" : null,
      "longitude" : 16.332,
      "contributor_id" : null
    },
    "geometry" : {
      "type" : "Point",
      "coordinates" : [ 16.332, 45.3582 ]
    },
    "id" : "46050362"
  }, {
    "type" : "Feature",
    "properties" : {
      "depth_km" : 8.2,
      "author" : "SURVEY-INGV",
      "catalog" : null,
      "latitude" : 43.0157,
      "event_id" : 46050182,
      "contributor" : null,
      "mag_type" : "ML",
      "event_location_name" : "3 km SE Fiordimonte (MC)",
      "magnitude" : 1.5,
      "time" : "2026-05-27 07:30:11Z",
      "mag_author" : null,
      "longitude" : 13.1057,
      "contributor_id" : null
    },
    "geometry" : {
      "type" : "Point",
      "coordinates" : [ 13.1057, 43.0157 ]
    },
    "id" : "46050182"
  }, {
    "type" : "Feature",
    "properties" : {
      "depth_km" : 3.0,
      "author" : "SURVEY-INGV",
      "catalog" : null,
      "latitude" : 43.5145,
      "event_id" : 46049822,
      "contributor" : null,
      "mag_type" : "ML",
      "event_location_name" : "4 km S Cagli (PU)",
      "magnitude" : 0.5,
      "time" : "2026-05-27 06:59:05Z",
      "mag_author" : null,
      "longitude" : 12.6537,
      "contributor_id" : null
    },
    "geometry" : {
      "type" : "Point",
      "coordinates" : [ 12.6537, 43.5145 ]
    },
    "id" : "46049822"
  }, {
    "type" : "Feature",
    "properties" : {
      "depth_km" : 63.0,
      "author" : "SURVEY-INGV",
      "catalog" : null,
      "latitude" : 38.3202,
      "event_id" : 46049482,
      "contributor" : null,
      "mag_type" : "ML",
      "event_location_name" : "Stretto di Messina (Reggio di Calabria, Messina)",
      "magnitude" : 2.0,
      "time" : "2026-05-27 06:34:13Z",
      "mag_author" : null,
      "longitude" : 15.538,
      "contributor_id" : null
    },
    "geometry" : {
      "type" : "Point",
      "coordinates" : [ 15.538, 38.3202 ]
    },
    "id" : "46049482"
  }, {
    "type" : "Feature",
    "properties" : {
      "depth_km" : 10.9,
      "author" : "SURVEY-INGV",
      "catalog" : null,
      "latitude" : 42.798,
      "event_id" : 46049382,
      "contributor" : null,
      "mag_type" : "ML",
      "event_location_name" : "3 km SW Cerreto di Spoleto (PG)",
      "magnitude" : 0.6,
      "time" : "2026-05-27 06:24:49Z",
      "mag_author" : null,
      "longitude" : 12.9078,
      "contributor_id" : null
    },
    "geometry" : {
      "type" : "Point",
      "coordinates" : [ 12.9078, 42.798 ]
    },
    "id" : "46049382"
  }, {
    "type" : "Feature",
    "properties" : {
      "depth_km" : 10.9,
      "author" : "SURVEY-INGV",
      "catalog" : null,
      "latitude" : 42.798,
      "event_id" : 46049382,
      "contributor" : null,
      "mag_type" : "ML",
      "event_location_name" : "3 km SW Cerreto di Spoleto (PG)",
      "magnitude" : 0.6,
      "time" : "2026-05-27 06:24:49Z",
      "mag_author" : null,
      "longitude" : 12.9078,
      "contributor_id" : null
    },
    "geometry" : {
      "type" : "Point",
      "coordinates" : [ 12.9078, 42.798 ]
    },
    "id" : "46049382"
  }, {
    "type" : "Feature",
    "properties" : {
      "depth_km" : 10.8,
      "author" : "SURVEY-INGV",
      "catalog" : null,
      "latitude" : 42.8788,
      "event_id" : 46049202,
      "contributor" : null,
      "mag_type" : "ML",
      "event_location_name" : "2 km W Preci (PG)",
      "magnitude" : 1.2,
      "time" : "2026-05-27 06:09:39Z",
      "mag_author" : null,
      "longitude" : 13.0142,
      "contributor_id" : null
    },
    "geometry" : {
      "type" : "Point",
      "coordinates" : [ 13.0142, 42.8788 ]
    },
    "id" : "46049202"
  }, {
    "type" : "Feature",
    "properties" : {
      "depth_km" : 10.8,
      "author" : "SURVEY-INGV",
      "catalog" : null,
      "latitude" : 42.8788,
      "event_id" : 46049202,
      "contributor" : null,
      "mag_type" : "ML",
      "event_location_name" : "2 km W Preci (PG)",
      "magnitude" : 1.2,
      "time" : "2026-05-27 06:09:39Z",
      "mag_author" : null,
      "longitude" : 13.0142,
      "contributor_id" : null
    },
    "geometry" : {
      "type" : "Point",
      "coordinates" : [ 13.0142, 42.8788 ]
    },
    "id" : "46049202"
  }, {
    "type" : "Feature",
    "properties" : {
      "depth_km" : 8.2,
      "author" : "SURVEY-INGV",
      "catalog" : null,
      "latitude" : 38.1918,
      "event_id" : 46049042,
      "contributor" : null,
      "mag_type" : "ML",
      "event_location_name" : "6 km E Santo Stefano in Aspromonte (RC)",
      "magnitude" : 0.7,
      "time" : "2026-05-27 05:41:28Z",
      "mag_author" : null,
      "longitude" : 15.8533,
      "contributor_id" : null
    },
    "geometry" : {
      "type" : "Point",
      "coordinates" : [ 15.8533, 38.1918 ]
    },
    "id" : "46049042"
  }, {
    "type" : "Feature",
    "properties" : {
      "depth_km" : 13.5,
      "author" : "SURVEY-INGV",
      "catalog" : null,
      "latitude" : 44.5693,
      "event_id" : 46049012,
      "contributor" : null,
      "mag_type" : "ML",
      "event_location_name" : "Confine Italia-Francia (FRANCIA)",
      "magnitude" : 1.2,
      "time" : "2026-05-27 05:40:49Z",
      "mag_author" : null,
      "longitude" : 6.6927,
      "contributor_id" : null
    },
    "geometry" : {
      "type" : "Point",
      "coordinates" : [ 6.6927, 44.5693 ]
    },
    "id" : "46049012"
  }, {
    "type" : "Feature",
    "properties" : {
      "depth_km" : 8.79,
      "author" : "SURVEY-INGV-CT#SeismPicker_SO-OE",
      "catalog" : null,
      "latitude" : 38.489,
      "event_id" : 46048812,
      "contributor" : null,
      "mag_type" : "ML",
      "event_location_name" : "Isole Eolie (Messina)",
      "magnitude" : 1.5,
      "time" : "2026-05-27 04:59:56Z",
      "mag_author" : null,
      "longitude" : 14.51,
      "contributor_id" : null
    },
    "geometry" : {
      "type" : "Point",
      "coordinates" : [ 14.51, 38.489 ]
    },
    "id" : "46048812"
  }, {
    "type" : "Feature",
    "properties" : {
      "depth_km" : 11.2,
      "author" : "SURVEY-INGV",
      "catalog" : null,
      "latitude" : 42.9137,
      "event_id" : 46048672,
      "contributor" : null,
      "mag_type" : "ML",
      "event_location_name" : "4 km N Preci (PG)",
      "magnitude" : 1.2,
      "time" : "2026-05-27 04:30:04Z",
      "mag_author" : null,
      "longitude" : 13.0332,
      "contributor_id" : null
    },
    "geometry" : {
      "type" : "Point",
      "coordinates" : [ 13.0332, 42.9137 ]
    },
    "id" : "46048672"
  }, {
    "type" : "Feature",
    "properties" : {
      "depth_km" : 10.0,
      "author" : "SURVEY-INGV",
      "catalog" : null,
      "latitude" : 38.5817,
      "event_id" : 46048482,
      "contributor" : null,
      "mag_type" : "ML",
      "event_location_name" : "Isole Eolie (Messina)",
      "magnitude" : 1.7,
      "time" : "2026-05-27 03:21:45Z",
      "mag_author" : null,
      "longitude" : 14.222,
      "contributor_id" : null
    },
    "geometry" : {
      "type" : "Point",
      "coordinates" : [ 14.222, 38.5817 ]
    },
    "id" : "46048482"
  }, {
    "type" : "Feature",
    "properties" : {
      "depth_km" : 5.6,
      "author" : "SURVEY-INGV",
      "catalog" : null,
      "latitude" : 43.382,
      "event_id" : 46048332,
      "contributor" : null,
      "mag_type" : "ML",
      "event_location_name" : "7 km W Gubbio (PG)",
      "magnitude" : 0.5,
      "time" : "2026-05-27 01:55:45Z",
      "mag_author" : null,
      "longitude" : 12.5048,
      "contributor_id" : null
    },
    "geometry" : {
      "type" : "Point",
      "coordinates" : [ 12.5048, 43.382 ]
    },
    "id" : "46048332"
  }, {
    "type" : "Feature",
    "properties" : {
      "depth_km" : 9.6,
      "author" : "SURVEY-INGV",
      "catalog" : null,
      "latitude" : 44.5008,
      "event_id" : 46048292,
      "contributor" : null,
      "mag_type" : "ML",
      "event_location_name" : "1 km W Bedonia (PR)",
      "magnitude" : 1.3,
      "time" : "2026-05-27 01:37:04Z",
      "mag_author" : null,
      "longitude" : 9.6143,
      "contributor_id" : null
    },
    "geometry" : {
      "type" : "Point",
      "coordinates" : [ 9.6143, 44.5008 ]
    },
    "id" : "46048292"
  }, {
    "type" : "Feature",
    "properties" : {
      "depth_km" : 13.9,
      "author" : "SURVEY-INGV",
      "catalog" : null,
      "latitude" : 43.0133,
      "event_id" : 46048172,
      "contributor" : null,
      "mag_type" : "ML",
      "event_location_name" : "3 km S Fiordimonte (MC)",
      "magnitude" : 0.7,
      "time" : "2026-05-27 01:21:00Z",
      "mag_author" : null,
      "longitude" : 13.0913,
      "contributor_id" : null
    },
    "geometry" : {
      "type" : "Point",
      "coordinates" : [ 13.0913, 43.0133 ]
    },
    "id" : "46048172"
  }, {
    "type" : "Feature",
    "properties" : {
      "depth_km" : 1.65,
      "author" : "SURVEY-INGV-OV#SiSmi",
      "catalog" : null,
      "latitude" : 40.841167,
      "event_id" : 46048132,
      "contributor" : null,
      "mag_type" : "Md",
      "event_location_name" : "Campi Flegrei",
      "magnitude" : 1.6,
      "time" : "2026-05-27 01:13:00Z",
      "mag_author" : null,
      "longitude" : 14.134667,
      "contributor_id" : null
    },
    "geometry" : {
      "type" : "Point",
      "coordinates" : [ 14.134667, 40.841167 ]
    },
    "id" : "46048132"
  }, {
    "type" : "Feature",
    "properties" : {
      "depth_km" : 1.82,
      "author" : "SURVEY-INGV-OV#SiSmi",
      "catalog" : null,
      "latitude" : 40.842,
      "event_id" : 46048282,
      "contributor" : null,
      "mag_type" : "Md",
      "event_location_name" : "Campi Flegrei",
      "magnitude" : 1.1,
      "time" : "2026-05-27 01:09:29Z",
      "mag_author" : null,
      "longitude" : 14.134167,
      "contributor_id" : null
    },
    "geometry" : {
      "type" : "Point",
      "coordinates" : [ 14.134167, 40.842 ]
    },
    "id" : "46048282"
  }, {
    "type" : "Feature",
    "properties" : {
      "depth_km" : 2.43,
      "author" : "SURVEY-INGV-OV#SiSmi",
      "catalog" : null,
      "latitude" : 40.833667,
      "event_id" : 46048062,
      "contributor" : null,
      "mag_type" : "Md",
      "event_location_name" : "Campi Flegrei",
      "magnitude" : 1.3,
      "time" : "2026-05-27 01:09:12Z",
      "mag_author" : null,
      "longitude" : 14.127,
      "contributor_id" : null
    },
    "geometry" : {
      "type" : "Point",
      "coordinates" : [ 14.127, 40.833667 ]
    },
    "id" : "46048062"
  }, {
    "type" : "Feature",
    "properties" : {
      "depth_km" : 10.1,
      "author" : "SURVEY-INGV",
      "catalog" : null,
      "latitude" : 44.1997,
      "event_id" : 46048002,
      "contributor" : null,
      "mag_type" : "ML",
      "event_location_name" : "4 km W Pievepelago (MO)",
      "magnitude" : 1.0,
      "time" : "2026-05-27 00:44:53Z",
      "mag_author" : null,
      "longitude" : 10.5713,
      "contributor_id" : null
    },
    "geometry" : {
      "type" : "Point",
      "coordinates" : [ 10.5713, 44.1997 ]
    },
    "id" : "46048002"
  }, {
    "type" : "Feature",
    "properties" : {
      "depth_km" : 10.0,
      "author" : "SURVEY-INGV",
      "catalog" : null,
      "latitude" : 41.1463,
      "event_id" : 46047882,
      "contributor" : null,
      "mag_type" : "ML",
      "event_location_name" : "4 km SW Piana di Monte Verna (CE)",
      "magnitude" : 0.9,
      "time" : "2026-05-26 23:48:22Z",
      "mag_author" : null,
      "longitude" : 14.2922,
      "contributor_id" : null
    },
    "geometry" : {
      "type" : "Point",
      "coordinates" : [ 14.2922, 41.1463 ]
    },
    "id" : "46047882"
  }, {
    "type" : "Feature",
    "properties" : {
      "depth_km" : 13.5,
      "author" : "SURVEY-INGV",
      "catalog" : null,
      "latitude" : 43.1155,
      "event_id" : 46047682,
      "contributor" : null,
      "mag_type" : "ML",
      "event_location_name" : "5 km NW Muccia (MC)",
      "magnitude" : 0.8,
      "time" : "2026-05-26 22:39:13Z",
      "mag_author" : null,
      "longitude" : 13.0112,
      "contributor_id" : null
    },
    "geometry" : {
      "type" : "Point",
      "coordinates" : [ 13.0112, 43.1155 ]
    },
    "id" : "46047682"
  }, {
    "type" : "Feature",
    "properties" : {
      "depth_km" : 11.0,
      "author" : "SURVEY-INGV",
      "catalog" : null,
      "latitude" : 39.5207,
      "event_id" : 46047662,
      "contributor" : null,
      "mag_type" : "ML",
      "event_location_name" : "4 km NE Acri (CS)",
      "magnitude" : 0.4,
      "time" : "2026-05-26 22:37:04Z",
      "mag_author" : null,
      "longitude" : 16.4105,
      "contributor_id" : null
    },
    "geometry" : {
      "type" : "Point",
      "coordinates" : [ 16.4105, 39.5207 ]
    },
    "id" : "46047662"
  }, {
    "type" : "Feature",
    "properties" : {
      "depth_km" : 10.0,
      "author" : "SURVEY-INGV",
      "catalog" : null,
      "latitude" : 42.8017,
      "event_id" : 46047612,
      "contributor" : null,
      "mag_type" : "ML",
      "event_location_name" : "1 km N Norcia (PG)",
      "magnitude" : 1.2,
      "time" : "2026-05-26 22:33:21Z",
      "mag_author" : null,
      "longitude" : 13.0932,
      "contributor_id" : null
    },
    "geometry" : {
      "type" : "Point",
      "coordinates" : [ 13.0932, 42.8017 ]
    },
    "id" : "46047612"
  }, {
    "type" : "Feature",
    "properties" : {
      "depth_km" : 3.4,
      "author" : "SURVEY-INGV",
      "catalog" : null,
      "latitude" : 43.0473,
      "event_id" : 46047582,
      "contributor" : null,
      "mag_type" : "ML",
      "event_location_name" : "1 km N Fiordimonte (MC)",
      "magnitude" : 1.2,
      "time" : "2026-05-26 22:29:42Z",
      "mag_author" : null,
      "longitude" : 13.0943,
      "contributor_id" : null
    },
    "geometry" : {
      "type" : "Point",
      "coordinates" : [ 13.0943, 43.0473 ]
    },
    "id" : "46047582"
  }, {
    "type" : "Feature",
    "properties" : {
      "depth_km" : 7.7,
      "author" : "SURVEY-INGV",
      "catalog" : null,
      "latitude" : 44.0943,
      "event_id" : 46047552,
      "contributor" : null,
      "mag_type" : "ML",
      "event_location_name" : "5 km SE Firenzuola (FI)",
      "magnitude" : 1.1,
      "time" : "2026-05-26 22:28:42Z",
      "mag_author" : null,
      "longitude" : 11.4333,
      "contributor_id" : null
    },
    "geometry" : {
      "type" : "Point",
      "coordinates" : [ 11.4333, 44.0943 ]
    },
    "id" : "46047552"
  }, {
    "type" : "Feature",
    "properties" : {
      "depth_km" : 9.8,
      "author" : "SURVEY-INGV",
      "catalog" : null,
      "latitude" : 42.7903,
      "event_id" : 46047502,
      "contributor" : null,
      "mag_type" : "ML",
      "event_location_name" : "7 km E Norcia (PG)",
      "magnitude" : 0.6,
      "time" : "2026-05-26 22:02:49Z",
      "mag_author" : null,
      "longitude" : 13.1823,
      "contributor_id" : null
    },
    "geometry" : {
      "type" : "Point",
      "coordinates" : [ 13.1823, 42.7903 ]
    },
    "id" : "46047502"
  }, {
    "type" : "Feature",
    "properties" : {
      "depth_km" : 10.1,
      "author" : "SURVEY-INGV",
      "catalog" : null,
      "latitude" : 43.2998,
      "event_id" : 46047452,
      "contributor" : null,
      "mag_type" : "ML",
      "event_location_name" : "9 km SW Gubbio (PG)",
      "magnitude" : 0.4,
      "time" : "2026-05-26 21:34:59Z",
      "mag_author" : null,
      "longitude" : 12.496,
      "contributor_id" : null
    },
    "geometry" : {
      "type" : "Point",
      "coordinates" : [ 12.496, 43.2998 ]
    },
    "id" : "46047452"
  }, {
    "type" : "Feature",
    "properties" : {
      "depth_km" : 6.8,
      "author" : "SURVEY-INGV",
      "catalog" : null,
      "latitude" : 43.0373,
      "event_id" : 46047422,
      "contributor" : null,
      "mag_type" : "ML",
      "event_location_name" : "8 km SW Serravalle di Chienti (MC)",
      "magnitude" : 0.3,
      "time" : "2026-05-26 21:22:18Z",
      "mag_author" : null,
      "longitude" : 12.8737,
      "contributor_id" : null
    },
    "geometry" : {
      "type" : "Point",
      "coordinates" : [ 12.8737, 43.0373 ]
    },
    "id" : "46047422"
  }, {
    "type" : "Feature",
    "properties" : {
      "depth_km" : 7.8,
      "author" : "SURVEY-INGV",
      "catalog" : null,
      "latitude" : 43.2852,
      "event_id" : 46047382,
      "contributor" : null,
      "mag_type" : "ML",
      "event_location_name" : "1 km S Fossato di Vico (PG)",
      "magnitude" : 0.3,
      "time" : "2026-05-26 21:06:53Z",
      "mag_author" : null,
      "longitude" : 12.762,
      "contributor_id" : null
    },
    "geometry" : {
      "type" : "Point",
      "coordinates" : [ 12.762, 43.2852 ]
    },
    "id" : "46047382"
  }, {
    "type" : "Feature",
    "properties" : {
      "depth_km" : 10.1,
      "author" : "SURVEY-INGV",
      "catalog" : null,
      "latitude" : 44.5018,
      "event_id" : 46047332,
      "contributor" : null,
      "mag_type" : "ML",
      "event_location_name" : "1 km W Bedonia (PR)",
      "magnitude" : 1.8,
      "time" : "2026-05-26 20:45:26Z",
      "mag_author" : null,
      "longitude" : 9.6167,
      "contributor_id" : null
    },
    "geometry" : {
      "type" : "Point",
      "coordinates" : [ 9.6167, 44.5018 ]
    },
    "id" : "46047332"
  }, {
    "type" : "Feature",
    "properties" : {
      "depth_km" : 13.7,
      "author" : "SURVEY-INGV",
      "catalog" : null,
      "latitude" : 42.5293,
      "event_id" : 46047172,
      "contributor" : null,
      "mag_type" : "ML",
      "event_location_name" : "3 km E Capitignano (AQ)",
      "magnitude" : 1.4,
      "time" : "2026-05-26 20:08:30Z",
      "mag_author" : null,
      "longitude" : 13.3407,
      "contributor_id" : null
    },
    "geometry" : {
      "type" : "Point",
      "coordinates" : [ 13.3407, 42.5293 ]
    },
    "id" : "46047172"
  }, {
    "type" : "Feature",
    "properties" : {
      "depth_km" : 11.1,
      "author" : "SURVEY-INGV",
      "catalog" : null,
      "latitude" : 42.8122,
      "event_id" : 46047122,
      "contributor" : null,
      "mag_type" : "ML",
      "event_location_name" : "2 km NW Norcia (PG)",
      "magnitude" : 0.7,
      "time" : "2026-05-26 20:00:55Z",
      "mag_author" : null,
      "longitude" : 13.0778,
      "contributor_id" : null
    },
    "geometry" : {
      "type" : "Point",
      "coordinates" : [ 13.0778, 42.8122 ]
    },
    "id" : "46047122"
  }, {
    "type" : "Feature",
    "properties" : {
      "depth_km" : 10.5,
      "author" : "SURVEY-INGV",
      "catalog" : null,
      "latitude" : 40.4678,
      "event_id" : 46047112,
      "contributor" : null,
      "mag_type" : "ML",
      "event_location_name" : "1 km SE Calvello (PZ)",
      "magnitude" : 0.8,
      "time" : "2026-05-26 19:45:32Z",
      "mag_author" : null,
      "longitude" : 15.8525,
      "contributor_id" : null
    },
    "geometry" : {
      "type" : "Point",
      "coordinates" : [ 15.8525, 40.4678 ]
    },
    "id" : "46047112"
  }, {
    "type" : "Feature",
    "properties" : {
      "depth_km" : 8.5,
      "author" : "SURVEY-INGV",
      "catalog" : null,
      "latitude" : 43.0372,
      "event_id" : 46047082,
      "contributor" : null,
      "mag_type" : "ML",
      "event_location_name" : "7 km SW Serravalle di Chienti (MC)",
      "magnitude" : 2.1,
      "time" : "2026-05-26 19:34:42Z",
      "mag_author" : null,
      "longitude" : 12.8812,
      "contributor_id" : null
    },
    "geometry" : {
      "type" : "Point",
      "coordinates" : [ 12.8812, 43.0372 ]
    },
    "id" : "46047082"
  }, {
    "type" : "Feature",
    "properties" : {
      "depth_km" : 10.9,
      "author" : "SURVEY-INGV",
      "catalog" : null,
      "latitude" : 42.8107,
      "event_id" : 46046962,
      "contributor" : null,
      "mag_type" : "ML",
      "event_location_name" : "2 km NW Norcia (PG)",
      "magnitude" : 2.1,
      "time" : "2026-05-26 19:06:46Z",
      "mag_author" : null,
      "longitude" : 13.0833,
      "contributor_id" : null
    },
    "geometry" : {
      "type" : "Point",
      "coordinates" : [ 13.0833, 42.8107 ]
    },
    "id" : "46046962"
  }, {
    "type" : "Feature",
    "properties" : {
      "depth_km" : 5.469,
      "author" : "SURVEY-INGV-A",
      "catalog" : null,
      "latitude" : 13.043,
      "event_id" : 46046952,
      "contributor" : null,
      "mag_type" : "Mwp",
      "event_location_name" : "Yemen [Sea]",
      "magnitude" : 5.6,
      "time" : "2026-05-26 18:56:39Z",
      "mag_author" : null,
      "longitude" : 57.5367,
      "contributor_id" : null
    },
    "geometry" : {
      "type" : "Point",
      "coordinates" : [ 57.5367, 13.043 ]
    },
    "id" : "46046952"
  }, {
    "type" : "Feature",
    "properties" : {
      "depth_km" : 12.1,
      "author" : "SURVEY-INGV",
      "catalog" : null,
      "latitude" : 42.8792,
      "event_id" : 46046742,
      "contributor" : null,
      "mag_type" : "ML",
      "event_location_name" : "4 km E Preci (PG)",
      "magnitude" : 1.4,
      "time" : "2026-05-26 17:47:12Z",
      "mag_author" : null,
      "longitude" : 13.0845,
      "contributor_id" : null
    },
    "geometry" : {
      "type" : "Point",
      "coordinates" : [ 13.0845, 42.8792 ]
    },
    "id" : "46046742"
  }, {
    "type" : "Feature",
    "properties" : {
      "depth_km" : 8.67,
      "author" : "SURVEY-INGV-CT#SeismPicker_SO-OE",
      "catalog" : null,
      "latitude" : 38.493,
      "event_id" : 46046572,
      "contributor" : null,
      "mag_type" : "ML",
      "event_location_name" : "Isole Eolie (Messina)",
      "magnitude" : 1.7,
      "time" : "2026-05-26 17:09:38Z",
      "mag_author" : null,
      "longitude" : 14.507,
      "contributor_id" : null
    },
    "geometry" : {
      "type" : "Point",
      "coordinates" : [ 14.507, 38.493 ]
    },
    "id" : "46046572"
  }, {
    "type" : "Feature",
    "properties" : {
      "depth_km" : 8.44,
      "author" : "SURVEY-INGV-CT#SeismPicker_SO-OE",
      "catalog" : null,
      "latitude" : 38.49,
      "event_id" : 46046462,
      "contributor" : null,
      "mag_type" : "ML",
      "event_location_name" : "Isole Eolie (Messina)",
      "magnitude" : 1.8,
      "time" : "2026-05-26 17:01:16Z",
      "mag_author" : null,
      "longitude" : 14.506,
      "contributor_id" : null
    },
    "geometry" : {
      "type" : "Point",
      "coordinates" : [ 14.506, 38.49 ]
    },
    "id" : "46046462"
  }, {
    "type" : "Feature",
    "properties" : {
      "depth_km" : 7.91,
      "author" : "SURVEY-INGV-CT#SeismPicker_SO-OE",
      "catalog" : null,
      "latitude" : 38.487,
      "event_id" : 46046342,
      "contributor" : null,
      "mag_type" : "ML",
      "event_location_name" : "Isole Eolie (Messina)",
      "magnitude" : 2.3,
      "time" : "2026-05-26 16:52:59Z",
      "mag_author" : null,
      "longitude" : 14.508,
      "contributor_id" : null
    },
    "geometry" : {
      "type" : "Point",
      "coordinates" : [ 14.508, 38.487 ]
    },
    "id" : "46046342"
  }, {
    "type" : "Feature",
    "properties" : {
      "depth_km" : 11.1,
      "author" : "SURVEY-INGV",
      "catalog" : null,
      "latitude" : 46.3805,
      "event_id" : 46046102,
      "contributor" : null,
      "mag_type" : "ML",
      "event_location_name" : "2 km SE Verzegnis (UD)",
      "magnitude" : 0.9,
      "time" : "2026-05-26 16:02:43Z",
      "mag_author" : null,
      "longitude" : 13.0137,
      "contributor_id" : null
    },
    "geometry" : {
      "type" : "Point",
      "coordinates" : [ 13.0137, 46.3805 ]
    },
    "id" : "46046102"
  }, {
    "type" : "Feature",
    "properties" : {
      "depth_km" : 11.1,
      "author" : "SURVEY-INGV",
      "catalog" : null,
      "latitude" : 42.8092,
      "event_id" : 46045972,
      "contributor" : null,
      "mag_type" : "ML",
      "event_location_name" : "2 km N Norcia (PG)",
      "magnitude" : 0.9,
      "time" : "2026-05-26 15:37:01Z",
      "mag_author" : null,
      "longitude" : 13.0877,
      "contributor_id" : null
    },
    "geometry" : {
      "type" : "Point",
      "coordinates" : [ 13.0877, 42.8092 ]
    },
    "id" : "46045972"
  }, {
    "type" : "Feature",
    "properties" : {
      "depth_km" : 10.9,
      "author" : "SURVEY-INGV",
      "catalog" : null,
      "latitude" : 43.3083,
      "event_id" : 46044952,
      "contributor" : null,
      "mag_type" : "ML",
      "event_location_name" : "7 km W Sigillo (PG)",
      "magnitude" : 0.8,
      "time" : "2026-05-26 12:40:36Z",
      "mag_author" : null,
      "longitude" : 12.6595,
      "contributor_id" : null
    },
    "geometry" : {
      "type" : "Point",
      "coordinates" : [ 12.6595, 43.3083 ]
    },
    "id" : "46044952"
  }, {
    "type" : "Feature",
    "properties" : {
      "depth_km" : 12.5,
      "author" : "SURVEY-INGV",
      "catalog" : null,
      "latitude" : 40.4923,
      "event_id" : 46044902,
      "contributor" : null,
      "mag_type" : "ML",
      "event_location_name" : "5 km SW Pietrapertosa (PZ)",
      "magnitude" : 1.2,
      "time" : "2026-05-26 12:38:11Z",
      "mag_author" : null,
      "longitude" : 16.0202,
      "contributor_id" : null
    },
    "geometry" : {
      "type" : "Point",
      "coordinates" : [ 16.0202, 40.4923 ]
    },
    "id" : "46044902"
  }, {
    "type" : "Feature",
    "properties" : {
      "depth_km" : 12.5,
      "author" : "SURVEY-INGV",
      "catalog" : null,
      "latitude" : 40.4923,
      "event_id" : 46044902,
      "contributor" : null,
      "mag_type" : "ML",
      "event_location_name" : "5 km SW Pietrapertosa (PZ)",
      "magnitude" : 1.2,
      "time" : "2026-05-26 12:38:11Z",
      "mag_author" : null,
      "longitude" : 16.0202,
      "contributor_id" : null
    },
    "geometry" : {
      "type" : "Point",
      "coordinates" : [ 16.0202, 40.4923 ]
    },
    "id" : "46044902"
  }, {
    "type" : "Feature",
    "properties" : {
      "depth_km" : 12.5,
      "author" : "SURVEY-INGV",
      "catalog" : null,
      "latitude" : 40.4923,
      "event_id" : 46044902,
      "contributor" : null,
      "mag_type" : "ML",
      "event_location_name" : "5 km SW Pietrapertosa (PZ)",
      "magnitude" : 1.2,
      "time" : "2026-05-26 12:38:11Z",
      "mag_author" : null,
      "longitude" : 16.0202,
      "contributor_id" : null
    },
    "geometry" : {
      "type" : "Point",
      "coordinates" : [ 16.0202, 40.4923 ]
    },
    "id" : "46044902"
  }, {
    "type" : "Feature",
    "properties" : {
      "depth_km" : 17.5,
      "author" : "SURVEY-INGV",
      "catalog" : null,
      "latitude" : 40.4983,
      "event_id" : 46044802,
      "contributor" : null,
      "mag_type" : "ML",
      "event_location_name" : "5 km NE Laurenzana (PZ)",
      "magnitude" : 2.0,
      "time" : "2026-05-26 12:28:27Z",
      "mag_author" : null,
      "longitude" : 15.9923,
      "contributor_id" : null
    },
    "geometry" : {
      "type" : "Point",
      "coordinates" : [ 15.9923, 40.4983 ]
    },
    "id" : "46044802"
  }, {
    "type" : "Feature",
    "properties" : {
      "depth_km" : 0.5,
      "author" : "SURVEY-INGV",
      "catalog" : null,
      "latitude" : 46.1455,
      "event_id" : 46043822,
      "contributor" : null,
      "mag_type" : "ML",
      "event_location_name" : "2 km SE Giovo (TN)",
      "magnitude" : 1.1,
      "time" : "2026-05-26 10:13:27Z",
      "mag_author" : null,
      "longitude" : 11.1692,
      "contributor_id" : null
    },
    "geometry" : {
      "type" : "Point",
      "coordinates" : [ 11.1692, 46.1455 ]
    },
    "id" : "46043822"
  }, {
    "type" : "Feature",
    "properties" : {
      "depth_km" : 0.5,
      "author" : "SURVEY-INGV",
      "catalog" : null,
      "latitude" : 46.1455,
      "event_id" : 46043822,
      "contributor" : null,
      "mag_type" : "ML",
      "event_location_name" : "2 km SE Giovo (TN)",
      "magnitude" : 1.1,
      "time" : "2026-05-26 10:13:27Z",
      "mag_author" : null,
      "longitude" : 11.1692,
      "contributor_id" : null
    },
    "geometry" : {
      "type" : "Point",
      "coordinates" : [ 11.1692, 46.1455 ]
    },
    "id" : "46043822"
  }, {
    "type" : "Feature",
    "properties" : {
      "depth_km" : 40.5,
      "author" : "SURVEY-INGV",
      "catalog" : null,
      "latitude" : 37.7717,
      "event_id" : 46043752,
      "contributor" : null,
      "mag_type" : "ML",
      "event_location_name" : "Costa Calabra sud-orientale (Reggio di Calabria)",
      "magnitude" : 2.9,
      "time" : "2026-05-26 10:09:07Z",
      "mag_author" : null,
      "longitude" : 15.7927,
      "contributor_id" : null
    },
    "geometry" : {
      "type" : "Point",
      "coordinates" : [ 15.7927, 37.7717 ]
    },
    "id" : "46043752"
  }, {
    "type" : "Feature",
    "properties" : {
      "depth_km" : 8.1,
      "author" : "SURVEY-INGV",
      "catalog" : null,
      "latitude" : 43.2912,
      "event_id" : 46043612,
      "contributor" : null,
      "mag_type" : "ML",
      "event_location_name" : "10 km SW Gubbio (PG)",
      "magnitude" : 0.3,
      "time" : "2026-05-26 09:59:00Z",
      "mag_author" : null,
      "longitude" : 12.4977,
      "contributor_id" : null
    },
    "geometry" : {
      "type" : "Point",
      "coordinates" : [ 12.4977, 43.2912 ]
    },
    "id" : "46043612"
  }, {
    "type" : "Feature",
    "properties" : {
      "depth_km" : 8.1,
      "author" : "SURVEY-INGV",
      "catalog" : null,
      "latitude" : 43.2912,
      "event_id" : 45627581,
      "contributor" : null,
      "mag_type" : "ML",
      "event_location_name" : "10 km SW Gubbio (PG)",
      "magnitude" : 0.3,
      "time" : "2026-05-26 09:59:00Z",
      "mag_author" : null,
      "longitude" : 12.4977,
      "contributor_id" : null
    },
    "geometry" : {
      "type" : "Point",
      "coordinates" : [ 12.4977, 43.2912 ]
    },
    "id" : "45627581"
  }, {
    "type" : "Feature",
    "properties" : {
      "depth_km" : 8.4,
      "author" : "SURVEY-INGV",
      "catalog" : null,
      "latitude" : 46.3715,
      "event_id" : 45627551,
      "contributor" : null,
      "mag_type" : "ML",
      "event_location_name" : "2 km W Aldino (BZ)",
      "magnitude" : 0.9,
      "time" : "2026-05-26 09:56:48Z",
      "mag_author" : null,
      "longitude" : 11.3257,
      "contributor_id" : null
    },
    "geometry" : {
      "type" : "Point",
      "coordinates" : [ 11.3257, 46.3715 ]
    },
    "id" : "45627551"
  }, {
    "type" : "Feature",
    "properties" : {
      "depth_km" : 8.4,
      "author" : "SURVEY-INGV",
      "catalog" : null,
      "latitude" : 46.3715,
      "event_id" : 46043572,
      "contributor" : null,
      "mag_type" : "ML",
      "event_location_name" : "2 km W Aldino (BZ)",
      "magnitude" : 0.9,
      "time" : "2026-05-26 09:56:48Z",
      "mag_author" : null,
      "longitude" : 11.3257,
      "contributor_id" : null
    },
    "geometry" : {
      "type" : "Point",
      "coordinates" : [ 11.3257, 46.3715 ]
    },
    "id" : "46043572"
  }, {
    "type" : "Feature",
    "properties" : {
      "depth_km" : 10.1,
      "author" : "SURVEY-INGV",
      "catalog" : null,
      "latitude" : 45.8393,
      "event_id" : 46043472,
      "contributor" : null,
      "mag_type" : "ML",
      "event_location_name" : "3 km SW Pederobba (TV)",
      "magnitude" : 1.5,
      "time" : "2026-05-26 09:40:22Z",
      "mag_author" : null,
      "longitude" : 11.9703,
      "contributor_id" : null
    },
    "geometry" : {
      "type" : "Point",
      "coordinates" : [ 11.9703, 45.8393 ]
    },
    "id" : "46043472"
  }, {
    "type" : "Feature",
    "properties" : {
      "depth_km" : 10.1,
      "author" : "SURVEY-INGV",
      "catalog" : null,
      "latitude" : 45.8393,
      "event_id" : 46043472,
      "contributor" : null,
      "mag_type" : "ML",
      "event_location_name" : "3 km SW Pederobba (TV)",
      "magnitude" : 1.5,
      "time" : "2026-05-26 09:40:22Z",
      "mag_author" : null,
      "longitude" : 11.9703,
      "contributor_id" : null
    },
    "geometry" : {
      "type" : "Point",
      "coordinates" : [ 11.9703, 45.8393 ]
    },
    "id" : "46043472"
  }, {
    "type" : "Feature",
    "properties" : {
      "depth_km" : 10.1,
      "author" : "SURVEY-INGV",
      "catalog" : null,
      "latitude" : 45.8393,
      "event_id" : 45627421,
      "contributor" : null,
      "mag_type" : "ML",
      "event_location_name" : "3 km SW Pederobba (TV)",
      "magnitude" : 1.5,
      "time" : "2026-05-26 09:40:22Z",
      "mag_author" : null,
      "longitude" : 11.9703,
      "contributor_id" : null
    },
    "geometry" : {
      "type" : "Point",
      "coordinates" : [ 11.9703, 45.8393 ]
    },
    "id" : "45627421"
  }, {
    "type" : "Feature",
    "properties" : {
      "depth_km" : 10.1,
      "author" : "SURVEY-INGV",
      "catalog" : null,
      "latitude" : 45.8393,
      "event_id" : 46043472,
      "contributor" : null,
      "mag_type" : "ML",
      "event_location_name" : "3 km SW Pederobba (TV)",
      "magnitude" : 1.5,
      "time" : "2026-05-26 09:40:22Z",
      "mag_author" : null,
      "longitude" : 11.9703,
      "contributor_id" : null
    },
    "geometry" : {
      "type" : "Point",
      "coordinates" : [ 11.9703, 45.8393 ]
    },
    "id" : "46043472"
  }, {
    "type" : "Feature",
    "properties" : {
      "depth_km" : 19.1,
      "author" : "SURVEY-INGV",
      "catalog" : null,
      "latitude" : 42.9237,
      "event_id" : 46043092,
      "contributor" : null,
      "mag_type" : "ML",
      "event_location_name" : "7 km W Montemonaco (AP)",
      "magnitude" : 0.9,
      "time" : "2026-05-26 08:57:50Z",
      "mag_author" : null,
      "longitude" : 13.2498,
      "contributor_id" : null
    },
    "geometry" : {
      "type" : "Point",
      "coordinates" : [ 13.2498, 42.9237 ]
    },
    "id" : "46043092"
  }, {
    "type" : "Feature",
    "properties" : {
      "depth_km" : 19.1,
      "author" : "SURVEY-INGV",
      "catalog" : null,
      "latitude" : 42.9237,
      "event_id" : 45627101,
      "contributor" : null,
      "mag_type" : "ML",
      "event_location_name" : "7 km W Montemonaco (AP)",
      "magnitude" : 0.9,
      "time" : "2026-05-26 08:57:50Z",
      "mag_author" : null,
      "longitude" : 13.2498,
      "contributor_id" : null
    },
    "geometry" : {
      "type" : "Point",
      "coordinates" : [ 13.2498, 42.9237 ]
    },
    "id" : "45627101"
  }, {
    "type" : "Feature",
    "properties" : {
      "depth_km" : 6.4,
      "author" : "SURVEY-INGV",
      "catalog" : null,
      "latitude" : 43.1448,
      "event_id" : 46042922,
      "contributor" : null,
      "mag_type" : "ML",
      "event_location_name" : "4 km W Caldarola (MC)",
      "magnitude" : 0.6,
      "time" : "2026-05-26 08:39:11Z",
      "mag_author" : null,
      "longitude" : 13.1827,
      "contributor_id" : null
    },
    "geometry" : {
      "type" : "Point",
      "coordinates" : [ 13.1827, 43.1448 ]
    },
    "id" : "46042922"
  }, {
    "type" : "Feature",
    "properties" : {
      "depth_km" : 6.4,
      "author" : "SURVEY-INGV",
      "catalog" : null,
      "latitude" : 43.1448,
      "event_id" : 45626971,
      "contributor" : null,
      "mag_type" : "ML",
      "event_location_name" : "4 km W Caldarola (MC)",
      "magnitude" : 0.6,
      "time" : "2026-05-26 08:39:11Z",
      "mag_author" : null,
      "longitude" : 13.1827,
      "contributor_id" : null
    },
    "geometry" : {
      "type" : "Point",
      "coordinates" : [ 13.1827, 43.1448 ]
    },
    "id" : "45626971"
  }, {
    "type" : "Feature",
    "properties" : {
      "depth_km" : 50.3,
      "author" : "SURVEY-INGV",
      "catalog" : null,
      "latitude" : 44.2037,
      "event_id" : 45626921,
      "contributor" : null,
      "mag_type" : "ML",
      "event_location_name" : "3 km W San Benedetto Val di Sambro (BO)",
      "magnitude" : 1.4,
      "time" : "2026-05-26 08:28:58Z",
      "mag_author" : null,
      "longitude" : 11.1962,
      "contributor_id" : null
    },
    "geometry" : {
      "type" : "Point",
      "coordinates" : [ 11.1962, 44.2037 ]
    },
    "id" : "45626921"
  }, {
    "type" : "Feature",
    "properties" : {
      "depth_km" : 50.3,
      "author" : "SURVEY-INGV",
      "catalog" : null,
      "latitude" : 44.2037,
      "event_id" : 46042892,
      "contributor" : null,
      "mag_type" : "ML",
      "event_location_name" : "3 km W San Benedetto Val di Sambro (BO)",
      "magnitude" : 1.4,
      "time" : "2026-05-26 08:28:58Z",
      "mag_author" : null,
      "longitude" : 11.1962,
      "contributor_id" : null
    },
    "geometry" : {
      "type" : "Point",
      "coordinates" : [ 11.1962, 44.2037 ]
    },
    "id" : "46042892"
  }, {
    "type" : "Feature",
    "properties" : {
      "depth_km" : 18.9,
      "author" : "SURVEY-INGV",
      "catalog" : null,
      "latitude" : 42.8087,
      "event_id" : 45626831,
      "contributor" : null,
      "mag_type" : "ML",
      "event_location_name" : "4 km N Acquasanta Terme (AP)",
      "magnitude" : 1.0,
      "time" : "2026-05-26 08:19:50Z",
      "mag_author" : null,
      "longitude" : 13.4213,
      "contributor_id" : null
    },
    "geometry" : {
      "type" : "Point",
      "coordinates" : [ 13.4213, 42.8087 ]
    },
    "id" : "45626831"
  }, {
    "type" : "Feature",
    "properties" : {
      "depth_km" : 18.9,
      "author" : "SURVEY-INGV",
      "catalog" : null,
      "latitude" : 42.8087,
      "event_id" : 46042782,
      "contributor" : null,
      "mag_type" : "ML",
      "event_location_name" : "4 km N Acquasanta Terme (AP)",
      "magnitude" : 1.0,
      "time" : "2026-05-26 08:19:50Z",
      "mag_author" : null,
      "longitude" : 13.4213,
      "contributor_id" : null
    },
    "geometry" : {
      "type" : "Point",
      "coordinates" : [ 13.4213, 42.8087 ]
    },
    "id" : "46042782"
  }, {
    "type" : "Feature",
    "properties" : {
      "depth_km" : 4.8,
      "author" : "SURVEY-INGV",
      "catalog" : null,
      "latitude" : 40.6862,
      "event_id" : 46042362,
      "contributor" : null,
      "mag_type" : "ML",
      "event_location_name" : "7 km E Matera (MT)",
      "magnitude" : 1.3,
      "time" : "2026-05-26 07:36:05Z",
      "mag_author" : null,
      "longitude" : 16.6812,
      "contributor_id" : null
    },
    "geometry" : {
      "type" : "Point",
      "coordinates" : [ 16.6812, 40.6862 ]
    },
    "id" : "46042362"
  }, {
    "type" : "Feature",
    "properties" : {
      "depth_km" : 4.8,
      "author" : "SURVEY-INGV",
      "catalog" : null,
      "latitude" : 40.6862,
      "event_id" : 45626471,
      "contributor" : null,
      "mag_type" : "ML",
      "event_location_name" : "7 km E Matera (MT)",
      "magnitude" : 1.3,
      "time" : "2026-05-26 07:36:05Z",
      "mag_author" : null,
      "longitude" : 16.6812,
      "contributor_id" : null
    },
    "geometry" : {
      "type" : "Point",
      "coordinates" : [ 16.6812, 40.6862 ]
    },
    "id" : "45626471"
  }, {
    "type" : "Feature",
    "properties" : {
      "depth_km" : 10.3,
      "author" : "SURVEY-INGV",
      "catalog" : null,
      "latitude" : 42.9243,
      "event_id" : 46041932,
      "contributor" : null,
      "mag_type" : "ML",
      "event_location_name" : "5 km NE Sellano (PG)",
      "magnitude" : 0.5,
      "time" : "2026-05-26 06:42:41Z",
      "mag_author" : null,
      "longitude" : 12.9602,
      "contributor_id" : null
    },
    "geometry" : {
      "type" : "Point",
      "coordinates" : [ 12.9602, 42.9243 ]
    },
    "id" : "46041932"
  }, {
    "type" : "Feature",
    "properties" : {
      "depth_km" : 10.3,
      "author" : "SURVEY-INGV",
      "catalog" : null,
      "latitude" : 42.9243,
      "event_id" : 45626131,
      "contributor" : null,
      "mag_type" : "ML",
      "event_location_name" : "5 km NE Sellano (PG)",
      "magnitude" : 0.5,
      "time" : "2026-05-26 06:42:41Z",
      "mag_author" : null,
      "longitude" : 12.9602,
      "contributor_id" : null
    },
    "geometry" : {
      "type" : "Point",
      "coordinates" : [ 12.9602, 42.9243 ]
    },
    "id" : "45626131"
  }, {
    "type" : "Feature",
    "properties" : {
      "depth_km" : 19.8,
      "author" : "SURVEY-INGV",
      "catalog" : null,
      "latitude" : 40.7748,
      "event_id" : 46041712,
      "contributor" : null,
      "mag_type" : "ML",
      "event_location_name" : "2 km NW Bella (PZ)",
      "magnitude" : 1.3,
      "time" : "2026-05-26 06:27:05Z",
      "mag_author" : null,
      "longitude" : 15.5262,
      "contributor_id" : null
    },
    "geometry" : {
      "type" : "Point",
      "coordinates" : [ 15.5262, 40.7748 ]
    },
    "id" : "46041712"
  }, {
    "type" : "Feature",
    "properties" : {
      "depth_km" : 19.8,
      "author" : "SURVEY-INGV",
      "catalog" : null,
      "latitude" : 40.7748,
      "event_id" : 45625911,
      "contributor" : null,
      "mag_type" : "ML",
      "event_location_name" : "2 km NW Bella (PZ)",
      "magnitude" : 1.3,
      "time" : "2026-05-26 06:27:05Z",
      "mag_author" : null,
      "longitude" : 15.5262,
      "contributor_id" : null
    },
    "geometry" : {
      "type" : "Point",
      "coordinates" : [ 15.5262, 40.7748 ]
    },
    "id" : "45625911"
  }, {
    "type" : "Feature",
    "properties" : {
      "depth_km" : 11.0,
      "author" : "SURVEY-INGV",
      "catalog" : null,
      "latitude" : 42.8453,
      "event_id" : 46041162,
      "contributor" : null,
      "mag_type" : "ML",
      "event_location_name" : "4 km S Preci (PG)",
      "magnitude" : 0.8,
      "time" : "2026-05-26 05:02:38Z",
      "mag_author" : null,
      "longitude" : 13.0445,
      "contributor_id" : null
    },
    "geometry" : {
      "type" : "Point",
      "coordinates" : [ 13.0445, 42.8453 ]
    },
    "id" : "46041162"
  }, {
    "type" : "Feature",
    "properties" : {
      "depth_km" : 11.0,
      "author" : "SURVEY-INGV",
      "catalog" : null,
      "latitude" : 42.8453,
      "event_id" : 45625431,
      "contributor" : null,
      "mag_type" : "ML",
      "event_location_name" : "4 km S Preci (PG)",
      "magnitude" : 0.8,
      "time" : "2026-05-26 05:02:38Z",
      "mag_author" : null,
      "longitude" : 13.0445,
      "contributor_id" : null
    },
    "geometry" : {
      "type" : "Point",
      "coordinates" : [ 13.0445, 42.8453 ]
    },
    "id" : "45625431"
  }, {
    "type" : "Feature",
    "properties" : {
      "depth_km" : 11.0,
      "author" : "SURVEY-INGV",
      "catalog" : null,
      "latitude" : 42.8453,
      "event_id" : 45625431,
      "contributor" : null,
      "mag_type" : "ML",
      "event_location_name" : "4 km S Preci (PG)",
      "magnitude" : 0.8,
      "time" : "2026-05-26 05:02:38Z",
      "mag_author" : null,
      "longitude" : 13.0445,
      "contributor_id" : null
    },
    "geometry" : {
      "type" : "Point",
      "coordinates" : [ 13.0445, 42.8453 ]
    },
    "id" : "45625431"
  }, {
    "type" : "Feature",
    "properties" : {
      "depth_km" : 9.1,
      "author" : "SURVEY-INGV",
      "catalog" : null,
      "latitude" : 42.9905,
      "event_id" : 46041062,
      "contributor" : null,
      "mag_type" : "ML",
      "event_location_name" : "4 km W Bolognola (MC)",
      "magnitude" : 0.8,
      "time" : "2026-05-26 04:53:20Z",
      "mag_author" : null,
      "longitude" : 13.1778,
      "contributor_id" : null
    },
    "geometry" : {
      "type" : "Point",
      "coordinates" : [ 13.1778, 42.9905 ]
    },
    "id" : "46041062"
  }, {
    "type" : "Feature",
    "properties" : {
      "depth_km" : 9.1,
      "author" : "SURVEY-INGV",
      "catalog" : null,
      "latitude" : 42.9905,
      "event_id" : 45625301,
      "contributor" : null,
      "mag_type" : "ML",
      "event_location_name" : "4 km W Bolognola (MC)",
      "magnitude" : 0.8,
      "time" : "2026-05-26 04:53:20Z",
      "mag_author" : null,
      "longitude" : 13.1778,
      "contributor_id" : null
    },
    "geometry" : {
      "type" : "Point",
      "coordinates" : [ 13.1778, 42.9905 ]
    },
    "id" : "45625301"
  }, {
    "type" : "Feature",
    "properties" : {
      "depth_km" : 14.8,
      "author" : "SURVEY-INGV",
      "catalog" : null,
      "latitude" : 43.4745,
      "event_id" : 45625221,
      "contributor" : null,
      "mag_type" : "ML",
      "event_location_name" : "3 km SW Serra Sant'Abbondio (PU)",
      "magnitude" : 0.9,
      "time" : "2026-05-26 04:29:06Z",
      "mag_author" : null,
      "longitude" : 12.7367,
      "contributor_id" : null
    },
    "geometry" : {
      "type" : "Point",
      "coordinates" : [ 12.7367, 43.4745 ]
    },
    "id" : "45625221"
  }, {
    "type" : "Feature",
    "properties" : {
      "depth_km" : 14.8,
      "author" : "SURVEY-INGV",
      "catalog" : null,
      "latitude" : 43.4745,
      "event_id" : 46040952,
      "contributor" : null,
      "mag_type" : "ML",
      "event_location_name" : "3 km SW Serra Sant'Abbondio (PU)",
      "magnitude" : 0.9,
      "time" : "2026-05-26 04:29:06Z",
      "mag_author" : null,
      "longitude" : 12.7367,
      "contributor_id" : null
    },
    "geometry" : {
      "type" : "Point",
      "coordinates" : [ 12.7367, 43.4745 ]
    },
    "id" : "46040952"
  }, {
    "type" : "Feature",
    "properties" : {
      "depth_km" : 9.3,
      "author" : "SURVEY-INGV",
      "catalog" : null,
      "latitude" : 42.7862,
      "event_id" : 46040872,
      "contributor" : null,
      "mag_type" : "ML",
      "event_location_name" : "8 km W Arquata del Tronto (AP)",
      "magnitude" : 0.8,
      "time" : "2026-05-26 04:18:58Z",
      "mag_author" : null,
      "longitude" : 13.2062,
      "contributor_id" : null
    },
    "geometry" : {
      "type" : "Point",
      "coordinates" : [ 13.2062, 42.7862 ]
    },
    "id" : "46040872"
  }, {
    "type" : "Feature",
    "properties" : {
      "depth_km" : 9.3,
      "author" : "SURVEY-INGV",
      "catalog" : null,
      "latitude" : 42.7862,
      "event_id" : 45625171,
      "contributor" : null,
      "mag_type" : "ML",
      "event_location_name" : "8 km W Arquata del Tronto (AP)",
      "magnitude" : 0.8,
      "time" : "2026-05-26 04:18:58Z",
      "mag_author" : null,
      "longitude" : 13.2062,
      "contributor_id" : null
    },
    "geometry" : {
      "type" : "Point",
      "coordinates" : [ 13.2062, 42.7862 ]
    },
    "id" : "45625171"
  }, {
    "type" : "Feature",
    "properties" : {
      "depth_km" : 10.1,
      "author" : "SURVEY-INGV",
      "catalog" : null,
      "latitude" : 46.2743,
      "event_id" : 46040772,
      "contributor" : null,
      "mag_type" : "ML",
      "event_location_name" : "1 km NW Claut (PN)",
      "magnitude" : 0.8,
      "time" : "2026-05-26 03:41:01Z",
      "mag_author" : null,
      "longitude" : 12.5073,
      "contributor_id" : null
    },
    "geometry" : {
      "type" : "Point",
      "coordinates" : [ 12.5073, 46.2743 ]
    },
    "id" : "46040772"
  }, {
    "type" : "Feature",
    "properties" : {
      "depth_km" : 10.1,
      "author" : "SURVEY-INGV",
      "catalog" : null,
      "latitude" : 46.2743,
      "event_id" : 45625071,
      "contributor" : null,
      "mag_type" : "ML",
      "event_location_name" : "1 km NW Claut (PN)",
      "magnitude" : 0.8,
      "time" : "2026-05-26 03:41:01Z",
      "mag_author" : null,
      "longitude" : 12.5073,
      "contributor_id" : null
    },
    "geometry" : {
      "type" : "Point",
      "coordinates" : [ 12.5073, 46.2743 ]
    },
    "id" : "45625071"
  }, {
    "type" : "Feature",
    "properties" : {
      "depth_km" : 11.1,
      "author" : "SURVEY-INGV",
      "catalog" : null,
      "latitude" : 42.876,
      "event_id" : 46040702,
      "contributor" : null,
      "mag_type" : "ML",
      "event_location_name" : "4 km E Preci (PG)",
      "magnitude" : 0.2,
      "time" : "2026-05-26 03:16:41Z",
      "mag_author" : null,
      "longitude" : 13.086,
      "contributor_id" : null
    },
    "geometry" : {
      "type" : "Point",
      "coordinates" : [ 13.086, 42.876 ]
    },
    "id" : "46040702"
  }, {
    "type" : "Feature",
    "properties" : {
      "depth_km" : 11.1,
      "author" : "SURVEY-INGV",
      "catalog" : null,
      "latitude" : 42.876,
      "event_id" : 45625011,
      "contributor" : null,
      "mag_type" : "ML",
      "event_location_name" : "4 km E Preci (PG)",
      "magnitude" : 0.2,
      "time" : "2026-05-26 03:16:41Z",
      "mag_author" : null,
      "longitude" : 13.086,
      "contributor_id" : null
    },
    "geometry" : {
      "type" : "Point",
      "coordinates" : [ 13.086, 42.876 ]
    },
    "id" : "45625011"
  }, {
    "type" : "Feature",
    "properties" : {
      "depth_km" : 8.9,
      "author" : "SURVEY-INGV",
      "catalog" : null,
      "latitude" : 41.4507,
      "event_id" : 46040682,
      "contributor" : null,
      "mag_type" : "ML",
      "event_location_name" : "5 km SW Priverno (LT)",
      "magnitude" : 1.4,
      "time" : "2026-05-26 02:29:33Z",
      "mag_author" : null,
      "longitude" : 13.1333,
      "contributor_id" : null
    },
    "geometry" : {
      "type" : "Point",
      "coordinates" : [ 13.1333, 41.4507 ]
    },
    "id" : "46040682"
  }, {
    "type" : "Feature",
    "properties" : {
      "depth_km" : 8.9,
      "author" : "SURVEY-INGV",
      "catalog" : null,
      "latitude" : 41.4507,
      "event_id" : 45624971,
      "contributor" : null,
      "mag_type" : "ML",
      "event_location_name" : "5 km SW Priverno (LT)",
      "magnitude" : 1.4,
      "time" : "2026-05-26 02:29:33Z",
      "mag_author" : null,
      "longitude" : 13.1333,
      "contributor_id" : null
    },
    "geometry" : {
      "type" : "Point",
      "coordinates" : [ 13.1333, 41.4507 ]
    },
    "id" : "45624971"
  }, {
    "type" : "Feature",
    "properties" : {
      "depth_km" : 8.9,
      "author" : "SURVEY-INGV",
      "catalog" : null,
      "latitude" : 41.4507,
      "event_id" : 45624971,
      "contributor" : null,
      "mag_type" : "ML",
      "event_location_name" : "5 km SW Priverno (LT)",
      "magnitude" : 1.4,
      "time" : "2026-05-26 02:29:33Z",
      "mag_author" : null,
      "longitude" : 13.1333,
      "contributor_id" : null
    },
    "geometry" : {
      "type" : "Point",
      "coordinates" : [ 13.1333, 41.4507 ]
    },
    "id" : "45624971"
  }, {
    "type" : "Feature",
    "properties" : {
      "depth_km" : 10.7,
      "author" : "SURVEY-INGV",
      "catalog" : null,
      "latitude" : 42.78,
      "event_id" : 46040592,
      "contributor" : null,
      "mag_type" : "ML",
      "event_location_name" : "5 km S Campello sul Clitunno (PG)",
      "magnitude" : 0.6,
      "time" : "2026-05-26 01:57:35Z",
      "mag_author" : null,
      "longitude" : 12.7788,
      "contributor_id" : null
    },
    "geometry" : {
      "type" : "Point",
      "coordinates" : [ 12.7788, 42.78 ]
    },
    "id" : "46040592"
  }, {
    "type" : "Feature",
    "properties" : {
      "depth_km" : 10.7,
      "author" : "SURVEY-INGV",
      "catalog" : null,
      "latitude" : 42.78,
      "event_id" : 45624891,
      "contributor" : null,
      "mag_type" : "ML",
      "event_location_name" : "5 km S Campello sul Clitunno (PG)",
      "magnitude" : 0.6,
      "time" : "2026-05-26 01:57:35Z",
      "mag_author" : null,
      "longitude" : 12.7788,
      "contributor_id" : null
    },
    "geometry" : {
      "type" : "Point",
      "coordinates" : [ 12.7788, 42.78 ]
    },
    "id" : "45624891"
  }, {
    "type" : "Feature",
    "properties" : {
      "depth_km" : 12.4,
      "author" : "SURVEY-INGV",
      "catalog" : null,
      "latitude" : 42.9793,
      "event_id" : 45624871,
      "contributor" : null,
      "mag_type" : "ML",
      "event_location_name" : "3 km SE Monte Cavallo (MC)",
      "magnitude" : 0.9,
      "time" : "2026-05-26 01:48:34Z",
      "mag_author" : null,
      "longitude" : 13.0293,
      "contributor_id" : null
    },
    "geometry" : {
      "type" : "Point",
      "coordinates" : [ 13.0293, 42.9793 ]
    },
    "id" : "45624871"
  }, {
    "type" : "Feature",
    "properties" : {
      "depth_km" : 12.4,
      "author" : "SURVEY-INGV",
      "catalog" : null,
      "latitude" : 42.9793,
      "event_id" : 46040552,
      "contributor" : null,
      "mag_type" : "ML",
      "event_location_name" : "3 km SE Monte Cavallo (MC)",
      "magnitude" : 0.9,
      "time" : "2026-05-26 01:48:34Z",
      "mag_author" : null,
      "longitude" : 13.0293,
      "contributor_id" : null
    },
    "geometry" : {
      "type" : "Point",
      "coordinates" : [ 13.0293, 42.9793 ]
    },
    "id" : "46040552"
  }, {
    "type" : "Feature",
    "properties" : {
      "depth_km" : 6.8,
      "author" : "SURVEY-INGV",
      "catalog" : null,
      "latitude" : 43.4573,
      "event_id" : 46040502,
      "contributor" : null,
      "mag_type" : "ML",
      "event_location_name" : "3 km NE Pietralunga (PG)",
      "magnitude" : 0.9,
      "time" : "2026-05-26 01:39:39Z",
      "mag_author" : null,
      "longitude" : 12.4705,
      "contributor_id" : null
    },
    "geometry" : {
      "type" : "Point",
      "coordinates" : [ 12.4705, 43.4573 ]
    },
    "id" : "46040502"
  }, {
    "type" : "Feature",
    "properties" : {
      "depth_km" : 6.8,
      "author" : "SURVEY-INGV",
      "catalog" : null,
      "latitude" : 43.4573,
      "event_id" : 45624831,
      "contributor" : null,
      "mag_type" : "ML",
      "event_location_name" : "3 km NE Pietralunga (PG)",
      "magnitude" : 0.9,
      "time" : "2026-05-26 01:39:39Z",
      "mag_author" : null,
      "longitude" : 12.4705,
      "contributor_id" : null
    },
    "geometry" : {
      "type" : "Point",
      "coordinates" : [ 12.4705, 43.4573 ]
    },
    "id" : "45624831"
  }, {
    "type" : "Feature",
    "properties" : {
      "depth_km" : 8.0,
      "author" : "SURVEY-INGV",
      "catalog" : null,
      "latitude" : 43.4612,
      "event_id" : 46040472,
      "contributor" : null,
      "mag_type" : "ML",
      "event_location_name" : "3 km NE Pietralunga (PG)",
      "magnitude" : 0.9,
      "time" : "2026-05-26 01:24:49Z",
      "mag_author" : null,
      "longitude" : 12.4703,
      "contributor_id" : null
    },
    "geometry" : {
      "type" : "Point",
      "coordinates" : [ 12.4703, 43.4612 ]
    },
    "id" : "46040472"
  }, {
    "type" : "Feature",
    "properties" : {
      "depth_km" : 8.0,
      "author" : "SURVEY-INGV",
      "catalog" : null,
      "latitude" : 43.4612,
      "event_id" : 45624791,
      "contributor" : null,
      "mag_type" : "ML",
      "event_location_name" : "3 km NE Pietralunga (PG)",
      "magnitude" : 0.9,
      "time" : "2026-05-26 01:24:49Z",
      "mag_author" : null,
      "longitude" : 12.4703,
      "contributor_id" : null
    },
    "geometry" : {
      "type" : "Point",
      "coordinates" : [ 12.4703, 43.4612 ]
    },
    "id" : "45624791"
  }, {
    "type" : "Feature",
    "properties" : {
      "depth_km" : 8.0,
      "author" : "SURVEY-INGV",
      "catalog" : null,
      "latitude" : 43.4612,
      "event_id" : 45624791,
      "contributor" : null,
      "mag_type" : "ML",
      "event_location_name" : "3 km NE Pietralunga (PG)",
      "magnitude" : 0.9,
      "time" : "2026-05-26 01:24:49Z",
      "mag_author" : null,
      "longitude" : 12.4703,
      "contributor_id" : null
    },
    "geometry" : {
      "type" : "Point",
      "coordinates" : [ 12.4703, 43.4612 ]
    },
    "id" : "45624791"
  }, {
    "type" : "Feature",
    "properties" : {
      "depth_km" : 12.5,
      "author" : "SURVEY-INGV",
      "catalog" : null,
      "latitude" : 46.3625,
      "event_id" : 45624741,
      "contributor" : null,
      "mag_type" : "ML",
      "event_location_name" : "3 km NE Venzone (UD)",
      "magnitude" : 0.9,
      "time" : "2026-05-26 00:27:57Z",
      "mag_author" : null,
      "longitude" : 13.1555,
      "contributor_id" : null
    },
    "geometry" : {
      "type" : "Point",
      "coordinates" : [ 13.1555, 46.3625 ]
    },
    "id" : "45624741"
  }, {
    "type" : "Feature",
    "properties" : {
      "depth_km" : 12.5,
      "author" : "SURVEY-INGV",
      "catalog" : null,
      "latitude" : 46.3625,
      "event_id" : 46040412,
      "contributor" : null,
      "mag_type" : "ML",
      "event_location_name" : "3 km NE Venzone (UD)",
      "magnitude" : 0.9,
      "time" : "2026-05-26 00:27:57Z",
      "mag_author" : null,
      "longitude" : 13.1555,
      "contributor_id" : null
    },
    "geometry" : {
      "type" : "Point",
      "coordinates" : [ 13.1555, 46.3625 ]
    },
    "id" : "46040412"
  }, {
    "type" : "Feature",
    "properties" : {
      "depth_km" : 14.6,
      "author" : "SURVEY-INGV",
      "catalog" : null,
      "latitude" : 42.4995,
      "event_id" : 46040352,
      "contributor" : null,
      "mag_type" : "ML",
      "event_location_name" : "3 km SE Montereale (AQ)",
      "magnitude" : 0.6,
      "time" : "2026-05-25 23:43:59Z",
      "mag_author" : null,
      "longitude" : 13.2707,
      "contributor_id" : null
    },
    "geometry" : {
      "type" : "Point",
      "coordinates" : [ 13.2707, 42.4995 ]
    },
    "id" : "46040352"
  }, {
    "type" : "Feature",
    "properties" : {
      "depth_km" : 14.6,
      "author" : "SURVEY-INGV",
      "catalog" : null,
      "latitude" : 42.4995,
      "event_id" : 45624671,
      "contributor" : null,
      "mag_type" : "ML",
      "event_location_name" : "3 km SE Montereale (AQ)",
      "magnitude" : 0.6,
      "time" : "2026-05-25 23:43:59Z",
      "mag_author" : null,
      "longitude" : 13.2707,
      "contributor_id" : null
    },
    "geometry" : {
      "type" : "Point",
      "coordinates" : [ 13.2707, 42.4995 ]
    },
    "id" : "45624671"
  }, {
    "type" : "Feature",
    "properties" : {
      "depth_km" : 13.2,
      "author" : "SURVEY-INGV",
      "catalog" : null,
      "latitude" : 42.4607,
      "event_id" : 46040272,
      "contributor" : null,
      "mag_type" : "ML",
      "event_location_name" : "2 km W Cagnano Amiterno (AQ)",
      "magnitude" : 1.4,
      "time" : "2026-05-25 23:03:45Z",
      "mag_author" : null,
      "longitude" : 13.1997,
      "contributor_id" : null
    },
    "geometry" : {
      "type" : "Point",
      "coordinates" : [ 13.1997, 42.4607 ]
    },
    "id" : "46040272"
  }, {
    "type" : "Feature",
    "properties" : {
      "depth_km" : 13.2,
      "author" : "SURVEY-INGV",
      "catalog" : null,
      "latitude" : 42.4607,
      "event_id" : 45624621,
      "contributor" : null,
      "mag_type" : "ML",
      "event_location_name" : "2 km W Cagnano Amiterno (AQ)",
      "magnitude" : 1.4,
      "time" : "2026-05-25 23:03:45Z",
      "mag_author" : null,
      "longitude" : 13.1997,
      "contributor_id" : null
    },
    "geometry" : {
      "type" : "Point",
      "coordinates" : [ 13.1997, 42.4607 ]
    },
    "id" : "45624621"
  }, {
    "type" : "Feature",
    "properties" : {
      "depth_km" : 5.1,
      "author" : "SURVEY-INGV",
      "catalog" : null,
      "latitude" : 43.0047,
      "event_id" : 46040212,
      "contributor" : null,
      "mag_type" : "ML",
      "event_location_name" : "4 km SE Fiordimonte (MC)",
      "magnitude" : 0.8,
      "time" : "2026-05-25 22:39:28Z",
      "mag_author" : null,
      "longitude" : 13.1163,
      "contributor_id" : null
    },
    "geometry" : {
      "type" : "Point",
      "coordinates" : [ 13.1163, 43.0047 ]
    },
    "id" : "46040212"
  }, {
    "type" : "Feature",
    "properties" : {
      "depth_km" : 5.1,
      "author" : "SURVEY-INGV",
      "catalog" : null,
      "latitude" : 43.0047,
      "event_id" : 45624561,
      "contributor" : null,
      "mag_type" : "ML",
      "event_location_name" : "4 km SE Fiordimonte (MC)",
      "magnitude" : 0.8,
      "time" : "2026-05-25 22:39:28Z",
      "mag_author" : null,
      "longitude" : 13.1163,
      "contributor_id" : null
    },
    "geometry" : {
      "type" : "Point",
      "coordinates" : [ 13.1163, 43.0047 ]
    },
    "id" : "45624561"
  }, {
    "type" : "Feature",
    "properties" : {
      "depth_km" : 10.0,
      "author" : "SURVEY-INGV",
      "catalog" : null,
      "latitude" : 44.2238,
      "event_id" : 45624501,
      "contributor" : null,
      "mag_type" : "ML",
      "event_location_name" : "2 km SW Fivizzano (MS)",
      "magnitude" : 1.1,
      "time" : "2026-05-25 22:27:32Z",
      "mag_author" : null,
      "longitude" : 10.1067,
      "contributor_id" : null
    },
    "geometry" : {
      "type" : "Point",
      "coordinates" : [ 10.1067, 44.2238 ]
    },
    "id" : "45624501"
  }, {
    "type" : "Feature",
    "properties" : {
      "depth_km" : 10.0,
      "author" : "SURVEY-INGV",
      "catalog" : null,
      "latitude" : 44.2238,
      "event_id" : 46040162,
      "contributor" : null,
      "mag_type" : "ML",
      "event_location_name" : "2 km SW Fivizzano (MS)",
      "magnitude" : 1.1,
      "time" : "2026-05-25 22:27:32Z",
      "mag_author" : null,
      "longitude" : 10.1067,
      "contributor_id" : null
    },
    "geometry" : {
      "type" : "Point",
      "coordinates" : [ 10.1067, 44.2238 ]
    },
    "id" : "46040162"
  }, {
    "type" : "Feature",
    "properties" : {
      "depth_km" : 91.2,
      "author" : "SURVEY-INGV",
      "catalog" : null,
      "latitude" : 38.4203,
      "event_id" : 46040142,
      "contributor" : null,
      "mag_type" : "ML",
      "event_location_name" : "Tirreno Meridionale [Mare]",
      "magnitude" : 2.2,
      "time" : "2026-05-25 22:20:12Z",
      "mag_author" : null,
      "longitude" : 15.4367,
      "contributor_id" : null
    },
    "geometry" : {
      "type" : "Point",
      "coordinates" : [ 15.4367, 38.4203 ]
    },
    "id" : "46040142"
  }, {
    "type" : "Feature",
    "properties" : {
      "depth_km" : 91.2,
      "author" : "SURVEY-INGV",
      "catalog" : null,
      "latitude" : 38.4203,
      "event_id" : 45624471,
      "contributor" : null,
      "mag_type" : "ML",
      "event_location_name" : "Tirreno Meridionale [Mare]",
      "magnitude" : 2.2,
      "time" : "2026-05-25 22:20:12Z",
      "mag_author" : null,
      "longitude" : 15.4367,
      "contributor_id" : null
    },
    "geometry" : {
      "type" : "Point",
      "coordinates" : [ 15.4367, 38.4203 ]
    },
    "id" : "45624471"
  }, {
    "type" : "Feature",
    "properties" : {
      "depth_km" : 30.9,
      "author" : "SURVEY-INGV",
      "catalog" : null,
      "latitude" : 37.5293,
      "event_id" : 46040102,
      "contributor" : null,
      "mag_type" : "ML",
      "event_location_name" : "Mar Ionio Meridionale [Mare]",
      "magnitude" : 2.3,
      "time" : "2026-05-25 22:13:06Z",
      "mag_author" : null,
      "longitude" : 16.1,
      "contributor_id" : null
    },
    "geometry" : {
      "type" : "Point",
      "coordinates" : [ 16.1, 37.5293 ]
    },
    "id" : "46040102"
  }, {
    "type" : "Feature",
    "properties" : {
      "depth_km" : 30.9,
      "author" : "SURVEY-INGV",
      "catalog" : null,
      "latitude" : 37.5293,
      "event_id" : 46040102,
      "contributor" : null,
      "mag_type" : "ML",
      "event_location_name" : "Mar Ionio Meridionale [Mare]",
      "magnitude" : 2.3,
      "time" : "2026-05-25 22:13:06Z",
      "mag_author" : null,
      "longitude" : 16.1,
      "contributor_id" : null
    },
    "geometry" : {
      "type" : "Point",
      "coordinates" : [ 16.1, 37.5293 ]
    },
    "id" : "46040102"
  }, {
    "type" : "Feature",
    "properties" : {
      "depth_km" : 30.9,
      "author" : "SURVEY-INGV",
      "catalog" : null,
      "latitude" : 37.5293,
      "event_id" : 45624441,
      "contributor" : null,
      "mag_type" : "ML",
      "event_location_name" : "Mar Ionio Meridionale [Mare]",
      "magnitude" : 2.3,
      "time" : "2026-05-25 22:13:06Z",
      "mag_author" : null,
      "longitude" : 16.1,
      "contributor_id" : null
    },
    "geometry" : {
      "type" : "Point",
      "coordinates" : [ 16.1, 37.5293 ]
    },
    "id" : "45624441"
  }, {
    "type" : "Feature",
    "properties" : {
      "depth_km" : 30.9,
      "author" : "SURVEY-INGV",
      "catalog" : null,
      "latitude" : 37.5293,
      "event_id" : 45624441,
      "contributor" : null,
      "mag_type" : "ML",
      "event_location_name" : "Mar Ionio Meridionale [Mare]",
      "magnitude" : 2.3,
      "time" : "2026-05-25 22:13:06Z",
      "mag_author" : null,
      "longitude" : 16.1,
      "contributor_id" : null
    },
    "geometry" : {
      "type" : "Point",
      "coordinates" : [ 16.1, 37.5293 ]
    },
    "id" : "45624441"
  }, {
    "type" : "Feature",
    "properties" : {
      "depth_km" : 18.9,
      "author" : "SURVEY-INGV",
      "catalog" : null,
      "latitude" : 40.6968,
      "event_id" : 46040012,
      "contributor" : null,
      "mag_type" : "ML",
      "event_location_name" : "4 km NW Vaglio Basilicata (PZ)",
      "magnitude" : 1.2,
      "time" : "2026-05-25 21:30:30Z",
      "mag_author" : null,
      "longitude" : 15.9038,
      "contributor_id" : null
    },
    "geometry" : {
      "type" : "Point",
      "coordinates" : [ 15.9038, 40.6968 ]
    },
    "id" : "46040012"
  }, {
    "type" : "Feature",
    "properties" : {
      "depth_km" : 18.9,
      "author" : "SURVEY-INGV",
      "catalog" : null,
      "latitude" : 40.6968,
      "event_id" : 45624331,
      "contributor" : null,
      "mag_type" : "ML",
      "event_location_name" : "4 km NW Vaglio Basilicata (PZ)",
      "magnitude" : 1.2,
      "time" : "2026-05-25 21:30:30Z",
      "mag_author" : null,
      "longitude" : 15.9038,
      "contributor_id" : null
    },
    "geometry" : {
      "type" : "Point",
      "coordinates" : [ 15.9038, 40.6968 ]
    },
    "id" : "45624331"
  }, {
    "type" : "Feature",
    "properties" : {
      "depth_km" : 18.9,
      "author" : "SURVEY-INGV",
      "catalog" : null,
      "latitude" : 40.6968,
      "event_id" : 46040012,
      "contributor" : null,
      "mag_type" : "ML",
      "event_location_name" : "4 km NW Vaglio Basilicata (PZ)",
      "magnitude" : 1.2,
      "time" : "2026-05-25 21:30:30Z",
      "mag_author" : null,
      "longitude" : 15.9038,
      "contributor_id" : null
    },
    "geometry" : {
      "type" : "Point",
      "coordinates" : [ 15.9038, 40.6968 ]
    },
    "id" : "46040012"
  }, {
    "type" : "Feature",
    "properties" : {
      "depth_km" : 8.8,
      "author" : "SURVEY-INGV",
      "catalog" : null,
      "latitude" : 42.849,
      "event_id" : 45624071,
      "contributor" : null,
      "mag_type" : "ML",
      "event_location_name" : "8 km SE Castelsantangelo sul Nera (MC)",
      "magnitude" : 1.1,
      "time" : "2026-05-25 19:32:59Z",
      "mag_author" : null,
      "longitude" : 13.2223,
      "contributor_id" : null
    },
    "geometry" : {
      "type" : "Point",
      "coordinates" : [ 13.2223, 42.849 ]
    },
    "id" : "45624071"
  }, {
    "type" : "Feature",
    "properties" : {
      "depth_km" : 8.8,
      "author" : "SURVEY-INGV",
      "catalog" : null,
      "latitude" : 42.849,
      "event_id" : 46039742,
      "contributor" : null,
      "mag_type" : "ML",
      "event_location_name" : "8 km SE Castelsantangelo sul Nera (MC)",
      "magnitude" : 1.1,
      "time" : "2026-05-25 19:32:59Z",
      "mag_author" : null,
      "longitude" : 13.2223,
      "contributor_id" : null
    },
    "geometry" : {
      "type" : "Point",
      "coordinates" : [ 13.2223, 42.849 ]
    },
    "id" : "46039742"
  }, {
    "type" : "Feature",
    "properties" : {
      "depth_km" : 8.8,
      "author" : "SURVEY-INGV",
      "catalog" : null,
      "latitude" : 42.849,
      "event_id" : 46039742,
      "contributor" : null,
      "mag_type" : "ML",
      "event_location_name" : "8 km SE Castelsantangelo sul Nera (MC)",
      "magnitude" : 1.1,
      "time" : "2026-05-25 19:32:59Z",
      "mag_author" : null,
      "longitude" : 13.2223,
      "contributor_id" : null
    },
    "geometry" : {
      "type" : "Point",
      "coordinates" : [ 13.2223, 42.849 ]
    },
    "id" : "46039742"
  }, {
    "type" : "Feature",
    "properties" : {
      "depth_km" : 3.26,
      "author" : "SURVEY-INGV-OV#SiSmi",
      "catalog" : null,
      "latitude" : 40.805,
      "event_id" : 45623701,
      "contributor" : null,
      "mag_type" : "Md",
      "event_location_name" : "Campi Flegrei",
      "magnitude" : 1.5,
      "time" : "2026-05-25 18:13:55Z",
      "mag_author" : null,
      "longitude" : 14.106833,
      "contributor_id" : null
    },
    "geometry" : {
      "type" : "Point",
      "coordinates" : [ 14.106833, 40.805 ]
    },
    "id" : "45623701"
  }, {
    "type" : "Feature",
    "properties" : {
      "depth_km" : 3.26,
      "author" : "SURVEY-INGV-OV#SiSmi",
      "catalog" : null,
      "latitude" : 40.805,
      "event_id" : 46039252,
      "contributor" : null,
      "mag_type" : "Md",
      "event_location_name" : "Campi Flegrei",
      "magnitude" : 1.5,
      "time" : "2026-05-25 18:13:55Z",
      "mag_author" : null,
      "longitude" : 14.106833,
      "contributor_id" : null
    },
    "geometry" : {
      "type" : "Point",
      "coordinates" : [ 14.106833, 40.805 ]
    },
    "id" : "46039252"
  }, {
    "type" : "Feature",
    "properties" : {
      "depth_km" : 3.26,
      "author" : "SURVEY-INGV-OV#SiSmi",
      "catalog" : null,
      "latitude" : 40.805,
      "event_id" : 46039252,
      "contributor" : null,
      "mag_type" : "Md",
      "event_location_name" : "Campi Flegrei",
      "magnitude" : 1.5,
      "time" : "2026-05-25 18:13:55Z",
      "mag_author" : null,
      "longitude" : 14.106833,
      "contributor_id" : null
    },
    "geometry" : {
      "type" : "Point",
      "coordinates" : [ 14.106833, 40.805 ]
    },
    "id" : "46039252"
  }, {
    "type" : "Feature",
    "properties" : {
      "depth_km" : 8.9,
      "author" : "SURVEY-INGV",
      "catalog" : null,
      "latitude" : 42.7895,
      "event_id" : 46038822,
      "contributor" : null,
      "mag_type" : "ML",
      "event_location_name" : "8 km W Arquata del Tronto (AP)",
      "magnitude" : 1.0,
      "time" : "2026-05-25 16:50:02Z",
      "mag_author" : null,
      "longitude" : 13.2012,
      "contributor_id" : null
    },
    "geometry" : {
      "type" : "Point",
      "coordinates" : [ 13.2012, 42.7895 ]
    },
    "id" : "46038822"
  }, {
    "type" : "Feature",
    "properties" : {
      "depth_km" : 8.9,
      "author" : "SURVEY-INGV",
      "catalog" : null,
      "latitude" : 42.7895,
      "event_id" : 46038822,
      "contributor" : null,
      "mag_type" : "ML",
      "event_location_name" : "8 km W Arquata del Tronto (AP)",
      "magnitude" : 1.0,
      "time" : "2026-05-25 16:50:02Z",
      "mag_author" : null,
      "longitude" : 13.2012,
      "contributor_id" : null
    },
    "geometry" : {
      "type" : "Point",
      "coordinates" : [ 13.2012, 42.7895 ]
    },
    "id" : "46038822"
  }, {
    "type" : "Feature",
    "properties" : {
      "depth_km" : 8.9,
      "author" : "SURVEY-INGV",
      "catalog" : null,
      "latitude" : 42.7895,
      "event_id" : 45623261,
      "contributor" : null,
      "mag_type" : "ML",
      "event_location_name" : "8 km W Arquata del Tronto (AP)",
      "magnitude" : 1.0,
      "time" : "2026-05-25 16:50:02Z",
      "mag_author" : null,
      "longitude" : 13.2012,
      "contributor_id" : null
    },
    "geometry" : {
      "type" : "Point",
      "coordinates" : [ 13.2012, 42.7895 ]
    },
    "id" : "45623261"
  }, {
    "type" : "Feature",
    "properties" : {
      "depth_km" : 0.5,
      "author" : "SURVEY-INGV",
      "catalog" : null,
      "latitude" : 46.1503,
      "event_id" : 46038612,
      "contributor" : null,
      "mag_type" : "ML",
      "event_location_name" : "1 km SE Giovo (TN)",
      "magnitude" : 1.2,
      "time" : "2026-05-25 16:02:22Z",
      "mag_author" : null,
      "longitude" : 11.1608,
      "contributor_id" : null
    },
    "geometry" : {
      "type" : "Point",
      "coordinates" : [ 11.1608, 46.1503 ]
    },
    "id" : "46038612"
  }, {
    "type" : "Feature",
    "properties" : {
      "depth_km" : 0.5,
      "author" : "SURVEY-INGV",
      "catalog" : null,
      "latitude" : 46.1503,
      "event_id" : 45623051,
      "contributor" : null,
      "mag_type" : "ML",
      "event_location_name" : "1 km SE Giovo (TN)",
      "magnitude" : 1.2,
      "time" : "2026-05-25 16:02:22Z",
      "mag_author" : null,
      "longitude" : 11.1608,
      "contributor_id" : null
    },
    "geometry" : {
      "type" : "Point",
      "coordinates" : [ 11.1608, 46.1503 ]
    },
    "id" : "45623051"
  }, {
    "type" : "Feature",
    "properties" : {
      "depth_km" : 0.5,
      "author" : "SURVEY-INGV",
      "catalog" : null,
      "latitude" : 46.1503,
      "event_id" : 46038612,
      "contributor" : null,
      "mag_type" : "ML",
      "event_location_name" : "1 km SE Giovo (TN)",
      "magnitude" : 1.2,
      "time" : "2026-05-25 16:02:22Z",
      "mag_author" : null,
      "longitude" : 11.1608,
      "contributor_id" : null
    },
    "geometry" : {
      "type" : "Point",
      "coordinates" : [ 11.1608, 46.1503 ]
    },
    "id" : "46038612"
  }, {
    "type" : "Feature",
    "properties" : {
      "depth_km" : 5.2,
      "author" : "SURVEY-INGV",
      "catalog" : null,
      "latitude" : 43.8473,
      "event_id" : 46038412,
      "contributor" : null,
      "mag_type" : "ML",
      "event_location_name" : "Croatia [Land]",
      "magnitude" : 3.7,
      "time" : "2026-05-25 15:38:32Z",
      "mag_author" : null,
      "longitude" : 16.6017,
      "contributor_id" : null
    },
    "geometry" : {
      "type" : "Point",
      "coordinates" : [ 16.6017, 43.8473 ]
    },
    "id" : "46038412"
  }, {
    "type" : "Feature",
    "properties" : {
      "depth_km" : 5.2,
      "author" : "SURVEY-INGV",
      "catalog" : null,
      "latitude" : 43.8473,
      "event_id" : 45622871,
      "contributor" : null,
      "mag_type" : "ML",
      "event_location_name" : "Croatia [Land]",
      "magnitude" : 3.7,
      "time" : "2026-05-25 15:38:32Z",
      "mag_author" : null,
      "longitude" : 16.6017,
      "contributor_id" : null
    },
    "geometry" : {
      "type" : "Point",
      "coordinates" : [ 16.6017, 43.8473 ]
    },
    "id" : "45622871"
  }, {
    "type" : "Feature",
    "properties" : {
      "depth_km" : 5.2,
      "author" : "SURVEY-INGV",
      "catalog" : null,
      "latitude" : 43.8473,
      "event_id" : 46038412,
      "contributor" : null,
      "mag_type" : "ML",
      "event_location_name" : "Croatia [Land]",
      "magnitude" : 3.7,
      "time" : "2026-05-25 15:38:32Z",
      "mag_author" : null,
      "longitude" : 16.6017,
      "contributor_id" : null
    },
    "geometry" : {
      "type" : "Point",
      "coordinates" : [ 16.6017, 43.8473 ]
    },
    "id" : "46038412"
  }, {
    "type" : "Feature",
    "properties" : {
      "depth_km" : 10.3,
      "author" : "SURVEY-INGV",
      "catalog" : null,
      "latitude" : 39.8318,
      "event_id" : 46038372,
      "contributor" : null,
      "mag_type" : "ML",
      "event_location_name" : "5 km W Morano Calabro (CS)",
      "magnitude" : 1.0,
      "time" : "2026-05-25 15:35:42Z",
      "mag_author" : null,
      "longitude" : 16.074,
      "contributor_id" : null
    },
    "geometry" : {
      "type" : "Point",
      "coordinates" : [ 16.074, 39.8318 ]
    },
    "id" : "46038372"
  }, {
    "type" : "Feature",
    "properties" : {
      "depth_km" : 10.3,
      "author" : "SURVEY-INGV",
      "catalog" : null,
      "latitude" : 39.8318,
      "event_id" : 45622831,
      "contributor" : null,
      "mag_type" : "ML",
      "event_location_name" : "5 km W Morano Calabro (CS)",
      "magnitude" : 1.0,
      "time" : "2026-05-25 15:35:42Z",
      "mag_author" : null,
      "longitude" : 16.074,
      "contributor_id" : null
    },
    "geometry" : {
      "type" : "Point",
      "coordinates" : [ 16.074, 39.8318 ]
    },
    "id" : "45622831"
  }, {
    "type" : "Feature",
    "properties" : {
      "depth_km" : 9.0,
      "author" : "SURVEY-INGV",
      "catalog" : null,
      "latitude" : 43.8467,
      "event_id" : 45622711,
      "contributor" : null,
      "mag_type" : "ML",
      "event_location_name" : "Bosnia and Herz. [Land]",
      "magnitude" : 4.0,
      "time" : "2026-05-25 15:25:29Z",
      "mag_author" : null,
      "longitude" : 16.7063,
      "contributor_id" : null
    },
    "geometry" : {
      "type" : "Point",
      "coordinates" : [ 16.7063, 43.8467 ]
    },
    "id" : "45622711"
  }, {
    "type" : "Feature",
    "properties" : {
      "depth_km" : 9.0,
      "author" : "SURVEY-INGV",
      "catalog" : null,
      "latitude" : 43.8467,
      "event_id" : 46038222,
      "contributor" : null,
      "mag_type" : "ML",
      "event_location_name" : "Bosnia and Herz. [Land]",
      "magnitude" : 4.0,
      "time" : "2026-05-25 15:25:29Z",
      "mag_author" : null,
      "longitude" : 16.7063,
      "contributor_id" : null
    },
    "geometry" : {
      "type" : "Point",
      "coordinates" : [ 16.7063, 43.8467 ]
    },
    "id" : "46038222"
  }, {
    "type" : "Feature",
    "properties" : {
      "depth_km" : 12.5,
      "author" : "SURVEY-INGV",
      "catalog" : null,
      "latitude" : 43.4482,
      "event_id" : 46037552,
      "contributor" : null,
      "mag_type" : "ML",
      "event_location_name" : "4 km SW Cantiano (PU)",
      "magnitude" : 0.5,
      "time" : "2026-05-25 13:57:14Z",
      "mag_author" : null,
      "longitude" : 12.5968,
      "contributor_id" : null
    },
    "geometry" : {
      "type" : "Point",
      "coordinates" : [ 12.5968, 43.4482 ]
    },
    "id" : "46037552"
  }, {
    "type" : "Feature",
    "properties" : {
      "depth_km" : 12.5,
      "author" : "SURVEY-INGV",
      "catalog" : null,
      "latitude" : 43.4482,
      "event_id" : 45622111,
      "contributor" : null,
      "mag_type" : "ML",
      "event_location_name" : "4 km SW Cantiano (PU)",
      "magnitude" : 0.5,
      "time" : "2026-05-25 13:57:14Z",
      "mag_author" : null,
      "longitude" : 12.5968,
      "contributor_id" : null
    },
    "geometry" : {
      "type" : "Point",
      "coordinates" : [ 12.5968, 43.4482 ]
    },
    "id" : "45622111"
  }, {
    "type" : "Feature",
    "properties" : {
      "depth_km" : 8.8,
      "author" : "SURVEY-INGV",
      "catalog" : null,
      "latitude" : 41.7673,
      "event_id" : 46037342,
      "contributor" : null,
      "mag_type" : "ML",
      "event_location_name" : "5 km W Pescosolido (FR)",
      "magnitude" : 1.0,
      "time" : "2026-05-25 13:44:30Z",
      "mag_author" : null,
      "longitude" : 13.6008,
      "contributor_id" : null
    },
    "geometry" : {
      "type" : "Point",
      "coordinates" : [ 13.6008, 41.7673 ]
    },
    "id" : "46037342"
  }, {
    "type" : "Feature",
    "properties" : {
      "depth_km" : 8.8,
      "author" : "SURVEY-INGV",
      "catalog" : null,
      "latitude" : 41.7673,
      "event_id" : 45621891,
      "contributor" : null,
      "mag_type" : "ML",
      "event_location_name" : "5 km W Pescosolido (FR)",
      "magnitude" : 1.0,
      "time" : "2026-05-25 13:44:30Z",
      "mag_author" : null,
      "longitude" : 13.6008,
      "contributor_id" : null
    },
    "geometry" : {
      "type" : "Point",
      "coordinates" : [ 13.6008, 41.7673 ]
    },
    "id" : "45621891"
  }, {
    "type" : "Feature",
    "properties" : {
      "depth_km" : 10.6,
      "author" : "SURVEY-INGV",
      "catalog" : null,
      "latitude" : 42.8785,
      "event_id" : 45621801,
      "contributor" : null,
      "mag_type" : "ML",
      "event_location_name" : "3 km SW Sellano (PG)",
      "magnitude" : 0.8,
      "time" : "2026-05-25 13:41:37Z",
      "mag_author" : null,
      "longitude" : 12.9008,
      "contributor_id" : null
    },
    "geometry" : {
      "type" : "Point",
      "coordinates" : [ 12.9008, 42.8785 ]
    },
    "id" : "45621801"
  }, {
    "type" : "Feature",
    "properties" : {
      "depth_km" : 10.6,
      "author" : "SURVEY-INGV",
      "catalog" : null,
      "latitude" : 42.8785,
      "event_id" : 46037282,
      "contributor" : null,
      "mag_type" : "ML",
      "event_location_name" : "3 km SW Sellano (PG)",
      "magnitude" : 0.8,
      "time" : "2026-05-25 13:41:37Z",
      "mag_author" : null,
      "longitude" : 12.9008,
      "contributor_id" : null
    },
    "geometry" : {
      "type" : "Point",
      "coordinates" : [ 12.9008, 42.8785 ]
    },
    "id" : "46037282"
  }, {
    "type" : "Feature",
    "properties" : {
      "depth_km" : 8.7,
      "author" : "SURVEY-INGV",
      "catalog" : null,
      "latitude" : 41.7662,
      "event_id" : 45621621,
      "contributor" : null,
      "mag_type" : "ML",
      "event_location_name" : "5 km SE Balsorano (AQ)",
      "magnitude" : 1.7,
      "time" : "2026-05-25 13:27:21Z",
      "mag_author" : null,
      "longitude" : 13.5955,
      "contributor_id" : null
    },
    "geometry" : {
      "type" : "Point",
      "coordinates" : [ 13.5955, 41.7662 ]
    },
    "id" : "45621621"
  }, {
    "type" : "Feature",
    "properties" : {
      "depth_km" : 8.7,
      "author" : "SURVEY-INGV",
      "catalog" : null,
      "latitude" : 41.7662,
      "event_id" : 46037092,
      "contributor" : null,
      "mag_type" : "ML",
      "event_location_name" : "5 km SE Balsorano (AQ)",
      "magnitude" : 1.7,
      "time" : "2026-05-25 13:27:21Z",
      "mag_author" : null,
      "longitude" : 13.5955,
      "contributor_id" : null
    },
    "geometry" : {
      "type" : "Point",
      "coordinates" : [ 13.5955, 41.7662 ]
    },
    "id" : "46037092"
  }, {
    "type" : "Feature",
    "properties" : {
      "depth_km" : 27.4,
      "author" : "SURVEY-INGV",
      "catalog" : null,
      "latitude" : 37.5453,
      "event_id" : 46036982,
      "contributor" : null,
      "mag_type" : "ML",
      "event_location_name" : "6 km N San Cataldo (CL)",
      "magnitude" : 2.1,
      "time" : "2026-05-25 13:19:08Z",
      "mag_author" : null,
      "longitude" : 13.9763,
      "contributor_id" : null
    },
    "geometry" : {
      "type" : "Point",
      "coordinates" : [ 13.9763, 37.5453 ]
    },
    "id" : "46036982"
  }, {
    "type" : "Feature",
    "properties" : {
      "depth_km" : 27.4,
      "author" : "SURVEY-INGV",
      "catalog" : null,
      "latitude" : 37.5453,
      "event_id" : 45621541,
      "contributor" : null,
      "mag_type" : "ML",
      "event_location_name" : "6 km N San Cataldo (CL)",
      "magnitude" : 2.1,
      "time" : "2026-05-25 13:19:08Z",
      "mag_author" : null,
      "longitude" : 13.9763,
      "contributor_id" : null
    },
    "geometry" : {
      "type" : "Point",
      "coordinates" : [ 13.9763, 37.5453 ]
    },
    "id" : "45621541"
  }, {
    "type" : "Feature",
    "properties" : {
      "depth_km" : 10.9,
      "author" : "SURVEY-INGV",
      "catalog" : null,
      "latitude" : 42.8152,
      "event_id" : 46036552,
      "contributor" : null,
      "mag_type" : "ML",
      "event_location_name" : "7 km E Norcia (PG)",
      "magnitude" : 1.1,
      "time" : "2026-05-25 12:42:02Z",
      "mag_author" : null,
      "longitude" : 13.1705,
      "contributor_id" : null
    },
    "geometry" : {
      "type" : "Point",
      "coordinates" : [ 13.1705, 42.8152 ]
    },
    "id" : "46036552"
  }, {
    "type" : "Feature",
    "properties" : {
      "depth_km" : 10.9,
      "author" : "SURVEY-INGV",
      "catalog" : null,
      "latitude" : 42.8152,
      "event_id" : 45621121,
      "contributor" : null,
      "mag_type" : "ML",
      "event_location_name" : "7 km E Norcia (PG)",
      "magnitude" : 1.1,
      "time" : "2026-05-25 12:42:02Z",
      "mag_author" : null,
      "longitude" : 13.1705,
      "contributor_id" : null
    },
    "geometry" : {
      "type" : "Point",
      "coordinates" : [ 13.1705, 42.8152 ]
    },
    "id" : "45621121"
  }, {
    "type" : "Feature",
    "properties" : {
      "depth_km" : 6.1,
      "author" : "SURVEY-INGV",
      "catalog" : null,
      "latitude" : 42.8558,
      "event_id" : 45620641,
      "contributor" : null,
      "mag_type" : "ML",
      "event_location_name" : "7 km W Montegallo (AP)",
      "magnitude" : 1.0,
      "time" : "2026-05-25 11:23:57Z",
      "mag_author" : null,
      "longitude" : 13.2468,
      "contributor_id" : null
    },
    "geometry" : {
      "type" : "Point",
      "coordinates" : [ 13.2468, 42.8558 ]
    },
    "id" : "45620641"
  }, {
    "type" : "Feature",
    "properties" : {
      "depth_km" : 6.1,
      "author" : "SURVEY-INGV",
      "catalog" : null,
      "latitude" : 42.8558,
      "event_id" : 46036082,
      "contributor" : null,
      "mag_type" : "ML",
      "event_location_name" : "7 km W Montegallo (AP)",
      "magnitude" : 1.0,
      "time" : "2026-05-25 11:23:57Z",
      "mag_author" : null,
      "longitude" : 13.2468,
      "contributor_id" : null
    },
    "geometry" : {
      "type" : "Point",
      "coordinates" : [ 13.2468, 42.8558 ]
    },
    "id" : "46036082"
  }, {
    "type" : "Feature",
    "properties" : {
      "depth_km" : 2.46,
      "author" : "SURVEY-INGV-CT#SeismPicker_SO-OE",
      "catalog" : null,
      "latitude" : 37.549,
      "event_id" : 45620471,
      "contributor" : null,
      "mag_type" : "ML",
      "event_location_name" : "8 km W Paternò (CT)",
      "magnitude" : 1.6,
      "time" : "2026-05-25 10:08:23Z",
      "mag_author" : null,
      "longitude" : 14.82,
      "contributor_id" : null
    },
    "geometry" : {
      "type" : "Point",
      "coordinates" : [ 14.82, 37.549 ]
    },
    "id" : "45620471"
  }, {
    "type" : "Feature",
    "properties" : {
      "depth_km" : 2.46,
      "author" : "SURVEY-INGV-CT#SeismPicker_SO-OE",
      "catalog" : null,
      "latitude" : 37.549,
      "event_id" : 46035872,
      "contributor" : null,
      "mag_type" : "ML",
      "event_location_name" : "8 km W Paternò (CT)",
      "magnitude" : 1.6,
      "time" : "2026-05-25 10:08:23Z",
      "mag_author" : null,
      "longitude" : 14.82,
      "contributor_id" : null
    },
    "geometry" : {
      "type" : "Point",
      "coordinates" : [ 14.82, 37.549 ]
    },
    "id" : "46035872"
  }, {
    "type" : "Feature",
    "properties" : {
      "depth_km" : 26.7,
      "author" : "SURVEY-INGV",
      "catalog" : null,
      "latitude" : 43.0012,
      "event_id" : 45619471,
      "contributor" : null,
      "mag_type" : "ML",
      "event_location_name" : "2 km E Bolognola (MC)",
      "magnitude" : 0.9,
      "time" : "2026-05-25 09:32:11Z",
      "mag_author" : null,
      "longitude" : 13.2522,
      "contributor_id" : null
    },
    "geometry" : {
      "type" : "Point",
      "coordinates" : [ 13.2522, 43.0012 ]
    },
    "id" : "45619471"
  }, {
    "type" : "Feature",
    "properties" : {
      "depth_km" : 26.7,
      "author" : "SURVEY-INGV",
      "catalog" : null,
      "latitude" : 43.0012,
      "event_id" : 46034752,
      "contributor" : null,
      "mag_type" : "ML",
      "event_location_name" : "2 km E Bolognola (MC)",
      "magnitude" : 0.9,
      "time" : "2026-05-25 09:32:11Z",
      "mag_author" : null,
      "longitude" : 13.2522,
      "contributor_id" : null
    },
    "geometry" : {
      "type" : "Point",
      "coordinates" : [ 13.2522, 43.0012 ]
    },
    "id" : "46034752"
  }, {
    "type" : "Feature",
    "properties" : {
      "depth_km" : 6.6,
      "author" : "SURVEY-INGV",
      "catalog" : null,
      "latitude" : 41.6247,
      "event_id" : 46034662,
      "contributor" : null,
      "mag_type" : "ML",
      "event_location_name" : "7 km SE Rignano Garganico (FG)",
      "magnitude" : 1.3,
      "time" : "2026-05-25 09:27:05Z",
      "mag_author" : null,
      "longitude" : 15.6332,
      "contributor_id" : null
    },
    "geometry" : {
      "type" : "Point",
      "coordinates" : [ 15.6332, 41.6247 ]
    },
    "id" : "46034662"
  }, {
    "type" : "Feature",
    "properties" : {
      "depth_km" : 6.6,
      "author" : "SURVEY-INGV",
      "catalog" : null,
      "latitude" : 41.6247,
      "event_id" : 45619381,
      "contributor" : null,
      "mag_type" : "ML",
      "event_location_name" : "7 km SE Rignano Garganico (FG)",
      "magnitude" : 1.3,
      "time" : "2026-05-25 09:27:05Z",
      "mag_author" : null,
      "longitude" : 15.6332,
      "contributor_id" : null
    },
    "geometry" : {
      "type" : "Point",
      "coordinates" : [ 15.6332, 41.6247 ]
    },
    "id" : "45619381"
  }, {
    "type" : "Feature",
    "properties" : {
      "depth_km" : 9.5,
      "author" : "SURVEY-INGV",
      "catalog" : null,
      "latitude" : 42.9868,
      "event_id" : 46034072,
      "contributor" : null,
      "mag_type" : "ML",
      "event_location_name" : "4 km W Monte Cavallo (MC)",
      "magnitude" : 0.5,
      "time" : "2026-05-25 08:16:15Z",
      "mag_author" : null,
      "longitude" : 12.9495,
      "contributor_id" : null
    },
    "geometry" : {
      "type" : "Point",
      "coordinates" : [ 12.9495, 42.9868 ]
    },
    "id" : "46034072"
  }, {
    "type" : "Feature",
    "properties" : {
      "depth_km" : 9.5,
      "author" : "SURVEY-INGV",
      "catalog" : null,
      "latitude" : 42.9868,
      "event_id" : 45618851,
      "contributor" : null,
      "mag_type" : "ML",
      "event_location_name" : "4 km W Monte Cavallo (MC)",
      "magnitude" : 0.5,
      "time" : "2026-05-25 08:16:15Z",
      "mag_author" : null,
      "longitude" : 12.9495,
      "contributor_id" : null
    },
    "geometry" : {
      "type" : "Point",
      "coordinates" : [ 12.9495, 42.9868 ]
    },
    "id" : "45618851"
  }, {
    "type" : "Feature",
    "properties" : {
      "depth_km" : 9.0,
      "author" : "SURVEY-INGV",
      "catalog" : null,
      "latitude" : 45.879,
      "event_id" : 46033802,
      "contributor" : null,
      "mag_type" : "ML",
      "event_location_name" : "Confine Italia-Svizzera (SVIZZERA)",
      "magnitude" : 0.6,
      "time" : "2026-05-25 08:00:17Z",
      "mag_author" : null,
      "longitude" : 7.1972,
      "contributor_id" : null
    },
    "geometry" : {
      "type" : "Point",
      "coordinates" : [ 7.1972, 45.879 ]
    },
    "id" : "46033802"
  }, {
    "type" : "Feature",
    "properties" : {
      "depth_km" : 9.0,
      "author" : "SURVEY-INGV",
      "catalog" : null,
      "latitude" : 45.879,
      "event_id" : 45618571,
      "contributor" : null,
      "mag_type" : "ML",
      "event_location_name" : "Confine Italia-Svizzera (SVIZZERA)",
      "magnitude" : 0.6,
      "time" : "2026-05-25 08:00:17Z",
      "mag_author" : null,
      "longitude" : 7.1972,
      "contributor_id" : null
    },
    "geometry" : {
      "type" : "Point",
      "coordinates" : [ 7.1972, 45.879 ]
    },
    "id" : "45618571"
  }, {
    "type" : "Feature",
    "properties" : {
      "depth_km" : 5.9,
      "author" : "SURVEY-INGV",
      "catalog" : null,
      "latitude" : 43.3557,
      "event_id" : 45618491,
      "contributor" : null,
      "mag_type" : "ML",
      "event_location_name" : "Gubbio (PG)",
      "magnitude" : 1.1,
      "time" : "2026-05-25 07:58:46Z",
      "mag_author" : null,
      "longitude" : 12.5793,
      "contributor_id" : null
    },
    "geometry" : {
      "type" : "Point",
      "coordinates" : [ 12.5793, 43.3557 ]
    },
    "id" : "45618491"
  }, {
    "type" : "Feature",
    "properties" : {
      "depth_km" : 5.9,
      "author" : "SURVEY-INGV",
      "catalog" : null,
      "latitude" : 43.3557,
      "event_id" : 46033732,
      "contributor" : null,
      "mag_type" : "ML",
      "event_location_name" : "Gubbio (PG)",
      "magnitude" : 1.1,
      "time" : "2026-05-25 07:58:46Z",
      "mag_author" : null,
      "longitude" : 12.5793,
      "contributor_id" : null
    },
    "geometry" : {
      "type" : "Point",
      "coordinates" : [ 12.5793, 43.3557 ]
    },
    "id" : "46033732"
  }, {
    "type" : "Feature",
    "properties" : {
      "depth_km" : 0.9,
      "author" : "SURVEY-INGV",
      "catalog" : null,
      "latitude" : 44.413,
      "event_id" : 45618281,
      "contributor" : null,
      "mag_type" : "ML",
      "event_location_name" : "2 km E Pradleves (CN)",
      "magnitude" : 0.4,
      "time" : "2026-05-25 07:28:29Z",
      "mag_author" : null,
      "longitude" : 7.3025,
      "contributor_id" : null
    },
    "geometry" : {
      "type" : "Point",
      "coordinates" : [ 7.3025, 44.413 ]
    },
    "id" : "45618281"
  }, {
    "type" : "Feature",
    "properties" : {
      "depth_km" : 0.9,
      "author" : "SURVEY-INGV",
      "catalog" : null,
      "latitude" : 44.413,
      "event_id" : 46033502,
      "contributor" : null,
      "mag_type" : "ML",
      "event_location_name" : "2 km E Pradleves (CN)",
      "magnitude" : 0.4,
      "time" : "2026-05-25 07:28:29Z",
      "mag_author" : null,
      "longitude" : 7.3025,
      "contributor_id" : null
    },
    "geometry" : {
      "type" : "Point",
      "coordinates" : [ 7.3025, 44.413 ]
    },
    "id" : "46033502"
  }, {
    "type" : "Feature",
    "properties" : {
      "depth_km" : 7.2,
      "author" : "SURVEY-INGV",
      "catalog" : null,
      "latitude" : 43.3718,
      "event_id" : 45617791,
      "contributor" : null,
      "mag_type" : "ML",
      "event_location_name" : "3 km NW Gubbio (PG)",
      "magnitude" : 0.3,
      "time" : "2026-05-25 06:22:30Z",
      "mag_author" : null,
      "longitude" : 12.5468,
      "contributor_id" : null
    },
    "geometry" : {
      "type" : "Point",
      "coordinates" : [ 12.5468, 43.3718 ]
    },
    "id" : "45617791"
  }, {
    "type" : "Feature",
    "properties" : {
      "depth_km" : 7.2,
      "author" : "SURVEY-INGV",
      "catalog" : null,
      "latitude" : 43.3718,
      "event_id" : 46032982,
      "contributor" : null,
      "mag_type" : "ML",
      "event_location_name" : "3 km NW Gubbio (PG)",
      "magnitude" : 0.3,
      "time" : "2026-05-25 06:22:30Z",
      "mag_author" : null,
      "longitude" : 12.5468,
      "contributor_id" : null
    },
    "geometry" : {
      "type" : "Point",
      "coordinates" : [ 12.5468, 43.3718 ]
    },
    "id" : "46032982"
  }, {
    "type" : "Feature",
    "properties" : {
      "depth_km" : 13.8,
      "author" : "SURVEY-INGV",
      "catalog" : null,
      "latitude" : 42.5398,
      "event_id" : 45617601,
      "contributor" : null,
      "mag_type" : "ML",
      "event_location_name" : "3 km NE Montereale (AQ)",
      "magnitude" : 1.0,
      "time" : "2026-05-25 05:43:57Z",
      "mag_author" : null,
      "longitude" : 13.2717,
      "contributor_id" : null
    },
    "geometry" : {
      "type" : "Point",
      "coordinates" : [ 13.2717, 42.5398 ]
    },
    "id" : "45617601"
  }, {
    "type" : "Feature",
    "properties" : {
      "depth_km" : 13.8,
      "author" : "SURVEY-INGV",
      "catalog" : null,
      "latitude" : 42.5398,
      "event_id" : 46032752,
      "contributor" : null,
      "mag_type" : "ML",
      "event_location_name" : "3 km NE Montereale (AQ)",
      "magnitude" : 1.0,
      "time" : "2026-05-25 05:43:57Z",
      "mag_author" : null,
      "longitude" : 13.2717,
      "contributor_id" : null
    },
    "geometry" : {
      "type" : "Point",
      "coordinates" : [ 13.2717, 42.5398 ]
    },
    "id" : "46032752"
  }, {
    "type" : "Feature",
    "properties" : {
      "depth_km" : 27.9,
      "author" : "SURVEY-INGV",
      "catalog" : null,
      "latitude" : 37.7402,
      "event_id" : 45617561,
      "contributor" : null,
      "mag_type" : "ML",
      "event_location_name" : "6 km SE Troina (EN)",
      "magnitude" : 1.9,
      "time" : "2026-05-25 05:40:20Z",
      "mag_author" : null,
      "longitude" : 14.6408,
      "contributor_id" : null
    },
    "geometry" : {
      "type" : "Point",
      "coordinates" : [ 14.6408, 37.7402 ]
    },
    "id" : "45617561"
  }, {
    "type" : "Feature",
    "properties" : {
      "depth_km" : 27.9,
      "author" : "SURVEY-INGV",
      "catalog" : null,
      "latitude" : 37.7402,
      "event_id" : 45617561,
      "contributor" : null,
      "mag_type" : "ML",
      "event_location_name" : "6 km SE Troina (EN)",
      "magnitude" : 1.9,
      "time" : "2026-05-25 05:40:20Z",
      "mag_author" : null,
      "longitude" : 14.6408,
      "contributor_id" : null
    },
    "geometry" : {
      "type" : "Point",
      "coordinates" : [ 14.6408, 37.7402 ]
    },
    "id" : "45617561"
  }, {
    "type" : "Feature",
    "properties" : {
      "depth_km" : 27.9,
      "author" : "SURVEY-INGV",
      "catalog" : null,
      "latitude" : 37.7402,
      "event_id" : 46032722,
      "contributor" : null,
      "mag_type" : "ML",
      "event_location_name" : "6 km SE Troina (EN)",
      "magnitude" : 1.9,
      "time" : "2026-05-25 05:40:20Z",
      "mag_author" : null,
      "longitude" : 14.6408,
      "contributor_id" : null
    },
    "geometry" : {
      "type" : "Point",
      "coordinates" : [ 14.6408, 37.7402 ]
    },
    "id" : "46032722"
  }, {
    "type" : "Feature",
    "properties" : {
      "depth_km" : 28.8,
      "author" : "SURVEY-INGV",
      "catalog" : null,
      "latitude" : 37.7398,
      "event_id" : 45616721,
      "contributor" : null,
      "mag_type" : "ML",
      "event_location_name" : "9 km SE Troina (EN)",
      "magnitude" : 2.0,
      "time" : "2026-05-25 02:19:54Z",
      "mag_author" : null,
      "longitude" : 14.6898,
      "contributor_id" : null
    },
    "geometry" : {
      "type" : "Point",
      "coordinates" : [ 14.6898, 37.7398 ]
    },
    "id" : "45616721"
  }, {
    "type" : "Feature",
    "properties" : {
      "depth_km" : 28.8,
      "author" : "SURVEY-INGV",
      "catalog" : null,
      "latitude" : 37.7398,
      "event_id" : 46031832,
      "contributor" : null,
      "mag_type" : "ML",
      "event_location_name" : "9 km SE Troina (EN)",
      "magnitude" : 2.0,
      "time" : "2026-05-25 02:19:54Z",
      "mag_author" : null,
      "longitude" : 14.6898,
      "contributor_id" : null
    },
    "geometry" : {
      "type" : "Point",
      "coordinates" : [ 14.6898, 37.7398 ]
    },
    "id" : "46031832"
  }, {
    "type" : "Feature",
    "properties" : {
      "depth_km" : 28.8,
      "author" : "SURVEY-INGV",
      "catalog" : null,
      "latitude" : 37.7398,
      "event_id" : 45616721,
      "contributor" : null,
      "mag_type" : "ML",
      "event_location_name" : "9 km SE Troina (EN)",
      "magnitude" : 2.0,
      "time" : "2026-05-25 02:19:54Z",
      "mag_author" : null,
      "longitude" : 14.6898,
      "contributor_id" : null
    },
    "geometry" : {
      "type" : "Point",
      "coordinates" : [ 14.6898, 37.7398 ]
    },
    "id" : "45616721"
  }, {
    "type" : "Feature",
    "properties" : {
      "depth_km" : 13.2,
      "author" : "SURVEY-INGV",
      "catalog" : null,
      "latitude" : 42.5583,
      "event_id" : 45616641,
      "contributor" : null,
      "mag_type" : "ML",
      "event_location_name" : "4 km N Capitignano (AQ)",
      "magnitude" : 1.3,
      "time" : "2026-05-25 02:08:24Z",
      "mag_author" : null,
      "longitude" : 13.3085,
      "contributor_id" : null
    },
    "geometry" : {
      "type" : "Point",
      "coordinates" : [ 13.3085, 42.5583 ]
    },
    "id" : "45616641"
  }, {
    "type" : "Feature",
    "properties" : {
      "depth_km" : 13.2,
      "author" : "SURVEY-INGV",
      "catalog" : null,
      "latitude" : 42.5583,
      "event_id" : 46031752,
      "contributor" : null,
      "mag_type" : "ML",
      "event_location_name" : "4 km N Capitignano (AQ)",
      "magnitude" : 1.3,
      "time" : "2026-05-25 02:08:24Z",
      "mag_author" : null,
      "longitude" : 13.3085,
      "contributor_id" : null
    },
    "geometry" : {
      "type" : "Point",
      "coordinates" : [ 13.3085, 42.5583 ]
    },
    "id" : "46031752"
  }, {
    "type" : "Feature",
    "properties" : {
      "depth_km" : 12.7,
      "author" : "SURVEY-INGV",
      "catalog" : null,
      "latitude" : 43.0985,
      "event_id" : 46031702,
      "contributor" : null,
      "mag_type" : "ML",
      "event_location_name" : "4 km W Muccia (MC)",
      "magnitude" : 0.6,
      "time" : "2026-05-25 02:06:00Z",
      "mag_author" : null,
      "longitude" : 13.0068,
      "contributor_id" : null
    },
    "geometry" : {
      "type" : "Point",
      "coordinates" : [ 13.0068, 43.0985 ]
    },
    "id" : "46031702"
  }, {
    "type" : "Feature",
    "properties" : {
      "depth_km" : 12.7,
      "author" : "SURVEY-INGV",
      "catalog" : null,
      "latitude" : 43.0985,
      "event_id" : 45616601,
      "contributor" : null,
      "mag_type" : "ML",
      "event_location_name" : "4 km W Muccia (MC)",
      "magnitude" : 0.6,
      "time" : "2026-05-25 02:06:00Z",
      "mag_author" : null,
      "longitude" : 13.0068,
      "contributor_id" : null
    },
    "geometry" : {
      "type" : "Point",
      "coordinates" : [ 13.0068, 43.0985 ]
    },
    "id" : "45616601"
  }, {
    "type" : "Feature",
    "properties" : {
      "depth_km" : 28.0,
      "author" : "SURVEY-INGV",
      "catalog" : null,
      "latitude" : 37.7325,
      "event_id" : 45615951,
      "contributor" : null,
      "mag_type" : "ML",
      "event_location_name" : "7 km SE Troina (EN)",
      "magnitude" : 2.2,
      "time" : "2026-05-25 01:00:32Z",
      "mag_author" : null,
      "longitude" : 14.6432,
      "contributor_id" : null
    },
    "geometry" : {
      "type" : "Point",
      "coordinates" : [ 14.6432, 37.7325 ]
    },
    "id" : "45615951"
  }, {
    "type" : "Feature",
    "properties" : {
      "depth_km" : 28.0,
      "author" : "SURVEY-INGV",
      "catalog" : null,
      "latitude" : 37.7325,
      "event_id" : 46030972,
      "contributor" : null,
      "mag_type" : "ML",
      "event_location_name" : "7 km SE Troina (EN)",
      "magnitude" : 2.2,
      "time" : "2026-05-25 01:00:32Z",
      "mag_author" : null,
      "longitude" : 14.6432,
      "contributor_id" : null
    },
    "geometry" : {
      "type" : "Point",
      "coordinates" : [ 14.6432, 37.7325 ]
    },
    "id" : "46030972"
  }, {
    "type" : "Feature",
    "properties" : {
      "depth_km" : 27.7,
      "author" : "SURVEY-INGV",
      "catalog" : null,
      "latitude" : 37.7397,
      "event_id" : 46030942,
      "contributor" : null,
      "mag_type" : "ML",
      "event_location_name" : "8 km SE Troina (EN)",
      "magnitude" : 2.4,
      "time" : "2026-05-25 00:49:21Z",
      "mag_author" : null,
      "longitude" : 14.6697,
      "contributor_id" : null
    },
    "geometry" : {
      "type" : "Point",
      "coordinates" : [ 14.6697, 37.7397 ]
    },
    "id" : "46030942"
  }, {
    "type" : "Feature",
    "properties" : {
      "depth_km" : 27.7,
      "author" : "SURVEY-INGV",
      "catalog" : null,
      "latitude" : 37.7397,
      "event_id" : 45615921,
      "contributor" : null,
      "mag_type" : "ML",
      "event_location_name" : "8 km SE Troina (EN)",
      "magnitude" : 2.4,
      "time" : "2026-05-25 00:49:21Z",
      "mag_author" : null,
      "longitude" : 14.6697,
      "contributor_id" : null
    },
    "geometry" : {
      "type" : "Point",
      "coordinates" : [ 14.6697, 37.7397 ]
    },
    "id" : "45615921"
  }, {
    "type" : "Feature",
    "properties" : {
      "depth_km" : 9.1,
      "author" : "SURVEY-INGV",
      "catalog" : null,
      "latitude" : 42.8113,
      "event_id" : 45615871,
      "contributor" : null,
      "mag_type" : "ML",
      "event_location_name" : "3 km W Campello sul Clitunno (PG)",
      "magnitude" : 0.9,
      "time" : "2026-05-25 00:09:52Z",
      "mag_author" : null,
      "longitude" : 12.7428,
      "contributor_id" : null
    },
    "geometry" : {
      "type" : "Point",
      "coordinates" : [ 12.7428, 42.8113 ]
    },
    "id" : "45615871"
  }, {
    "type" : "Feature",
    "properties" : {
      "depth_km" : 9.1,
      "author" : "SURVEY-INGV",
      "catalog" : null,
      "latitude" : 42.8113,
      "event_id" : 46030842,
      "contributor" : null,
      "mag_type" : "ML",
      "event_location_name" : "3 km W Campello sul Clitunno (PG)",
      "magnitude" : 0.9,
      "time" : "2026-05-25 00:09:52Z",
      "mag_author" : null,
      "longitude" : 12.7428,
      "contributor_id" : null
    },
    "geometry" : {
      "type" : "Point",
      "coordinates" : [ 12.7428, 42.8113 ]
    },
    "id" : "46030842"
  }, {
    "type" : "Feature",
    "properties" : {
      "depth_km" : 9.4,
      "author" : "SURVEY-INGV",
      "catalog" : null,
      "latitude" : 42.9078,
      "event_id" : 46030772,
      "contributor" : null,
      "mag_type" : "ML",
      "event_location_name" : "2 km NW Castelsantangelo sul Nera (MC)",
      "magnitude" : 0.8,
      "time" : "2026-05-25 00:04:59Z",
      "mag_author" : null,
      "longitude" : 13.1327,
      "contributor_id" : null
    },
    "geometry" : {
      "type" : "Point",
      "coordinates" : [ 13.1327, 42.9078 ]
    },
    "id" : "46030772"
  }, {
    "type" : "Feature",
    "properties" : {
      "depth_km" : 9.4,
      "author" : "SURVEY-INGV",
      "catalog" : null,
      "latitude" : 42.9078,
      "event_id" : 45615831,
      "contributor" : null,
      "mag_type" : "ML",
      "event_location_name" : "2 km NW Castelsantangelo sul Nera (MC)",
      "magnitude" : 0.8,
      "time" : "2026-05-25 00:04:59Z",
      "mag_author" : null,
      "longitude" : 13.1327,
      "contributor_id" : null
    },
    "geometry" : {
      "type" : "Point",
      "coordinates" : [ 13.1327, 42.9078 ]
    },
    "id" : "45615831"
  }, {
    "type" : "Feature",
    "properties" : {
      "depth_km" : 36.9,
      "author" : "SURVEY-INGV",
      "catalog" : null,
      "latitude" : 37.3637,
      "event_id" : 45615781,
      "contributor" : null,
      "mag_type" : "ML",
      "event_location_name" : "5 km SW Piazza Armerina (EN)",
      "magnitude" : 1.3,
      "time" : "2026-05-24 23:48:07Z",
      "mag_author" : null,
      "longitude" : 14.3228,
      "contributor_id" : null
    },
    "geometry" : {
      "type" : "Point",
      "coordinates" : [ 14.3228, 37.3637 ]
    },
    "id" : "45615781"
  }, {
    "type" : "Feature",
    "properties" : {
      "depth_km" : 36.9,
      "author" : "SURVEY-INGV",
      "catalog" : null,
      "latitude" : 37.3637,
      "event_id" : 46030722,
      "contributor" : null,
      "mag_type" : "ML",
      "event_location_name" : "5 km SW Piazza Armerina (EN)",
      "magnitude" : 1.3,
      "time" : "2026-05-24 23:48:07Z",
      "mag_author" : null,
      "longitude" : 14.3228,
      "contributor_id" : null
    },
    "geometry" : {
      "type" : "Point",
      "coordinates" : [ 14.3228, 37.3637 ]
    },
    "id" : "46030722"
  }, {
    "type" : "Feature",
    "properties" : {
      "depth_km" : 31.0,
      "author" : "SURVEY-INGV",
      "catalog" : null,
      "latitude" : 38.9217,
      "event_id" : 46030652,
      "contributor" : null,
      "mag_type" : "ML",
      "event_location_name" : "5 km E Sellia Marina (CZ)",
      "magnitude" : 1.4,
      "time" : "2026-05-24 23:41:30Z",
      "mag_author" : null,
      "longitude" : 16.8003,
      "contributor_id" : null
    },
    "geometry" : {
      "type" : "Point",
      "coordinates" : [ 16.8003, 38.9217 ]
    },
    "id" : "46030652"
  }, {
    "type" : "Feature",
    "properties" : {
      "depth_km" : 31.0,
      "author" : "SURVEY-INGV",
      "catalog" : null,
      "latitude" : 38.9217,
      "event_id" : 45615711,
      "contributor" : null,
      "mag_type" : "ML",
      "event_location_name" : "5 km E Sellia Marina (CZ)",
      "magnitude" : 1.4,
      "time" : "2026-05-24 23:41:30Z",
      "mag_author" : null,
      "longitude" : 16.8003,
      "contributor_id" : null
    },
    "geometry" : {
      "type" : "Point",
      "coordinates" : [ 16.8003, 38.9217 ]
    },
    "id" : "45615711"
  }, {
    "type" : "Feature",
    "properties" : {
      "depth_km" : 9.8,
      "author" : "SURVEY-INGV",
      "catalog" : null,
      "latitude" : 43.3263,
      "event_id" : 46030622,
      "contributor" : null,
      "mag_type" : "ML",
      "event_location_name" : "5 km N Sovicille (SI)",
      "magnitude" : 0.9,
      "time" : "2026-05-24 23:32:04Z",
      "mag_author" : null,
      "longitude" : 11.2155,
      "contributor_id" : null
    },
    "geometry" : {
      "type" : "Point",
      "coordinates" : [ 11.2155, 43.3263 ]
    },
    "id" : "46030622"
  }, {
    "type" : "Feature",
    "properties" : {
      "depth_km" : 9.8,
      "author" : "SURVEY-INGV",
      "catalog" : null,
      "latitude" : 43.3263,
      "event_id" : 45615671,
      "contributor" : null,
      "mag_type" : "ML",
      "event_location_name" : "5 km N Sovicille (SI)",
      "magnitude" : 0.9,
      "time" : "2026-05-24 23:32:04Z",
      "mag_author" : null,
      "longitude" : 11.2155,
      "contributor_id" : null
    },
    "geometry" : {
      "type" : "Point",
      "coordinates" : [ 11.2155, 43.3263 ]
    },
    "id" : "45615671"
  }, {
    "type" : "Feature",
    "properties" : {
      "depth_km" : 9.6,
      "author" : "SURVEY-INGV",
      "catalog" : null,
      "latitude" : 42.8227,
      "event_id" : 45615641,
      "contributor" : null,
      "mag_type" : "ML",
      "event_location_name" : "4 km NE Norcia (PG)",
      "magnitude" : 0.5,
      "time" : "2026-05-24 23:26:52Z",
      "mag_author" : null,
      "longitude" : 13.1243,
      "contributor_id" : null
    },
    "geometry" : {
      "type" : "Point",
      "coordinates" : [ 13.1243, 42.8227 ]
    },
    "id" : "45615641"
  }, {
    "type" : "Feature",
    "properties" : {
      "depth_km" : 9.6,
      "author" : "SURVEY-INGV",
      "catalog" : null,
      "latitude" : 42.8227,
      "event_id" : 46030572,
      "contributor" : null,
      "mag_type" : "ML",
      "event_location_name" : "4 km NE Norcia (PG)",
      "magnitude" : 0.5,
      "time" : "2026-05-24 23:26:52Z",
      "mag_author" : null,
      "longitude" : 13.1243,
      "contributor_id" : null
    },
    "geometry" : {
      "type" : "Point",
      "coordinates" : [ 13.1243, 42.8227 ]
    },
    "id" : "46030572"
  }, {
    "type" : "Feature",
    "properties" : {
      "depth_km" : 14.7,
      "author" : "SURVEY-INGV",
      "catalog" : null,
      "latitude" : 38.6858,
      "event_id" : 46030522,
      "contributor" : null,
      "mag_type" : "ML",
      "event_location_name" : "3 km NE Satriano (CZ)",
      "magnitude" : 1.1,
      "time" : "2026-05-24 22:44:36Z",
      "mag_author" : null,
      "longitude" : 16.5072,
      "contributor_id" : null
    },
    "geometry" : {
      "type" : "Point",
      "coordinates" : [ 16.5072, 38.6858 ]
    },
    "id" : "46030522"
  }, {
    "type" : "Feature",
    "properties" : {
      "depth_km" : 14.7,
      "author" : "SURVEY-INGV",
      "catalog" : null,
      "latitude" : 38.6858,
      "event_id" : 45615591,
      "contributor" : null,
      "mag_type" : "ML",
      "event_location_name" : "3 km NE Satriano (CZ)",
      "magnitude" : 1.1,
      "time" : "2026-05-24 22:44:36Z",
      "mag_author" : null,
      "longitude" : 16.5072,
      "contributor_id" : null
    },
    "geometry" : {
      "type" : "Point",
      "coordinates" : [ 16.5072, 38.6858 ]
    },
    "id" : "45615591"
  }, {
    "type" : "Feature",
    "properties" : {
      "depth_km" : 1.96,
      "author" : "SURVEY-INGV-OV#SiSmi",
      "catalog" : null,
      "latitude" : 40.822167,
      "event_id" : 46030512,
      "contributor" : null,
      "mag_type" : "Md",
      "event_location_name" : "Vesuvio",
      "magnitude" : 1.6,
      "time" : "2026-05-24 22:29:19Z",
      "mag_author" : null,
      "longitude" : 14.428667,
      "contributor_id" : null
    },
    "geometry" : {
      "type" : "Point",
      "coordinates" : [ 14.428667, 40.822167 ]
    },
    "id" : "46030512"
  }, {
    "type" : "Feature",
    "properties" : {
      "depth_km" : 1.96,
      "author" : "SURVEY-INGV-OV#SiSmi",
      "catalog" : null,
      "latitude" : 40.822167,
      "event_id" : 45615551,
      "contributor" : null,
      "mag_type" : "Md",
      "event_location_name" : "Vesuvio",
      "magnitude" : 1.6,
      "time" : "2026-05-24 22:29:19Z",
      "mag_author" : null,
      "longitude" : 14.428667,
      "contributor_id" : null
    },
    "geometry" : {
      "type" : "Point",
      "coordinates" : [ 14.428667, 40.822167 ]
    },
    "id" : "45615551"
  }, {
    "type" : "Feature",
    "properties" : {
      "depth_km" : 12.1,
      "author" : "SURVEY-INGV",
      "catalog" : null,
      "latitude" : 42.6145,
      "event_id" : 45615531,
      "contributor" : null,
      "mag_type" : "ML",
      "event_location_name" : "2 km SE Amatrice (RI)",
      "magnitude" : 0.9,
      "time" : "2026-05-24 21:50:42Z",
      "mag_author" : null,
      "longitude" : 13.3012,
      "contributor_id" : null
    },
    "geometry" : {
      "type" : "Point",
      "coordinates" : [ 13.3012, 42.6145 ]
    },
    "id" : "45615531"
  }, {
    "type" : "Feature",
    "properties" : {
      "depth_km" : 12.1,
      "author" : "SURVEY-INGV",
      "catalog" : null,
      "latitude" : 42.6145,
      "event_id" : 46030442,
      "contributor" : null,
      "mag_type" : "ML",
      "event_location_name" : "2 km SE Amatrice (RI)",
      "magnitude" : 0.9,
      "time" : "2026-05-24 21:50:42Z",
      "mag_author" : null,
      "longitude" : 13.3012,
      "contributor_id" : null
    },
    "geometry" : {
      "type" : "Point",
      "coordinates" : [ 13.3012, 42.6145 ]
    },
    "id" : "46030442"
  }, {
    "type" : "Feature",
    "properties" : {
      "depth_km" : 10.7,
      "author" : "SURVEY-INGV",
      "catalog" : null,
      "latitude" : 42.8915,
      "event_id" : 45615261,
      "contributor" : null,
      "mag_type" : "ML",
      "event_location_name" : "4 km E Sellano (PG)",
      "magnitude" : 1.0,
      "time" : "2026-05-24 20:21:00Z",
      "mag_author" : null,
      "longitude" : 12.9743,
      "contributor_id" : null
    },
    "geometry" : {
      "type" : "Point",
      "coordinates" : [ 12.9743, 42.8915 ]
    },
    "id" : "45615261"
  }, {
    "type" : "Feature",
    "properties" : {
      "depth_km" : 10.7,
      "author" : "SURVEY-INGV",
      "catalog" : null,
      "latitude" : 42.8915,
      "event_id" : 46030142,
      "contributor" : null,
      "mag_type" : "ML",
      "event_location_name" : "4 km E Sellano (PG)",
      "magnitude" : 1.0,
      "time" : "2026-05-24 20:21:00Z",
      "mag_author" : null,
      "longitude" : 12.9743,
      "contributor_id" : null
    },
    "geometry" : {
      "type" : "Point",
      "coordinates" : [ 12.9743, 42.8915 ]
    },
    "id" : "46030142"
  }, {
    "type" : "Feature",
    "properties" : {
      "depth_km" : 10.4,
      "author" : "SURVEY-INGV",
      "catalog" : null,
      "latitude" : 43.1682,
      "event_id" : 45615231,
      "contributor" : null,
      "mag_type" : "ML",
      "event_location_name" : "6 km N Nocera Umbra (PG)",
      "magnitude" : 0.4,
      "time" : "2026-05-24 20:17:07Z",
      "mag_author" : null,
      "longitude" : 12.7732,
      "contributor_id" : null
    },
    "geometry" : {
      "type" : "Point",
      "coordinates" : [ 12.7732, 43.1682 ]
    },
    "id" : "45615231"
  }, {
    "type" : "Feature",
    "properties" : {
      "depth_km" : 10.4,
      "author" : "SURVEY-INGV",
      "catalog" : null,
      "latitude" : 43.1682,
      "event_id" : 46030132,
      "contributor" : null,
      "mag_type" : "ML",
      "event_location_name" : "6 km N Nocera Umbra (PG)",
      "magnitude" : 0.4,
      "time" : "2026-05-24 20:17:07Z",
      "mag_author" : null,
      "longitude" : 12.7732,
      "contributor_id" : null
    },
    "geometry" : {
      "type" : "Point",
      "coordinates" : [ 12.7732, 43.1682 ]
    },
    "id" : "46030132"
  }, {
    "type" : "Feature",
    "properties" : {
      "depth_km" : 13.0,
      "author" : "SURVEY-INGV",
      "catalog" : null,
      "latitude" : 42.6453,
      "event_id" : 46030052,
      "contributor" : null,
      "mag_type" : "ML",
      "event_location_name" : "3 km NE Cittareale (RI)",
      "magnitude" : 1.6,
      "time" : "2026-05-24 19:54:26Z",
      "mag_author" : null,
      "longitude" : 13.1757,
      "contributor_id" : null
    },
    "geometry" : {
      "type" : "Point",
      "coordinates" : [ 13.1757, 42.6453 ]
    },
    "id" : "46030052"
  }, {
    "type" : "Feature",
    "properties" : {
      "depth_km" : 13.0,
      "author" : "SURVEY-INGV",
      "catalog" : null,
      "latitude" : 42.6453,
      "event_id" : 45615181,
      "contributor" : null,
      "mag_type" : "ML",
      "event_location_name" : "3 km NE Cittareale (RI)",
      "magnitude" : 1.6,
      "time" : "2026-05-24 19:54:26Z",
      "mag_author" : null,
      "longitude" : 13.1757,
      "contributor_id" : null
    },
    "geometry" : {
      "type" : "Point",
      "coordinates" : [ 13.1757, 42.6453 ]
    },
    "id" : "45615181"
  }, {
    "type" : "Feature",
    "properties" : {
      "depth_km" : 11.9,
      "author" : "SURVEY-INGV",
      "catalog" : null,
      "latitude" : 42.9457,
      "event_id" : 45615131,
      "contributor" : null,
      "mag_type" : "ML",
      "event_location_name" : "5 km S Monte Cavallo (MC)",
      "magnitude" : 0.2,
      "time" : "2026-05-24 19:42:45Z",
      "mag_author" : null,
      "longitude" : 12.9965,
      "contributor_id" : null
    },
    "geometry" : {
      "type" : "Point",
      "coordinates" : [ 12.9965, 42.9457 ]
    },
    "id" : "45615131"
  }, {
    "type" : "Feature",
    "properties" : {
      "depth_km" : 11.9,
      "author" : "SURVEY-INGV",
      "catalog" : null,
      "latitude" : 42.9457,
      "event_id" : 46030032,
      "contributor" : null,
      "mag_type" : "ML",
      "event_location_name" : "5 km S Monte Cavallo (MC)",
      "magnitude" : 0.2,
      "time" : "2026-05-24 19:42:45Z",
      "mag_author" : null,
      "longitude" : 12.9965,
      "contributor_id" : null
    },
    "geometry" : {
      "type" : "Point",
      "coordinates" : [ 12.9965, 42.9457 ]
    },
    "id" : "46030032"
  }, {
    "type" : "Feature",
    "properties" : {
      "depth_km" : 6.0,
      "author" : "SURVEY-INGV",
      "catalog" : null,
      "latitude" : 43.5678,
      "event_id" : 45615071,
      "contributor" : null,
      "mag_type" : "ML",
      "event_location_name" : "6 km E San Giustino (PG)",
      "magnitude" : 0.6,
      "time" : "2026-05-24 19:09:43Z",
      "mag_author" : null,
      "longitude" : 12.2502,
      "contributor_id" : null
    },
    "geometry" : {
      "type" : "Point",
      "coordinates" : [ 12.2502, 43.5678 ]
    },
    "id" : "45615071"
  }, {
    "type" : "Feature",
    "properties" : {
      "depth_km" : 6.0,
      "author" : "SURVEY-INGV",
      "catalog" : null,
      "latitude" : 43.5678,
      "event_id" : 46029962,
      "contributor" : null,
      "mag_type" : "ML",
      "event_location_name" : "6 km E San Giustino (PG)",
      "magnitude" : 0.6,
      "time" : "2026-05-24 19:09:43Z",
      "mag_author" : null,
      "longitude" : 12.2502,
      "contributor_id" : null
    },
    "geometry" : {
      "type" : "Point",
      "coordinates" : [ 12.2502, 43.5678 ]
    },
    "id" : "46029962"
  }, {
    "type" : "Feature",
    "properties" : {
      "depth_km" : 18.9,
      "author" : "SURVEY-INGV",
      "catalog" : null,
      "latitude" : 42.5718,
      "event_id" : 45615011,
      "contributor" : null,
      "mag_type" : "ML",
      "event_location_name" : "4 km E Campotosto (AQ)",
      "magnitude" : 0.9,
      "time" : "2026-05-24 19:07:15Z",
      "mag_author" : null,
      "longitude" : 13.4203,
      "contributor_id" : null
    },
    "geometry" : {
      "type" : "Point",
      "coordinates" : [ 13.4203, 42.5718 ]
    },
    "id" : "45615011"
  }, {
    "type" : "Feature",
    "properties" : {
      "depth_km" : 18.9,
      "author" : "SURVEY-INGV",
      "catalog" : null,
      "latitude" : 42.5718,
      "event_id" : 46029912,
      "contributor" : null,
      "mag_type" : "ML",
      "event_location_name" : "4 km E Campotosto (AQ)",
      "magnitude" : 0.9,
      "time" : "2026-05-24 19:07:15Z",
      "mag_author" : null,
      "longitude" : 13.4203,
      "contributor_id" : null
    },
    "geometry" : {
      "type" : "Point",
      "coordinates" : [ 13.4203, 42.5718 ]
    },
    "id" : "46029912"
  }, {
    "type" : "Feature",
    "properties" : {
      "depth_km" : 12.27,
      "author" : "SURVEY-INGV-CT#SeismPicker_SO-OE",
      "catalog" : null,
      "latitude" : 38.49,
      "event_id" : 46029452,
      "contributor" : null,
      "mag_type" : "ML",
      "event_location_name" : "Isole Eolie (Messina)",
      "magnitude" : 1.4,
      "time" : "2026-05-24 17:24:57Z",
      "mag_author" : null,
      "longitude" : 14.873,
      "contributor_id" : null
    },
    "geometry" : {
      "type" : "Point",
      "coordinates" : [ 14.873, 38.49 ]
    },
    "id" : "46029452"
  }, {
    "type" : "Feature",
    "properties" : {
      "depth_km" : 12.27,
      "author" : "SURVEY-INGV-CT#SeismPicker_SO-OE",
      "catalog" : null,
      "latitude" : 38.49,
      "event_id" : 45614591,
      "contributor" : null,
      "mag_type" : "ML",
      "event_location_name" : "Isole Eolie (Messina)",
      "magnitude" : 1.4,
      "time" : "2026-05-24 17:24:57Z",
      "mag_author" : null,
      "longitude" : 14.873,
      "contributor_id" : null
    },
    "geometry" : {
      "type" : "Point",
      "coordinates" : [ 14.873, 38.49 ]
    },
    "id" : "45614591"
  }, {
    "type" : "Feature",
    "properties" : {
      "depth_km" : 10.3,
      "author" : "SURVEY-INGV",
      "catalog" : null,
      "latitude" : 44.3472,
      "event_id" : 46029282,
      "contributor" : null,
      "mag_type" : "ML",
      "event_location_name" : "4 km NE Demonte (CN)",
      "magnitude" : 0.9,
      "time" : "2026-05-24 17:12:04Z",
      "mag_author" : null,
      "longitude" : 7.315,
      "contributor_id" : null
    },
    "geometry" : {
      "type" : "Point",
      "coordinates" : [ 7.315, 44.3472 ]
    },
    "id" : "46029282"
  }, {
    "type" : "Feature",
    "properties" : {
      "depth_km" : 10.3,
      "author" : "SURVEY-INGV",
      "catalog" : null,
      "latitude" : 44.3472,
      "event_id" : 45614421,
      "contributor" : null,
      "mag_type" : "ML",
      "event_location_name" : "4 km NE Demonte (CN)",
      "magnitude" : 0.9,
      "time" : "2026-05-24 17:12:04Z",
      "mag_author" : null,
      "longitude" : 7.315,
      "contributor_id" : null
    },
    "geometry" : {
      "type" : "Point",
      "coordinates" : [ 7.315, 44.3472 ]
    },
    "id" : "45614421"
  }, {
    "type" : "Feature",
    "properties" : {
      "depth_km" : 55.469,
      "author" : "SURVEY-INGV-A",
      "catalog" : null,
      "latitude" : 9.30234,
      "event_id" : 45614281,
      "contributor" : null,
      "mag_type" : "Mwp",
      "event_location_name" : "Philippines [Sea]",
      "magnitude" : 5.5,
      "time" : "2026-05-24 16:48:44Z",
      "mag_author" : null,
      "longitude" : 126.471,
      "contributor_id" : null
    },
    "geometry" : {
      "type" : "Point",
      "coordinates" : [ 126.471, 9.30234 ]
    },
    "id" : "45614281"
  }, {
    "type" : "Feature",
    "properties" : {
      "depth_km" : 55.469,
      "author" : "SURVEY-INGV-A",
      "catalog" : null,
      "latitude" : 9.30234,
      "event_id" : 46029142,
      "contributor" : null,
      "mag_type" : "Mwp",
      "event_location_name" : "Philippines [Sea]",
      "magnitude" : 5.5,
      "time" : "2026-05-24 16:48:44Z",
      "mag_author" : null,
      "longitude" : 126.471,
      "contributor_id" : null
    },
    "geometry" : {
      "type" : "Point",
      "coordinates" : [ 126.471, 9.30234 ]
    },
    "id" : "46029142"
  }, {
    "type" : "Feature",
    "properties" : {
      "depth_km" : 7.1,
      "author" : "SURVEY-INGV",
      "catalog" : null,
      "latitude" : 42.9083,
      "event_id" : 46029072,
      "contributor" : null,
      "mag_type" : "ML",
      "event_location_name" : "4 km NW Preci (PG)",
      "magnitude" : 0.4,
      "time" : "2026-05-24 16:43:42Z",
      "mag_author" : null,
      "longitude" : 13.0133,
      "contributor_id" : null
    },
    "geometry" : {
      "type" : "Point",
      "coordinates" : [ 13.0133, 42.9083 ]
    },
    "id" : "46029072"
  }, {
    "type" : "Feature",
    "properties" : {
      "depth_km" : 7.1,
      "author" : "SURVEY-INGV",
      "catalog" : null,
      "latitude" : 42.9083,
      "event_id" : 45614181,
      "contributor" : null,
      "mag_type" : "ML",
      "event_location_name" : "4 km NW Preci (PG)",
      "magnitude" : 0.4,
      "time" : "2026-05-24 16:43:42Z",
      "mag_author" : null,
      "longitude" : 13.0133,
      "contributor_id" : null
    },
    "geometry" : {
      "type" : "Point",
      "coordinates" : [ 13.0133, 42.9083 ]
    },
    "id" : "45614181"
  }, {
    "type" : "Feature",
    "properties" : {
      "depth_km" : 7.1,
      "author" : "SURVEY-INGV",
      "catalog" : null,
      "latitude" : 42.9083,
      "event_id" : 45614181,
      "contributor" : null,
      "mag_type" : "ML",
      "event_location_name" : "4 km NW Preci (PG)",
      "magnitude" : 0.4,
      "time" : "2026-05-24 16:43:42Z",
      "mag_author" : null,
      "longitude" : 13.0133,
      "contributor_id" : null
    },
    "geometry" : {
      "type" : "Point",
      "coordinates" : [ 13.0133, 42.9083 ]
    },
    "id" : "45614181"
  }, {
    "type" : "Feature",
    "properties" : {
      "depth_km" : 27.8,
      "author" : "SURVEY-INGV",
      "catalog" : null,
      "latitude" : 37.7548,
      "event_id" : 45614121,
      "contributor" : null,
      "mag_type" : "ML",
      "event_location_name" : "9 km E Troina (EN)",
      "magnitude" : 1.9,
      "time" : "2026-05-24 16:41:19Z",
      "mag_author" : null,
      "longitude" : 14.6978,
      "contributor_id" : null
    },
    "geometry" : {
      "type" : "Point",
      "coordinates" : [ 14.6978, 37.7548 ]
    },
    "id" : "45614121"
  }, {
    "type" : "Feature",
    "properties" : {
      "depth_km" : 27.8,
      "author" : "SURVEY-INGV",
      "catalog" : null,
      "latitude" : 37.7548,
      "event_id" : 45614121,
      "contributor" : null,
      "mag_type" : "ML",
      "event_location_name" : "9 km E Troina (EN)",
      "magnitude" : 1.9,
      "time" : "2026-05-24 16:41:19Z",
      "mag_author" : null,
      "longitude" : 14.6978,
      "contributor_id" : null
    },
    "geometry" : {
      "type" : "Point",
      "coordinates" : [ 14.6978, 37.7548 ]
    },
    "id" : "45614121"
  }, {
    "type" : "Feature",
    "properties" : {
      "depth_km" : 27.8,
      "author" : "SURVEY-INGV",
      "catalog" : null,
      "latitude" : 37.7548,
      "event_id" : 46028972,
      "contributor" : null,
      "mag_type" : "ML",
      "event_location_name" : "9 km E Troina (EN)",
      "magnitude" : 1.9,
      "time" : "2026-05-24 16:41:19Z",
      "mag_author" : null,
      "longitude" : 14.6978,
      "contributor_id" : null
    },
    "geometry" : {
      "type" : "Point",
      "coordinates" : [ 14.6978, 37.7548 ]
    },
    "id" : "46028972"
  }, {
    "type" : "Feature",
    "properties" : {
      "depth_km" : 23.8,
      "author" : "SURVEY-INGV",
      "catalog" : null,
      "latitude" : 37.7528,
      "event_id" : 46028932,
      "contributor" : null,
      "mag_type" : "ML",
      "event_location_name" : "10 km S Cesarò (ME)",
      "magnitude" : 1.8,
      "time" : "2026-05-24 16:39:18Z",
      "mag_author" : null,
      "longitude" : 14.7217,
      "contributor_id" : null
    },
    "geometry" : {
      "type" : "Point",
      "coordinates" : [ 14.7217, 37.7528 ]
    },
    "id" : "46028932"
  }, {
    "type" : "Feature",
    "properties" : {
      "depth_km" : 23.8,
      "author" : "SURVEY-INGV",
      "catalog" : null,
      "latitude" : 37.7528,
      "event_id" : 45614101,
      "contributor" : null,
      "mag_type" : "ML",
      "event_location_name" : "10 km S Cesarò (ME)",
      "magnitude" : 1.8,
      "time" : "2026-05-24 16:39:18Z",
      "mag_author" : null,
      "longitude" : 14.7217,
      "contributor_id" : null
    },
    "geometry" : {
      "type" : "Point",
      "coordinates" : [ 14.7217, 37.7528 ]
    },
    "id" : "45614101"
  }, {
    "type" : "Feature",
    "properties" : {
      "depth_km" : 23.8,
      "author" : "SURVEY-INGV",
      "catalog" : null,
      "latitude" : 37.7528,
      "event_id" : 45614101,
      "contributor" : null,
      "mag_type" : "ML",
      "event_location_name" : "10 km S Cesarò (ME)",
      "magnitude" : 1.8,
      "time" : "2026-05-24 16:39:18Z",
      "mag_author" : null,
      "longitude" : 14.7217,
      "contributor_id" : null
    },
    "geometry" : {
      "type" : "Point",
      "coordinates" : [ 14.7217, 37.7528 ]
    },
    "id" : "45614101"
  }, {
    "type" : "Feature",
    "properties" : {
      "depth_km" : 26.6,
      "author" : "SURVEY-INGV",
      "catalog" : null,
      "latitude" : 37.7687,
      "event_id" : 45613991,
      "contributor" : null,
      "mag_type" : "ML",
      "event_location_name" : "8 km E Troina (EN)",
      "magnitude" : 1.9,
      "time" : "2026-05-24 16:28:44Z",
      "mag_author" : null,
      "longitude" : 14.693,
      "contributor_id" : null
    },
    "geometry" : {
      "type" : "Point",
      "coordinates" : [ 14.693, 37.7687 ]
    },
    "id" : "45613991"
  }, {
    "type" : "Feature",
    "properties" : {
      "depth_km" : 26.6,
      "author" : "SURVEY-INGV",
      "catalog" : null,
      "latitude" : 37.7687,
      "event_id" : 46028802,
      "contributor" : null,
      "mag_type" : "ML",
      "event_location_name" : "8 km E Troina (EN)",
      "magnitude" : 1.9,
      "time" : "2026-05-24 16:28:44Z",
      "mag_author" : null,
      "longitude" : 14.693,
      "contributor_id" : null
    },
    "geometry" : {
      "type" : "Point",
      "coordinates" : [ 14.693, 37.7687 ]
    },
    "id" : "46028802"
  }, {
    "type" : "Feature",
    "properties" : {
      "depth_km" : 26.9,
      "author" : "SURVEY-INGV",
      "catalog" : null,
      "latitude" : 37.7378,
      "event_id" : 45613911,
      "contributor" : null,
      "mag_type" : "ML",
      "event_location_name" : "9 km SE Troina (EN)",
      "magnitude" : 2.3,
      "time" : "2026-05-24 16:24:18Z",
      "mag_author" : null,
      "longitude" : 14.6863,
      "contributor_id" : null
    },
    "geometry" : {
      "type" : "Point",
      "coordinates" : [ 14.6863, 37.7378 ]
    },
    "id" : "45613911"
  }, {
    "type" : "Feature",
    "properties" : {
      "depth_km" : 26.9,
      "author" : "SURVEY-INGV",
      "catalog" : null,
      "latitude" : 37.7378,
      "event_id" : 46028712,
      "contributor" : null,
      "mag_type" : "ML",
      "event_location_name" : "9 km SE Troina (EN)",
      "magnitude" : 2.3,
      "time" : "2026-05-24 16:24:18Z",
      "mag_author" : null,
      "longitude" : 14.6863,
      "contributor_id" : null
    },
    "geometry" : {
      "type" : "Point",
      "coordinates" : [ 14.6863, 37.7378 ]
    },
    "id" : "46028712"
  }, {
    "type" : "Feature",
    "properties" : {
      "depth_km" : 12.7,
      "author" : "SURVEY-INGV",
      "catalog" : null,
      "latitude" : 42.8327,
      "event_id" : 45613471,
      "contributor" : null,
      "mag_type" : "ML",
      "event_location_name" : "9 km NW Arquata del Tronto (AP)",
      "magnitude" : 1.4,
      "time" : "2026-05-24 15:43:53Z",
      "mag_author" : null,
      "longitude" : 13.227,
      "contributor_id" : null
    },
    "geometry" : {
      "type" : "Point",
      "coordinates" : [ 13.227, 42.8327 ]
    },
    "id" : "45613471"
  }, {
    "type" : "Feature",
    "properties" : {
      "depth_km" : 12.7,
      "author" : "SURVEY-INGV",
      "catalog" : null,
      "latitude" : 42.8327,
      "event_id" : 46028262,
      "contributor" : null,
      "mag_type" : "ML",
      "event_location_name" : "9 km NW Arquata del Tronto (AP)",
      "magnitude" : 1.4,
      "time" : "2026-05-24 15:43:53Z",
      "mag_author" : null,
      "longitude" : 13.227,
      "contributor_id" : null
    },
    "geometry" : {
      "type" : "Point",
      "coordinates" : [ 13.227, 42.8327 ]
    },
    "id" : "46028262"
  }, {
    "type" : "Feature",
    "properties" : {
      "depth_km" : 5.8,
      "author" : "SURVEY-INGV",
      "catalog" : null,
      "latitude" : 43.4763,
      "event_id" : 45613391,
      "contributor" : null,
      "mag_type" : "ML",
      "event_location_name" : "4 km NW Pietralunga (PG)",
      "magnitude" : 0.3,
      "time" : "2026-05-24 15:38:55Z",
      "mag_author" : null,
      "longitude" : 12.4067,
      "contributor_id" : null
    },
    "geometry" : {
      "type" : "Point",
      "coordinates" : [ 12.4067, 43.4763 ]
    },
    "id" : "45613391"
  }, {
    "type" : "Feature",
    "properties" : {
      "depth_km" : 5.8,
      "author" : "SURVEY-INGV",
      "catalog" : null,
      "latitude" : 43.4763,
      "event_id" : 46028192,
      "contributor" : null,
      "mag_type" : "ML",
      "event_location_name" : "4 km NW Pietralunga (PG)",
      "magnitude" : 0.3,
      "time" : "2026-05-24 15:38:55Z",
      "mag_author" : null,
      "longitude" : 12.4067,
      "contributor_id" : null
    },
    "geometry" : {
      "type" : "Point",
      "coordinates" : [ 12.4067, 43.4763 ]
    },
    "id" : "46028192"
  }, {
    "type" : "Feature",
    "properties" : {
      "depth_km" : 1.8,
      "author" : "SURVEY-INGV",
      "catalog" : null,
      "latitude" : 42.991,
      "event_id" : 45613291,
      "contributor" : null,
      "mag_type" : "ML",
      "event_location_name" : "5 km NW Ussita (MC)",
      "magnitude" : 0.5,
      "time" : "2026-05-24 15:23:59Z",
      "mag_author" : null,
      "longitude" : 13.1177,
      "contributor_id" : null
    },
    "geometry" : {
      "type" : "Point",
      "coordinates" : [ 13.1177, 42.991 ]
    },
    "id" : "45613291"
  }, {
    "type" : "Feature",
    "properties" : {
      "depth_km" : 1.8,
      "author" : "SURVEY-INGV",
      "catalog" : null,
      "latitude" : 42.991,
      "event_id" : 46028012,
      "contributor" : null,
      "mag_type" : "ML",
      "event_location_name" : "5 km NW Ussita (MC)",
      "magnitude" : 0.5,
      "time" : "2026-05-24 15:23:59Z",
      "mag_author" : null,
      "longitude" : 13.1177,
      "contributor_id" : null
    },
    "geometry" : {
      "type" : "Point",
      "coordinates" : [ 13.1177, 42.991 ]
    },
    "id" : "46028012"
  }, {
    "type" : "Feature",
    "properties" : {
      "depth_km" : 9.5,
      "author" : "SURVEY-INGV",
      "catalog" : null,
      "latitude" : 43.4725,
      "event_id" : 46027762,
      "contributor" : null,
      "mag_type" : "ML",
      "event_location_name" : "4 km NW Pietralunga (PG)",
      "magnitude" : 0.6,
      "time" : "2026-05-24 14:46:44Z",
      "mag_author" : null,
      "longitude" : 12.4137,
      "contributor_id" : null
    },
    "geometry" : {
      "type" : "Point",
      "coordinates" : [ 12.4137, 43.4725 ]
    },
    "id" : "46027762"
  }, {
    "type" : "Feature",
    "properties" : {
      "depth_km" : 9.5,
      "author" : "SURVEY-INGV",
      "catalog" : null,
      "latitude" : 43.4725,
      "event_id" : 45613021,
      "contributor" : null,
      "mag_type" : "ML",
      "event_location_name" : "4 km NW Pietralunga (PG)",
      "magnitude" : 0.6,
      "time" : "2026-05-24 14:46:44Z",
      "mag_author" : null,
      "longitude" : 12.4137,
      "contributor_id" : null
    },
    "geometry" : {
      "type" : "Point",
      "coordinates" : [ 12.4137, 43.4725 ]
    },
    "id" : "45613021"
  }, {
    "type" : "Feature",
    "properties" : {
      "depth_km" : 6.8,
      "author" : "SURVEY-INGV",
      "catalog" : null,
      "latitude" : 43.4778,
      "event_id" : 45612961,
      "contributor" : null,
      "mag_type" : "ML",
      "event_location_name" : "4 km NW Pietralunga (PG)",
      "magnitude" : 1.0,
      "time" : "2026-05-24 14:41:44Z",
      "mag_author" : null,
      "longitude" : 12.4102,
      "contributor_id" : null
    },
    "geometry" : {
      "type" : "Point",
      "coordinates" : [ 12.4102, 43.4778 ]
    },
    "id" : "45612961"
  }, {
    "type" : "Feature",
    "properties" : {
      "depth_km" : 6.8,
      "author" : "SURVEY-INGV",
      "catalog" : null,
      "latitude" : 43.4778,
      "event_id" : 46027672,
      "contributor" : null,
      "mag_type" : "ML",
      "event_location_name" : "4 km NW Pietralunga (PG)",
      "magnitude" : 1.0,
      "time" : "2026-05-24 14:41:44Z",
      "mag_author" : null,
      "longitude" : 12.4102,
      "contributor_id" : null
    },
    "geometry" : {
      "type" : "Point",
      "coordinates" : [ 12.4102, 43.4778 ]
    },
    "id" : "46027672"
  }, {
    "type" : "Feature",
    "properties" : {
      "depth_km" : 6.9,
      "author" : "SURVEY-INGV",
      "catalog" : null,
      "latitude" : 43.001,
      "event_id" : 45612891,
      "contributor" : null,
      "mag_type" : "ML",
      "event_location_name" : "3 km E Cannara (PG)",
      "magnitude" : 0.7,
      "time" : "2026-05-24 14:37:37Z",
      "mag_author" : null,
      "longitude" : 12.6262,
      "contributor_id" : null
    },
    "geometry" : {
      "type" : "Point",
      "coordinates" : [ 12.6262, 43.001 ]
    },
    "id" : "45612891"
  }, {
    "type" : "Feature",
    "properties" : {
      "depth_km" : 6.9,
      "author" : "SURVEY-INGV",
      "catalog" : null,
      "latitude" : 43.001,
      "event_id" : 46027552,
      "contributor" : null,
      "mag_type" : "ML",
      "event_location_name" : "3 km E Cannara (PG)",
      "magnitude" : 0.7,
      "time" : "2026-05-24 14:37:37Z",
      "mag_author" : null,
      "longitude" : 12.6262,
      "contributor_id" : null
    },
    "geometry" : {
      "type" : "Point",
      "coordinates" : [ 12.6262, 43.001 ]
    },
    "id" : "46027552"
  }, {
    "type" : "Feature",
    "properties" : {
      "depth_km" : 6.7,
      "author" : "SURVEY-INGV",
      "catalog" : null,
      "latitude" : 43.4762,
      "event_id" : 46027342,
      "contributor" : null,
      "mag_type" : "ML",
      "event_location_name" : "4 km NW Pietralunga (PG)",
      "magnitude" : 0.3,
      "time" : "2026-05-24 14:11:26Z",
      "mag_author" : null,
      "longitude" : 12.4133,
      "contributor_id" : null
    },
    "geometry" : {
      "type" : "Point",
      "coordinates" : [ 12.4133, 43.4762 ]
    },
    "id" : "46027342"
  }, {
    "type" : "Feature",
    "properties" : {
      "depth_km" : 6.7,
      "author" : "SURVEY-INGV",
      "catalog" : null,
      "latitude" : 43.4762,
      "event_id" : 45612671,
      "contributor" : null,
      "mag_type" : "ML",
      "event_location_name" : "4 km NW Pietralunga (PG)",
      "magnitude" : 0.3,
      "time" : "2026-05-24 14:11:26Z",
      "mag_author" : null,
      "longitude" : 12.4133,
      "contributor_id" : null
    },
    "geometry" : {
      "type" : "Point",
      "coordinates" : [ 12.4133, 43.4762 ]
    },
    "id" : "45612671"
  }, {
    "type" : "Feature",
    "properties" : {
      "depth_km" : 2.64,
      "author" : "SURVEY-INGV-OV#SiSmi",
      "catalog" : null,
      "latitude" : 40.836333,
      "event_id" : 45612691,
      "contributor" : null,
      "mag_type" : "Md",
      "event_location_name" : "Campi Flegrei",
      "magnitude" : 1.3,
      "time" : "2026-05-24 14:08:30Z",
      "mag_author" : null,
      "longitude" : 14.134667,
      "contributor_id" : null
    },
    "geometry" : {
      "type" : "Point",
      "coordinates" : [ 14.134667, 40.836333 ]
    },
    "id" : "45612691"
  }, {
    "type" : "Feature",
    "properties" : {
      "depth_km" : 2.64,
      "author" : "SURVEY-INGV-OV#SiSmi",
      "catalog" : null,
      "latitude" : 40.836333,
      "event_id" : 46027242,
      "contributor" : null,
      "mag_type" : "Md",
      "event_location_name" : "Campi Flegrei",
      "magnitude" : 1.3,
      "time" : "2026-05-24 14:08:30Z",
      "mag_author" : null,
      "longitude" : 14.134667,
      "contributor_id" : null
    },
    "geometry" : {
      "type" : "Point",
      "coordinates" : [ 14.134667, 40.836333 ]
    },
    "id" : "46027242"
  }, {
    "type" : "Feature",
    "properties" : {
      "depth_km" : 6.4,
      "author" : "SURVEY-INGV",
      "catalog" : null,
      "latitude" : 43.4728,
      "event_id" : 46027172,
      "contributor" : null,
      "mag_type" : "ML",
      "event_location_name" : "4 km NW Pietralunga (PG)",
      "magnitude" : 0.5,
      "time" : "2026-05-24 13:53:03Z",
      "mag_author" : null,
      "longitude" : 12.4147,
      "contributor_id" : null
    },
    "geometry" : {
      "type" : "Point",
      "coordinates" : [ 12.4147, 43.4728 ]
    },
    "id" : "46027172"
  }, {
    "type" : "Feature",
    "properties" : {
      "depth_km" : 6.4,
      "author" : "SURVEY-INGV",
      "catalog" : null,
      "latitude" : 43.4728,
      "event_id" : 45612601,
      "contributor" : null,
      "mag_type" : "ML",
      "event_location_name" : "4 km NW Pietralunga (PG)",
      "magnitude" : 0.5,
      "time" : "2026-05-24 13:53:03Z",
      "mag_author" : null,
      "longitude" : 12.4147,
      "contributor_id" : null
    },
    "geometry" : {
      "type" : "Point",
      "coordinates" : [ 12.4147, 43.4728 ]
    },
    "id" : "45612601"
  }, {
    "type" : "Feature",
    "properties" : {
      "depth_km" : 9.9,
      "author" : "SURVEY-INGV",
      "catalog" : null,
      "latitude" : 42.7485,
      "event_id" : 46027092,
      "contributor" : null,
      "mag_type" : "ML",
      "event_location_name" : "2 km NE Sant'Anatolia di Narco (PG)",
      "magnitude" : 0.8,
      "time" : "2026-05-24 13:52:14Z",
      "mag_author" : null,
      "longitude" : 12.859,
      "contributor_id" : null
    },
    "geometry" : {
      "type" : "Point",
      "coordinates" : [ 12.859, 42.7485 ]
    },
    "id" : "46027092"
  }, {
    "type" : "Feature",
    "properties" : {
      "depth_km" : 9.9,
      "author" : "SURVEY-INGV",
      "catalog" : null,
      "latitude" : 42.7485,
      "event_id" : 45612541,
      "contributor" : null,
      "mag_type" : "ML",
      "event_location_name" : "2 km NE Sant'Anatolia di Narco (PG)",
      "magnitude" : 0.8,
      "time" : "2026-05-24 13:52:14Z",
      "mag_author" : null,
      "longitude" : 12.859,
      "contributor_id" : null
    },
    "geometry" : {
      "type" : "Point",
      "coordinates" : [ 12.859, 42.7485 ]
    },
    "id" : "45612541"
  }, {
    "type" : "Feature",
    "properties" : {
      "depth_km" : 5.7,
      "author" : "SURVEY-INGV",
      "catalog" : null,
      "latitude" : 43.4793,
      "event_id" : 46027022,
      "contributor" : null,
      "mag_type" : "ML",
      "event_location_name" : "5 km NW Pietralunga (PG)",
      "magnitude" : 0.1,
      "time" : "2026-05-24 13:45:35Z",
      "mag_author" : null,
      "longitude" : 12.4067,
      "contributor_id" : null
    },
    "geometry" : {
      "type" : "Point",
      "coordinates" : [ 12.4067, 43.4793 ]
    },
    "id" : "46027022"
  }, {
    "type" : "Feature",
    "properties" : {
      "depth_km" : 5.7,
      "author" : "SURVEY-INGV",
      "catalog" : null,
      "latitude" : 43.4793,
      "event_id" : 45612481,
      "contributor" : null,
      "mag_type" : "ML",
      "event_location_name" : "5 km NW Pietralunga (PG)",
      "magnitude" : 0.1,
      "time" : "2026-05-24 13:45:35Z",
      "mag_author" : null,
      "longitude" : 12.4067,
      "contributor_id" : null
    },
    "geometry" : {
      "type" : "Point",
      "coordinates" : [ 12.4067, 43.4793 ]
    },
    "id" : "45612481"
  }, {
    "type" : "Feature",
    "properties" : {
      "depth_km" : 6.7,
      "author" : "SURVEY-INGV",
      "catalog" : null,
      "latitude" : 43.4763,
      "event_id" : 45612431,
      "contributor" : null,
      "mag_type" : "ML",
      "event_location_name" : "4 km NW Pietralunga (PG)",
      "magnitude" : 1.3,
      "time" : "2026-05-24 13:44:55Z",
      "mag_author" : null,
      "longitude" : 12.4085,
      "contributor_id" : null
    },
    "geometry" : {
      "type" : "Point",
      "coordinates" : [ 12.4085, 43.4763 ]
    },
    "id" : "45612431"
  }, {
    "type" : "Feature",
    "properties" : {
      "depth_km" : 6.7,
      "author" : "SURVEY-INGV",
      "catalog" : null,
      "latitude" : 43.4763,
      "event_id" : 46026992,
      "contributor" : null,
      "mag_type" : "ML",
      "event_location_name" : "4 km NW Pietralunga (PG)",
      "magnitude" : 1.3,
      "time" : "2026-05-24 13:44:55Z",
      "mag_author" : null,
      "longitude" : 12.4085,
      "contributor_id" : null
    },
    "geometry" : {
      "type" : "Point",
      "coordinates" : [ 12.4085, 43.4763 ]
    },
    "id" : "46026992"
  }, {
    "type" : "Feature",
    "properties" : {
      "depth_km" : 10.6,
      "author" : "SURVEY-INGV",
      "catalog" : null,
      "latitude" : 42.7987,
      "event_id" : 45612381,
      "contributor" : null,
      "mag_type" : "ML",
      "event_location_name" : "1 km N Norcia (PG)",
      "magnitude" : 0.5,
      "time" : "2026-05-24 13:40:31Z",
      "mag_author" : null,
      "longitude" : 13.0923,
      "contributor_id" : null
    },
    "geometry" : {
      "type" : "Point",
      "coordinates" : [ 13.0923, 42.7987 ]
    },
    "id" : "45612381"
  }, {
    "type" : "Feature",
    "properties" : {
      "depth_km" : 10.6,
      "author" : "SURVEY-INGV",
      "catalog" : null,
      "latitude" : 42.7987,
      "event_id" : 46026932,
      "contributor" : null,
      "mag_type" : "ML",
      "event_location_name" : "1 km N Norcia (PG)",
      "magnitude" : 0.5,
      "time" : "2026-05-24 13:40:31Z",
      "mag_author" : null,
      "longitude" : 13.0923,
      "contributor_id" : null
    },
    "geometry" : {
      "type" : "Point",
      "coordinates" : [ 13.0923, 42.7987 ]
    },
    "id" : "46026932"
  }, {
    "type" : "Feature",
    "properties" : {
      "depth_km" : 9.7,
      "author" : "SURVEY-INGV",
      "catalog" : null,
      "latitude" : 41.8285,
      "event_id" : 45612131,
      "contributor" : null,
      "mag_type" : "ML",
      "event_location_name" : "1 km SW San Vincenzo Valle Roveto (AQ)",
      "magnitude" : 1.9,
      "time" : "2026-05-24 12:51:38Z",
      "mag_author" : null,
      "longitude" : 13.52,
      "contributor_id" : null
    },
    "geometry" : {
      "type" : "Point",
      "coordinates" : [ 13.52, 41.8285 ]
    },
    "id" : "45612131"
  }, {
    "type" : "Feature",
    "properties" : {
      "depth_km" : 9.7,
      "author" : "SURVEY-INGV",
      "catalog" : null,
      "latitude" : 41.8285,
      "event_id" : 46026712,
      "contributor" : null,
      "mag_type" : "ML",
      "event_location_name" : "1 km SW San Vincenzo Valle Roveto (AQ)",
      "magnitude" : 1.9,
      "time" : "2026-05-24 12:51:38Z",
      "mag_author" : null,
      "longitude" : 13.52,
      "contributor_id" : null
    },
    "geometry" : {
      "type" : "Point",
      "coordinates" : [ 13.52, 41.8285 ]
    },
    "id" : "46026712"
  }, {
    "type" : "Feature",
    "properties" : {
      "depth_km" : 8.9,
      "author" : "SURVEY-INGV",
      "catalog" : null,
      "latitude" : 39.835,
      "event_id" : 45611591,
      "contributor" : null,
      "mag_type" : "ML",
      "event_location_name" : "5 km W Morano Calabro (CS)",
      "magnitude" : 0.9,
      "time" : "2026-05-24 11:06:47Z",
      "mag_author" : null,
      "longitude" : 16.0758,
      "contributor_id" : null
    },
    "geometry" : {
      "type" : "Point",
      "coordinates" : [ 16.0758, 39.835 ]
    },
    "id" : "45611591"
  }, {
    "type" : "Feature",
    "properties" : {
      "depth_km" : 8.9,
      "author" : "SURVEY-INGV",
      "catalog" : null,
      "latitude" : 39.835,
      "event_id" : 46026102,
      "contributor" : null,
      "mag_type" : "ML",
      "event_location_name" : "5 km W Morano Calabro (CS)",
      "magnitude" : 0.9,
      "time" : "2026-05-24 11:06:47Z",
      "mag_author" : null,
      "longitude" : 16.0758,
      "contributor_id" : null
    },
    "geometry" : {
      "type" : "Point",
      "coordinates" : [ 16.0758, 39.835 ]
    },
    "id" : "46026102"
  }, {
    "type" : "Feature",
    "properties" : {
      "depth_km" : 12.7,
      "author" : "SURVEY-INGV",
      "catalog" : null,
      "latitude" : 42.6463,
      "event_id" : 46026042,
      "contributor" : null,
      "mag_type" : "ML",
      "event_location_name" : "3 km NE Amatrice (RI)",
      "magnitude" : 1.1,
      "time" : "2026-05-24 10:55:01Z",
      "mag_author" : null,
      "longitude" : 13.3253,
      "contributor_id" : null
    },
    "geometry" : {
      "type" : "Point",
      "coordinates" : [ 13.3253, 42.6463 ]
    },
    "id" : "46026042"
  }, {
    "type" : "Feature",
    "properties" : {
      "depth_km" : 12.7,
      "author" : "SURVEY-INGV",
      "catalog" : null,
      "latitude" : 42.6463,
      "event_id" : 45611531,
      "contributor" : null,
      "mag_type" : "ML",
      "event_location_name" : "3 km NE Amatrice (RI)",
      "magnitude" : 1.1,
      "time" : "2026-05-24 10:55:01Z",
      "mag_author" : null,
      "longitude" : 13.3253,
      "contributor_id" : null
    },
    "geometry" : {
      "type" : "Point",
      "coordinates" : [ 13.3253, 42.6463 ]
    },
    "id" : "45611531"
  }, {
    "type" : "Feature",
    "properties" : {
      "depth_km" : 8.3,
      "author" : "SURVEY-INGV",
      "catalog" : null,
      "latitude" : 41.4403,
      "event_id" : 45611381,
      "contributor" : null,
      "mag_type" : "ML",
      "event_location_name" : "5 km SW Priverno (LT)",
      "magnitude" : 1.2,
      "time" : "2026-05-24 10:27:24Z",
      "mag_author" : null,
      "longitude" : 13.1373,
      "contributor_id" : null
    },
    "geometry" : {
      "type" : "Point",
      "coordinates" : [ 13.1373, 41.4403 ]
    },
    "id" : "45611381"
  }, {
    "type" : "Feature",
    "properties" : {
      "depth_km" : 8.3,
      "author" : "SURVEY-INGV",
      "catalog" : null,
      "latitude" : 41.4403,
      "event_id" : 46025872,
      "contributor" : null,
      "mag_type" : "ML",
      "event_location_name" : "5 km SW Priverno (LT)",
      "magnitude" : 1.2,
      "time" : "2026-05-24 10:27:24Z",
      "mag_author" : null,
      "longitude" : 13.1373,
      "contributor_id" : null
    },
    "geometry" : {
      "type" : "Point",
      "coordinates" : [ 13.1373, 41.4403 ]
    },
    "id" : "46025872"
  }, {
    "type" : "Feature",
    "properties" : {
      "depth_km" : 13.1,
      "author" : "SURVEY-INGV",
      "catalog" : null,
      "latitude" : 43.2193,
      "event_id" : 46025702,
      "contributor" : null,
      "mag_type" : "ML",
      "event_location_name" : "4 km W Castelraimondo (MC)",
      "magnitude" : 0.8,
      "time" : "2026-05-24 10:17:42Z",
      "mag_author" : null,
      "longitude" : 13.0097,
      "contributor_id" : null
    },
    "geometry" : {
      "type" : "Point",
      "coordinates" : [ 13.0097, 43.2193 ]
    },
    "id" : "46025702"
  }, {
    "type" : "Feature",
    "properties" : {
      "depth_km" : 13.1,
      "author" : "SURVEY-INGV",
      "catalog" : null,
      "latitude" : 43.2193,
      "event_id" : 45611241,
      "contributor" : null,
      "mag_type" : "ML",
      "event_location_name" : "4 km W Castelraimondo (MC)",
      "magnitude" : 0.8,
      "time" : "2026-05-24 10:17:42Z",
      "mag_author" : null,
      "longitude" : 13.0097,
      "contributor_id" : null
    },
    "geometry" : {
      "type" : "Point",
      "coordinates" : [ 13.0097, 43.2193 ]
    },
    "id" : "45611241"
  }, {
    "type" : "Feature",
    "properties" : {
      "depth_km" : 9.9,
      "author" : "SURVEY-INGV",
      "catalog" : null,
      "latitude" : 41.6007,
      "event_id" : 46024992,
      "contributor" : null,
      "mag_type" : "ML",
      "event_location_name" : "12 km S San Giovanni Rotondo (FG)",
      "magnitude" : 2.0,
      "time" : "2026-05-24 09:17:15Z",
      "mag_author" : null,
      "longitude" : 15.7177,
      "contributor_id" : null
    },
    "geometry" : {
      "type" : "Point",
      "coordinates" : [ 15.7177, 41.6007 ]
    },
    "id" : "46024992"
  }, {
    "type" : "Feature",
    "properties" : {
      "depth_km" : 9.9,
      "author" : "SURVEY-INGV",
      "catalog" : null,
      "latitude" : 41.6007,
      "event_id" : 45610501,
      "contributor" : null,
      "mag_type" : "ML",
      "event_location_name" : "12 km S San Giovanni Rotondo (FG)",
      "magnitude" : 2.0,
      "time" : "2026-05-24 09:17:15Z",
      "mag_author" : null,
      "longitude" : 15.7177,
      "contributor_id" : null
    },
    "geometry" : {
      "type" : "Point",
      "coordinates" : [ 15.7177, 41.6007 ]
    },
    "id" : "45610501"
  }, {
    "type" : "Feature",
    "properties" : {
      "depth_km" : 11.0,
      "author" : "SURVEY-INGV",
      "catalog" : null,
      "latitude" : 42.7632,
      "event_id" : 46024192,
      "contributor" : null,
      "mag_type" : "ML",
      "event_location_name" : "5 km NW Cascia (PG)",
      "magnitude" : 0.8,
      "time" : "2026-05-24 07:52:09Z",
      "mag_author" : null,
      "longitude" : 12.9953,
      "contributor_id" : null
    },
    "geometry" : {
      "type" : "Point",
      "coordinates" : [ 12.9953, 42.7632 ]
    },
    "id" : "46024192"
  }, {
    "type" : "Feature",
    "properties" : {
      "depth_km" : 11.0,
      "author" : "SURVEY-INGV",
      "catalog" : null,
      "latitude" : 42.7632,
      "event_id" : 45609721,
      "contributor" : null,
      "mag_type" : "ML",
      "event_location_name" : "5 km NW Cascia (PG)",
      "magnitude" : 0.8,
      "time" : "2026-05-24 07:52:09Z",
      "mag_author" : null,
      "longitude" : 12.9953,
      "contributor_id" : null
    },
    "geometry" : {
      "type" : "Point",
      "coordinates" : [ 12.9953, 42.7632 ]
    },
    "id" : "45609721"
  }, {
    "type" : "Feature",
    "properties" : {
      "depth_km" : 10.3,
      "author" : "SURVEY-INGV",
      "catalog" : null,
      "latitude" : 42.8903,
      "event_id" : 46023972,
      "contributor" : null,
      "mag_type" : "ML",
      "event_location_name" : "3 km E Sellano (PG)",
      "magnitude" : 1.0,
      "time" : "2026-05-24 07:18:35Z",
      "mag_author" : null,
      "longitude" : 12.9693,
      "contributor_id" : null
    },
    "geometry" : {
      "type" : "Point",
      "coordinates" : [ 12.9693, 42.8903 ]
    },
    "id" : "46023972"
  }, {
    "type" : "Feature",
    "properties" : {
      "depth_km" : 10.3,
      "author" : "SURVEY-INGV",
      "catalog" : null,
      "latitude" : 42.8903,
      "event_id" : 45609521,
      "contributor" : null,
      "mag_type" : "ML",
      "event_location_name" : "3 km E Sellano (PG)",
      "magnitude" : 1.0,
      "time" : "2026-05-24 07:18:35Z",
      "mag_author" : null,
      "longitude" : 12.9693,
      "contributor_id" : null
    },
    "geometry" : {
      "type" : "Point",
      "coordinates" : [ 12.9693, 42.8903 ]
    },
    "id" : "45609521"
  }, {
    "type" : "Feature",
    "properties" : {
      "depth_km" : 10.9,
      "author" : "SURVEY-INGV",
      "catalog" : null,
      "latitude" : 41.5978,
      "event_id" : 45609321,
      "contributor" : null,
      "mag_type" : "ML",
      "event_location_name" : "12 km S San Giovanni Rotondo (FG)",
      "magnitude" : 2.1,
      "time" : "2026-05-24 06:44:50Z",
      "mag_author" : null,
      "longitude" : 15.7082,
      "contributor_id" : null
    },
    "geometry" : {
      "type" : "Point",
      "coordinates" : [ 15.7082, 41.5978 ]
    },
    "id" : "45609321"
  }, {
    "type" : "Feature",
    "properties" : {
      "depth_km" : 8.0,
      "author" : "SURVEY-INGV",
      "catalog" : null,
      "latitude" : 41.4498,
      "event_id" : 45609281,
      "contributor" : null,
      "mag_type" : "ML",
      "event_location_name" : "4 km SW Priverno (LT)",
      "magnitude" : 2.0,
      "time" : "2026-05-24 06:41:26Z",
      "mag_author" : null,
      "longitude" : 13.147,
      "contributor_id" : null
    },
    "geometry" : {
      "type" : "Point",
      "coordinates" : [ 13.147, 41.4498 ]
    },
    "id" : "45609281"
  }, {
    "type" : "Feature",
    "properties" : {
      "depth_km" : 9.9,
      "author" : "SURVEY-INGV",
      "catalog" : null,
      "latitude" : 44.2093,
      "event_id" : 45608861,
      "contributor" : null,
      "mag_type" : "ML",
      "event_location_name" : "2 km S Riolunato (MO)",
      "magnitude" : 1.1,
      "time" : "2026-05-24 03:50:28Z",
      "mag_author" : null,
      "longitude" : 10.6553,
      "contributor_id" : null
    },
    "geometry" : {
      "type" : "Point",
      "coordinates" : [ 10.6553, 44.2093 ]
    },
    "id" : "45608861"
  }, {
    "type" : "Feature",
    "properties" : {
      "depth_km" : 6.5,
      "author" : "SURVEY-INGV",
      "catalog" : null,
      "latitude" : 42.2753,
      "event_id" : 45608831,
      "contributor" : null,
      "mag_type" : "ML",
      "event_location_name" : "3 km E Longone Sabino (RI)",
      "magnitude" : 1.6,
      "time" : "2026-05-24 03:13:16Z",
      "mag_author" : null,
      "longitude" : 13.0012,
      "contributor_id" : null
    },
    "geometry" : {
      "type" : "Point",
      "coordinates" : [ 13.0012, 42.2753 ]
    },
    "id" : "45608831"
  }, {
    "type" : "Feature",
    "properties" : {
      "depth_km" : 10.547,
      "author" : "SURVEY-INGV-A",
      "catalog" : null,
      "latitude" : 37.7824,
      "event_id" : 45608671,
      "contributor" : null,
      "mag_type" : "mb",
      "event_location_name" : "Turkey",
      "magnitude" : 4.5,
      "time" : "2026-05-24 01:26:54Z",
      "mag_author" : null,
      "longitude" : 36.3604,
      "contributor_id" : null
    },
    "geometry" : {
      "type" : "Point",
      "coordinates" : [ 36.3604, 37.7824 ]
    },
    "id" : "45608671"
  }, {
    "type" : "Feature",
    "properties" : {
      "depth_km" : 8.3,
      "author" : "SURVEY-INGV",
      "catalog" : null,
      "latitude" : 41.5857,
      "event_id" : 45608601,
      "contributor" : null,
      "mag_type" : "ML",
      "event_location_name" : "5 km NE Acquafondata (FR)",
      "magnitude" : 2.4,
      "time" : "2026-05-24 00:42:18Z",
      "mag_author" : null,
      "longitude" : 13.9833,
      "contributor_id" : null
    },
    "geometry" : {
      "type" : "Point",
      "coordinates" : [ 13.9833, 41.5857 ]
    },
    "id" : "45608601"
  }, {
    "type" : "Feature",
    "properties" : {
      "depth_km" : 9.8,
      "author" : "SURVEY-INGV",
      "catalog" : null,
      "latitude" : 39.5332,
      "event_id" : 45608461,
      "contributor" : null,
      "mag_type" : "ML",
      "event_location_name" : "6 km W Bisignano (CS)",
      "magnitude" : 1.1,
      "time" : "2026-05-23 23:44:24Z",
      "mag_author" : null,
      "longitude" : 16.2247,
      "contributor_id" : null
    },
    "geometry" : {
      "type" : "Point",
      "coordinates" : [ 16.2247, 39.5332 ]
    },
    "id" : "45608461"
  }, {
    "type" : "Feature",
    "properties" : {
      "depth_km" : 9.7,
      "author" : "SURVEY-INGV",
      "catalog" : null,
      "latitude" : 42.8417,
      "event_id" : 45608401,
      "contributor" : null,
      "mag_type" : "ML",
      "event_location_name" : "5 km N Norcia (PG)",
      "magnitude" : 0.5,
      "time" : "2026-05-23 23:38:02Z",
      "mag_author" : null,
      "longitude" : 13.1045,
      "contributor_id" : null
    },
    "geometry" : {
      "type" : "Point",
      "coordinates" : [ 13.1045, 42.8417 ]
    },
    "id" : "45608401"
  }, {
    "type" : "Feature",
    "properties" : {
      "depth_km" : 7.8,
      "author" : "SURVEY-INGV",
      "catalog" : null,
      "latitude" : 43.4765,
      "event_id" : 45608311,
      "contributor" : null,
      "mag_type" : "ML",
      "event_location_name" : "4 km NW Pietralunga (PG)",
      "magnitude" : 0.9,
      "time" : "2026-05-23 23:09:43Z",
      "mag_author" : null,
      "longitude" : 12.4132,
      "contributor_id" : null
    },
    "geometry" : {
      "type" : "Point",
      "coordinates" : [ 12.4132, 43.4765 ]
    },
    "id" : "45608311"
  }, {
    "type" : "Feature",
    "properties" : {
      "depth_km" : 31.9,
      "author" : "SURVEY-INGV",
      "catalog" : null,
      "latitude" : 39.0542,
      "event_id" : 45608281,
      "contributor" : null,
      "mag_type" : "ML",
      "event_location_name" : "6 km NW Sersale (CZ)",
      "magnitude" : 1.4,
      "time" : "2026-05-23 23:07:46Z",
      "mag_author" : null,
      "longitude" : 16.6855,
      "contributor_id" : null
    },
    "geometry" : {
      "type" : "Point",
      "coordinates" : [ 16.6855, 39.0542 ]
    },
    "id" : "45608281"
  }, {
    "type" : "Feature",
    "properties" : {
      "depth_km" : 10.5,
      "author" : "SURVEY-INGV",
      "catalog" : null,
      "latitude" : 38.7548,
      "event_id" : 45607751,
      "contributor" : null,
      "mag_type" : "ML",
      "event_location_name" : "Costa Calabra sud-occidentale (Catanzaro, Vibo Valentia, Reggio di Calabria)",
      "magnitude" : 1.0,
      "time" : "2026-05-23 22:03:59Z",
      "mag_author" : null,
      "longitude" : 16.0803,
      "contributor_id" : null
    },
    "geometry" : {
      "type" : "Point",
      "coordinates" : [ 16.0803, 38.7548 ]
    },
    "id" : "45607751"
  }, {
    "type" : "Feature",
    "properties" : {
      "depth_km" : 2.88,
      "author" : "SURVEY-INGV-OV#SiSmi",
      "catalog" : null,
      "latitude" : 40.831333,
      "event_id" : 45607671,
      "contributor" : null,
      "mag_type" : "Md",
      "event_location_name" : "Campi Flegrei",
      "magnitude" : 1.7,
      "time" : "2026-05-23 21:35:26Z",
      "mag_author" : null,
      "longitude" : 14.148167,
      "contributor_id" : null
    },
    "geometry" : {
      "type" : "Point",
      "coordinates" : [ 14.148167, 40.831333 ]
    },
    "id" : "45607671"
  }, {
    "type" : "Feature",
    "properties" : {
      "depth_km" : 10.1,
      "author" : "SURVEY-INGV",
      "catalog" : null,
      "latitude" : 38.2093,
      "event_id" : 45607551,
      "contributor" : null,
      "mag_type" : "ML",
      "event_location_name" : "Costa Siciliana nord-orientale (Messina)",
      "magnitude" : 1.3,
      "time" : "2026-05-23 21:20:54Z",
      "mag_author" : null,
      "longitude" : 15.0558,
      "contributor_id" : null
    },
    "geometry" : {
      "type" : "Point",
      "coordinates" : [ 15.0558, 38.2093 ]
    },
    "id" : "45607551"
  }, {
    "type" : "Feature",
    "properties" : {
      "depth_km" : 11.5,
      "author" : "SURVEY-INGV",
      "catalog" : null,
      "latitude" : 38.2087,
      "event_id" : 45607481,
      "contributor" : null,
      "mag_type" : "ML",
      "event_location_name" : "Costa Siciliana nord-orientale (Messina)",
      "magnitude" : 1.2,
      "time" : "2026-05-23 21:13:59Z",
      "mag_author" : null,
      "longitude" : 15.0528,
      "contributor_id" : null
    },
    "geometry" : {
      "type" : "Point",
      "coordinates" : [ 15.0528, 38.2087 ]
    },
    "id" : "45607481"
  }, {
    "type" : "Feature",
    "properties" : {
      "depth_km" : 10.0,
      "author" : "SURVEY-INGV",
      "catalog" : null,
      "latitude" : 38.2188,
      "event_id" : 45607401,
      "contributor" : null,
      "mag_type" : "ML",
      "event_location_name" : "Costa Siciliana nord-orientale (Messina)",
      "magnitude" : 2.1,
      "time" : "2026-05-23 21:09:10Z",
      "mag_author" : null,
      "longitude" : 15.0683,
      "contributor_id" : null
    },
    "geometry" : {
      "type" : "Point",
      "coordinates" : [ 15.0683, 38.2188 ]
    },
    "id" : "45607401"
  }, {
    "type" : "Feature",
    "properties" : {
      "depth_km" : 11.1,
      "author" : "SURVEY-INGV",
      "catalog" : null,
      "latitude" : 38.2083,
      "event_id" : 45607331,
      "contributor" : null,
      "mag_type" : "ML",
      "event_location_name" : "Costa Siciliana nord-orientale (Messina)",
      "magnitude" : 1.5,
      "time" : "2026-05-23 21:05:52Z",
      "mag_author" : null,
      "longitude" : 15.0562,
      "contributor_id" : null
    },
    "geometry" : {
      "type" : "Point",
      "coordinates" : [ 15.0562, 38.2083 ]
    },
    "id" : "45607331"
  }, {
    "type" : "Feature",
    "properties" : {
      "depth_km" : 10.6,
      "author" : "SURVEY-INGV",
      "catalog" : null,
      "latitude" : 38.209,
      "event_id" : 45607281,
      "contributor" : null,
      "mag_type" : "ML",
      "event_location_name" : "Costa Siciliana nord-orientale (Messina)",
      "magnitude" : 1.9,
      "time" : "2026-05-23 20:59:58Z",
      "mag_author" : null,
      "longitude" : 15.0532,
      "contributor_id" : null
    },
    "geometry" : {
      "type" : "Point",
      "coordinates" : [ 15.0532, 38.209 ]
    },
    "id" : "45607281"
  }, {
    "type" : "Feature",
    "properties" : {
      "depth_km" : 10.6,
      "author" : "SURVEY-INGV",
      "catalog" : null,
      "latitude" : 42.791,
      "event_id" : 45607001,
      "contributor" : null,
      "mag_type" : "ML",
      "event_location_name" : "3 km E Norcia (PG)",
      "magnitude" : 1.0,
      "time" : "2026-05-23 19:50:45Z",
      "mag_author" : null,
      "longitude" : 13.1363,
      "contributor_id" : null
    },
    "geometry" : {
      "type" : "Point",
      "coordinates" : [ 13.1363, 42.791 ]
    },
    "id" : "45607001"
  }, {
    "type" : "Feature",
    "properties" : {
      "depth_km" : 10.6,
      "author" : "SURVEY-INGV",
      "catalog" : null,
      "latitude" : 42.791,
      "event_id" : 45607001,
      "contributor" : null,
      "mag_type" : "ML",
      "event_location_name" : "3 km E Norcia (PG)",
      "magnitude" : 1.0,
      "time" : "2026-05-23 19:50:45Z",
      "mag_author" : null,
      "longitude" : 13.1363,
      "contributor_id" : null
    },
    "geometry" : {
      "type" : "Point",
      "coordinates" : [ 13.1363, 42.791 ]
    },
    "id" : "45607001"
  }, {
    "type" : "Feature",
    "properties" : {
      "depth_km" : 5.3,
      "author" : "SURVEY-INGV",
      "catalog" : null,
      "latitude" : 45.9787,
      "event_id" : 45606881,
      "contributor" : null,
      "mag_type" : "ML",
      "event_location_name" : "3 km S Fiavè (TN)",
      "magnitude" : 0.4,
      "time" : "2026-05-23 19:27:10Z",
      "mag_author" : null,
      "longitude" : 10.8523,
      "contributor_id" : null
    },
    "geometry" : {
      "type" : "Point",
      "coordinates" : [ 10.8523, 45.9787 ]
    },
    "id" : "45606881"
  }, {
    "type" : "Feature",
    "properties" : {
      "depth_km" : 9.1,
      "author" : "SURVEY-INGV",
      "catalog" : null,
      "latitude" : 39.8312,
      "event_id" : 45606841,
      "contributor" : null,
      "mag_type" : "ML",
      "event_location_name" : "5 km W Morano Calabro (CS)",
      "magnitude" : 0.7,
      "time" : "2026-05-23 19:18:14Z",
      "mag_author" : null,
      "longitude" : 16.0792,
      "contributor_id" : null
    },
    "geometry" : {
      "type" : "Point",
      "coordinates" : [ 16.0792, 39.8312 ]
    },
    "id" : "45606841"
  }, {
    "type" : "Feature",
    "properties" : {
      "depth_km" : 8.9,
      "author" : "SURVEY-INGV",
      "catalog" : null,
      "latitude" : 46.7235,
      "event_id" : 45606741,
      "contributor" : null,
      "mag_type" : "ML",
      "event_location_name" : "Confine Italia-Austria (AUSTRIA)",
      "magnitude" : 1.1,
      "time" : "2026-05-23 19:07:38Z",
      "mag_author" : null,
      "longitude" : 13.0628,
      "contributor_id" : null
    },
    "geometry" : {
      "type" : "Point",
      "coordinates" : [ 13.0628, 46.7235 ]
    },
    "id" : "45606741"
  }, {
    "type" : "Feature",
    "properties" : {
      "depth_km" : 9.9,
      "author" : "SURVEY-INGV",
      "catalog" : null,
      "latitude" : 43.218,
      "event_id" : 45606701,
      "contributor" : null,
      "mag_type" : "ML",
      "event_location_name" : "4 km E Castelnuovo di Val di Cecina (PI)",
      "magnitude" : 1.6,
      "time" : "2026-05-23 18:57:55Z",
      "mag_author" : null,
      "longitude" : 10.9578,
      "contributor_id" : null
    },
    "geometry" : {
      "type" : "Point",
      "coordinates" : [ 10.9578, 43.218 ]
    },
    "id" : "45606701"
  }, {
    "type" : "Feature",
    "properties" : {
      "depth_km" : 9.4,
      "author" : "SURVEY-INGV",
      "catalog" : null,
      "latitude" : 38.1377,
      "event_id" : 45606631,
      "contributor" : null,
      "mag_type" : "ML",
      "event_location_name" : "Costa Siciliana nord-orientale (Messina)",
      "magnitude" : 1.5,
      "time" : "2026-05-23 18:38:09Z",
      "mag_author" : null,
      "longitude" : 15.1065,
      "contributor_id" : null
    },
    "geometry" : {
      "type" : "Point",
      "coordinates" : [ 15.1065, 38.1377 ]
    },
    "id" : "45606631"
  }, {
    "type" : "Feature",
    "properties" : {
      "depth_km" : 9.9,
      "author" : "SURVEY-INGV",
      "catalog" : null,
      "latitude" : 38.1542,
      "event_id" : 45606151,
      "contributor" : null,
      "mag_type" : "ML",
      "event_location_name" : "Costa Siciliana nord-orientale (Messina)",
      "magnitude" : 1.3,
      "time" : "2026-05-23 17:37:24Z",
      "mag_author" : null,
      "longitude" : 15.0963,
      "contributor_id" : null
    },
    "geometry" : {
      "type" : "Point",
      "coordinates" : [ 15.0963, 38.1542 ]
    },
    "id" : "45606151"
  }, {
    "type" : "Feature",
    "properties" : {
      "depth_km" : 10.3,
      "author" : "SURVEY-INGV",
      "catalog" : null,
      "latitude" : 38.1315,
      "event_id" : 45606101,
      "contributor" : null,
      "mag_type" : "ML",
      "event_location_name" : "Costa Siciliana nord-orientale (Messina)",
      "magnitude" : 1.6,
      "time" : "2026-05-23 17:33:53Z",
      "mag_author" : null,
      "longitude" : 15.1078,
      "contributor_id" : null
    },
    "geometry" : {
      "type" : "Point",
      "coordinates" : [ 15.1078, 38.1315 ]
    },
    "id" : "45606101"
  }, {
    "type" : "Feature",
    "properties" : {
      "depth_km" : 165.9,
      "author" : "SURVEY-INGV",
      "catalog" : null,
      "latitude" : 38.9345,
      "event_id" : 45605701,
      "contributor" : null,
      "mag_type" : "ML",
      "event_location_name" : "Tirreno Meridionale [Mare]",
      "magnitude" : 3.1,
      "time" : "2026-05-23 16:39:08Z",
      "mag_author" : null,
      "longitude" : 15.6527,
      "contributor_id" : null
    },
    "geometry" : {
      "type" : "Point",
      "coordinates" : [ 15.6527, 38.9345 ]
    },
    "id" : "45605701"
  }, {
    "type" : "Feature",
    "properties" : {
      "depth_km" : 9.5,
      "author" : "SURVEY-INGV",
      "catalog" : null,
      "latitude" : 43.1507,
      "event_id" : 45605541,
      "contributor" : null,
      "mag_type" : "ML",
      "event_location_name" : "5 km NW Nocera Umbra (PG)",
      "magnitude" : 1.0,
      "time" : "2026-05-23 16:14:02Z",
      "mag_author" : null,
      "longitude" : 12.7613,
      "contributor_id" : null
    },
    "geometry" : {
      "type" : "Point",
      "coordinates" : [ 12.7613, 43.1507 ]
    },
    "id" : "45605541"
  }, {
    "type" : "Feature",
    "properties" : {
      "depth_km" : 110.9,
      "author" : "SURVEY-INGV",
      "catalog" : null,
      "latitude" : 38.3252,
      "event_id" : 45605131,
      "contributor" : null,
      "mag_type" : "ML",
      "event_location_name" : "Costa Siciliana nord-orientale (Messina)",
      "magnitude" : 2.1,
      "time" : "2026-05-23 15:24:36Z",
      "mag_author" : null,
      "longitude" : 15.2008,
      "contributor_id" : null
    },
    "geometry" : {
      "type" : "Point",
      "coordinates" : [ 15.2008, 38.3252 ]
    },
    "id" : "45605131"
  }, {
    "type" : "Feature",
    "properties" : {
      "depth_km" : 9.8,
      "author" : "SURVEY-INGV",
      "catalog" : null,
      "latitude" : 39.8345,
      "event_id" : 45604781,
      "contributor" : null,
      "mag_type" : "ML",
      "event_location_name" : "4 km W Morano Calabro (CS)",
      "magnitude" : 1.2,
      "time" : "2026-05-23 14:50:47Z",
      "mag_author" : null,
      "longitude" : 16.0852,
      "contributor_id" : null
    },
    "geometry" : {
      "type" : "Point",
      "coordinates" : [ 16.0852, 39.8345 ]
    },
    "id" : "45604781"
  }, {
    "type" : "Feature",
    "properties" : {
      "depth_km" : 8.7,
      "author" : "SURVEY-INGV",
      "catalog" : null,
      "latitude" : 43.371,
      "event_id" : 45604581,
      "contributor" : null,
      "mag_type" : "ML",
      "event_location_name" : "4 km W Poggio San Vicino (MC)",
      "magnitude" : 1.1,
      "time" : "2026-05-23 14:28:35Z",
      "mag_author" : null,
      "longitude" : 13.0312,
      "contributor_id" : null
    },
    "geometry" : {
      "type" : "Point",
      "coordinates" : [ 13.0312, 43.371 ]
    },
    "id" : "45604581"
  }, {
    "type" : "Feature",
    "properties" : {
      "depth_km" : 10.0,
      "author" : "SURVEY-INGV",
      "catalog" : null,
      "latitude" : 42.9655,
      "event_id" : 45604291,
      "contributor" : null,
      "mag_type" : "ML",
      "event_location_name" : "6 km SW Monte Cavallo (MC)",
      "magnitude" : 0.6,
      "time" : "2026-05-23 13:47:19Z",
      "mag_author" : null,
      "longitude" : 12.9402,
      "contributor_id" : null
    },
    "geometry" : {
      "type" : "Point",
      "coordinates" : [ 12.9402, 42.9655 ]
    },
    "id" : "45604291"
  }, {
    "type" : "Feature",
    "properties" : {
      "depth_km" : 8.1,
      "author" : "SURVEY-INGV",
      "catalog" : null,
      "latitude" : 41.0728,
      "event_id" : 45603981,
      "contributor" : null,
      "mag_type" : "ML",
      "event_location_name" : "Albania",
      "magnitude" : 3.8,
      "time" : "2026-05-23 13:39:59Z",
      "mag_author" : null,
      "longitude" : 19.9412,
      "contributor_id" : null
    },
    "geometry" : {
      "type" : "Point",
      "coordinates" : [ 19.9412, 41.0728 ]
    },
    "id" : "45603981"
  }, {
    "type" : "Feature",
    "properties" : {
      "depth_km" : 16.797,
      "author" : "SURVEY-INGV-A",
      "catalog" : null,
      "latitude" : 35.3074,
      "event_id" : 45603941,
      "contributor" : null,
      "mag_type" : "mb",
      "event_location_name" : "Crete, Greece [Sea: Greece]",
      "magnitude" : 4.6,
      "time" : "2026-05-23 13:34:17Z",
      "mag_author" : null,
      "longitude" : 26.7768,
      "contributor_id" : null
    },
    "geometry" : {
      "type" : "Point",
      "coordinates" : [ 26.7768, 35.3074 ]
    },
    "id" : "45603941"
  }, {
    "type" : "Feature",
    "properties" : {
      "depth_km" : 13.7,
      "author" : "SURVEY-INGV",
      "catalog" : null,
      "latitude" : 43.4423,
      "event_id" : 45603541,
      "contributor" : null,
      "mag_type" : "ML",
      "event_location_name" : "1 km NW Sassoferrato (AN)",
      "magnitude" : 0.9,
      "time" : "2026-05-23 12:50:28Z",
      "mag_author" : null,
      "longitude" : 12.8523,
      "contributor_id" : null
    },
    "geometry" : {
      "type" : "Point",
      "coordinates" : [ 12.8523, 43.4423 ]
    },
    "id" : "45603541"
  }, {
    "type" : "Feature",
    "properties" : {
      "depth_km" : 130.4,
      "author" : "SURVEY-INGV",
      "catalog" : null,
      "latitude" : 38.4842,
      "event_id" : 45603501,
      "contributor" : null,
      "mag_type" : "ML",
      "event_location_name" : "Tirreno Meridionale [Mare]",
      "magnitude" : 2.1,
      "time" : "2026-05-23 12:47:47Z",
      "mag_author" : null,
      "longitude" : 15.5063,
      "contributor_id" : null
    },
    "geometry" : {
      "type" : "Point",
      "coordinates" : [ 15.5063, 38.4842 ]
    },
    "id" : "45603501"
  }, {
    "type" : "Feature",
    "properties" : {
      "depth_km" : 11.0,
      "author" : "SURVEY-INGV",
      "catalog" : null,
      "latitude" : 42.8627,
      "event_id" : 45602851,
      "contributor" : null,
      "mag_type" : "ML",
      "event_location_name" : "3 km S Sellano (PG)",
      "magnitude" : 0.6,
      "time" : "2026-05-23 11:08:43Z",
      "mag_author" : null,
      "longitude" : 12.9387,
      "contributor_id" : null
    },
    "geometry" : {
      "type" : "Point",
      "coordinates" : [ 12.9387, 42.8627 ]
    },
    "id" : "45602851"
  }, {
    "type" : "Feature",
    "properties" : {
      "depth_km" : 10.5,
      "author" : "SURVEY-INGV",
      "catalog" : null,
      "latitude" : 42.9598,
      "event_id" : 45602801,
      "contributor" : null,
      "mag_type" : "ML",
      "event_location_name" : "7 km SW Monte Cavallo (MC)",
      "magnitude" : 0.6,
      "time" : "2026-05-23 11:00:00Z",
      "mag_author" : null,
      "longitude" : 12.9327,
      "contributor_id" : null
    },
    "geometry" : {
      "type" : "Point",
      "coordinates" : [ 12.9327, 42.9598 ]
    },
    "id" : "45602801"
  }, {
    "type" : "Feature",
    "properties" : {
      "depth_km" : 23.8,
      "author" : "SURVEY-INGV",
      "catalog" : null,
      "latitude" : 44.3572,
      "event_id" : 45602741,
      "contributor" : null,
      "mag_type" : "ML",
      "event_location_name" : "2 km NE Polinago (MO)",
      "magnitude" : 1.2,
      "time" : "2026-05-23 10:58:45Z",
      "mag_author" : null,
      "longitude" : 10.7417,
      "contributor_id" : null
    },
    "geometry" : {
      "type" : "Point",
      "coordinates" : [ 10.7417, 44.3572 ]
    },
    "id" : "45602741"
  }, {
    "type" : "Feature",
    "properties" : {
      "depth_km" : 10.0,
      "author" : "SURVEY-INGV",
      "catalog" : null,
      "latitude" : 43.3035,
      "event_id" : 45602561,
      "contributor" : null,
      "mag_type" : "ML",
      "event_location_name" : "6 km S Gubbio (PG)",
      "magnitude" : 0.6,
      "time" : "2026-05-23 10:38:32Z",
      "mag_author" : null,
      "longitude" : 12.5897,
      "contributor_id" : null
    },
    "geometry" : {
      "type" : "Point",
      "coordinates" : [ 12.5897, 43.3035 ]
    },
    "id" : "45602561"
  }, {
    "type" : "Feature",
    "properties" : {
      "depth_km" : 14.6,
      "author" : "SURVEY-INGV",
      "catalog" : null,
      "latitude" : 43.4647,
      "event_id" : 45602451,
      "contributor" : null,
      "mag_type" : "ML",
      "event_location_name" : "4 km SW Serra Sant'Abbondio (PU)",
      "magnitude" : 0.6,
      "time" : "2026-05-23 10:35:50Z",
      "mag_author" : null,
      "longitude" : 12.7342,
      "contributor_id" : null
    },
    "geometry" : {
      "type" : "Point",
      "coordinates" : [ 12.7342, 43.4647 ]
    },
    "id" : "45602451"
  }, {
    "type" : "Feature",
    "properties" : {
      "depth_km" : 7.4,
      "author" : "SURVEY-INGV",
      "catalog" : null,
      "latitude" : 43.0167,
      "event_id" : 45601901,
      "contributor" : null,
      "mag_type" : "ML",
      "event_location_name" : "9 km SW Serravalle di Chienti (MC)",
      "magnitude" : 1.0,
      "time" : "2026-05-23 09:48:12Z",
      "mag_author" : null,
      "longitude" : 12.8712,
      "contributor_id" : null
    },
    "geometry" : {
      "type" : "Point",
      "coordinates" : [ 12.8712, 43.0167 ]
    },
    "id" : "45601901"
  }, {
    "type" : "Feature",
    "properties" : {
      "depth_km" : 10.0,
      "author" : "SURVEY-INGV",
      "catalog" : null,
      "latitude" : 42.7082,
      "event_id" : 45601601,
      "contributor" : null,
      "mag_type" : "ML",
      "event_location_name" : "2 km NE Accumoli (RI)",
      "magnitude" : 1.4,
      "time" : "2026-05-23 09:11:38Z",
      "mag_author" : null,
      "longitude" : 13.2632,
      "contributor_id" : null
    },
    "geometry" : {
      "type" : "Point",
      "coordinates" : [ 13.2632, 42.7082 ]
    },
    "id" : "45601601"
  }, {
    "type" : "Feature",
    "properties" : {
      "depth_km" : 13.6,
      "author" : "SURVEY-INGV",
      "catalog" : null,
      "latitude" : 45.8355,
      "event_id" : 45601371,
      "contributor" : null,
      "mag_type" : "ML",
      "event_location_name" : "5 km SE Trambileno (TN)",
      "magnitude" : 0.8,
      "time" : "2026-05-23 08:55:06Z",
      "mag_author" : null,
      "longitude" : 11.1132,
      "contributor_id" : null
    },
    "geometry" : {
      "type" : "Point",
      "coordinates" : [ 11.1132, 45.8355 ]
    },
    "id" : "45601371"
  }, {
    "type" : "Feature",
    "properties" : {
      "depth_km" : 4.1,
      "author" : "SURVEY-INGV",
      "catalog" : null,
      "latitude" : 43.4193,
      "event_id" : 45601181,
      "contributor" : null,
      "mag_type" : "ML",
      "event_location_name" : "3 km S Pietralunga (PG)",
      "magnitude" : 0.5,
      "time" : "2026-05-23 08:25:44Z",
      "mag_author" : null,
      "longitude" : 12.4358,
      "contributor_id" : null
    },
    "geometry" : {
      "type" : "Point",
      "coordinates" : [ 12.4358, 43.4193 ]
    },
    "id" : "45601181"
  }, {
    "type" : "Feature",
    "properties" : {
      "depth_km" : 4.1,
      "author" : "SURVEY-INGV",
      "catalog" : null,
      "latitude" : 43.4193,
      "event_id" : 45601181,
      "contributor" : null,
      "mag_type" : "ML",
      "event_location_name" : "3 km S Pietralunga (PG)",
      "magnitude" : 0.5,
      "time" : "2026-05-23 08:25:44Z",
      "mag_author" : null,
      "longitude" : 12.4358,
      "contributor_id" : null
    },
    "geometry" : {
      "type" : "Point",
      "coordinates" : [ 12.4358, 43.4193 ]
    },
    "id" : "45601181"
  }, {
    "type" : "Feature",
    "properties" : {
      "depth_km" : 11.719,
      "author" : "SURVEY-INGV-A",
      "catalog" : null,
      "latitude" : 19.6242,
      "event_id" : 45600761,
      "contributor" : null,
      "mag_type" : "Mwp",
      "event_location_name" : "Hawaiian Islands, United States [Land: United States]",
      "magnitude" : 6.1,
      "time" : "2026-05-23 07:46:05Z",
      "mag_author" : null,
      "longitude" : -155.749,
      "contributor_id" : null
    },
    "geometry" : {
      "type" : "Point",
      "coordinates" : [ -155.749, 19.6242 ]
    },
    "id" : "45600761"
  }, {
    "type" : "Feature",
    "properties" : {
      "depth_km" : 11.719,
      "author" : "SURVEY-INGV-A",
      "catalog" : null,
      "latitude" : 19.6242,
      "event_id" : 45600761,
      "contributor" : null,
      "mag_type" : "Mwp",
      "event_location_name" : "Hawaiian Islands, United States [Land: United States]",
      "magnitude" : 6.1,
      "time" : "2026-05-23 07:46:05Z",
      "mag_author" : null,
      "longitude" : -155.749,
      "contributor_id" : null
    },
    "geometry" : {
      "type" : "Point",
      "coordinates" : [ -155.749, 19.6242 ]
    },
    "id" : "45600761"
  }, {
    "type" : "Feature",
    "properties" : {
      "depth_km" : 12.1,
      "author" : "SURVEY-INGV",
      "catalog" : null,
      "latitude" : 42.9407,
      "event_id" : 45600441,
      "contributor" : null,
      "mag_type" : "ML",
      "event_location_name" : "6 km S Monte Cavallo (MC)",
      "magnitude" : 0.6,
      "time" : "2026-05-23 07:15:09Z",
      "mag_author" : null,
      "longitude" : 13.0112,
      "contributor_id" : null
    },
    "geometry" : {
      "type" : "Point",
      "coordinates" : [ 13.0112, 42.9407 ]
    },
    "id" : "45600441"
  }, {
    "type" : "Feature",
    "properties" : {
      "depth_km" : 11.8,
      "author" : "SURVEY-INGV",
      "catalog" : null,
      "latitude" : 42.9427,
      "event_id" : 45600371,
      "contributor" : null,
      "mag_type" : "ML",
      "event_location_name" : "6 km W Visso (MC)",
      "magnitude" : 1.2,
      "time" : "2026-05-23 07:08:30Z",
      "mag_author" : null,
      "longitude" : 13.023,
      "contributor_id" : null
    },
    "geometry" : {
      "type" : "Point",
      "coordinates" : [ 13.023, 42.9427 ]
    },
    "id" : "45600371"
  }, {
    "type" : "Feature",
    "properties" : {
      "depth_km" : 13.2,
      "author" : "SURVEY-INGV",
      "catalog" : null,
      "latitude" : 42.9417,
      "event_id" : 45600291,
      "contributor" : null,
      "mag_type" : "ML",
      "event_location_name" : "6 km W Visso (MC)",
      "magnitude" : 0.5,
      "time" : "2026-05-23 07:04:29Z",
      "mag_author" : null,
      "longitude" : 13.0202,
      "contributor_id" : null
    },
    "geometry" : {
      "type" : "Point",
      "coordinates" : [ 13.0202, 42.9417 ]
    },
    "id" : "45600291"
  }, {
    "type" : "Feature",
    "properties" : {
      "depth_km" : 8.4,
      "author" : "SURVEY-INGV",
      "catalog" : null,
      "latitude" : 42.9698,
      "event_id" : 45599701,
      "contributor" : null,
      "mag_type" : "ML",
      "event_location_name" : "3 km NE Ussita (MC)",
      "magnitude" : 0.5,
      "time" : "2026-05-23 05:03:36Z",
      "mag_author" : null,
      "longitude" : 13.1522,
      "contributor_id" : null
    },
    "geometry" : {
      "type" : "Point",
      "coordinates" : [ 13.1522, 42.9698 ]
    },
    "id" : "45599701"
  }, {
    "type" : "Feature",
    "properties" : {
      "depth_km" : 9.1,
      "author" : "SURVEY-INGV",
      "catalog" : null,
      "latitude" : 41.4262,
      "event_id" : 45599521,
      "contributor" : null,
      "mag_type" : "ML",
      "event_location_name" : "6 km SW Priverno (LT)",
      "magnitude" : 1.9,
      "time" : "2026-05-23 04:39:02Z",
      "mag_author" : null,
      "longitude" : 13.1488,
      "contributor_id" : null
    },
    "geometry" : {
      "type" : "Point",
      "coordinates" : [ 13.1488, 41.4262 ]
    },
    "id" : "45599521"
  }, {
    "type" : "Feature",
    "properties" : {
      "depth_km" : 8.0,
      "author" : "SURVEY-INGV",
      "catalog" : null,
      "latitude" : 43.0073,
      "event_id" : 45599391,
      "contributor" : null,
      "mag_type" : "ML",
      "event_location_name" : "4 km SW Fiastra (MC)",
      "magnitude" : 0.9,
      "time" : "2026-05-23 03:27:23Z",
      "mag_author" : null,
      "longitude" : 13.1273,
      "contributor_id" : null
    },
    "geometry" : {
      "type" : "Point",
      "coordinates" : [ 13.1273, 43.0073 ]
    },
    "id" : "45599391"
  }, {
    "type" : "Feature",
    "properties" : {
      "depth_km" : 9.7,
      "author" : "SURVEY-INGV",
      "catalog" : null,
      "latitude" : 45.8963,
      "event_id" : 45599341,
      "contributor" : null,
      "mag_type" : "ML",
      "event_location_name" : "V3 Monte Bianco (ITALIA, FRANCIA, SVIZZERA)",
      "magnitude" : 1.5,
      "time" : "2026-05-23 02:36:44Z",
      "mag_author" : null,
      "longitude" : 7.0848,
      "contributor_id" : null
    },
    "geometry" : {
      "type" : "Point",
      "coordinates" : [ 7.0848, 45.8963 ]
    },
    "id" : "45599341"
  }, {
    "type" : "Feature",
    "properties" : {
      "depth_km" : 7.9,
      "author" : "SURVEY-INGV",
      "catalog" : null,
      "latitude" : 41.9338,
      "event_id" : 45599241,
      "contributor" : null,
      "mag_type" : "ML",
      "event_location_name" : "Costa Garganica (Foggia)",
      "magnitude" : 2.7,
      "time" : "2026-05-23 01:39:49Z",
      "mag_author" : null,
      "longitude" : 15.5182,
      "contributor_id" : null
    },
    "geometry" : {
      "type" : "Point",
      "coordinates" : [ 15.5182, 41.9338 ]
    },
    "id" : "45599241"
  }, {
    "type" : "Feature",
    "properties" : {
      "depth_km" : 13.5,
      "author" : "SURVEY-INGV",
      "catalog" : null,
      "latitude" : 38.1603,
      "event_id" : 45599191,
      "contributor" : null,
      "mag_type" : "ML",
      "event_location_name" : "Costa Siciliana nord-orientale (Messina)",
      "magnitude" : 1.4,
      "time" : "2026-05-23 01:15:29Z",
      "mag_author" : null,
      "longitude" : 14.984,
      "contributor_id" : null
    },
    "geometry" : {
      "type" : "Point",
      "coordinates" : [ 14.984, 38.1603 ]
    },
    "id" : "45599191"
  }, {
    "type" : "Feature",
    "properties" : {
      "depth_km" : 9.2,
      "author" : "SURVEY-INGV",
      "catalog" : null,
      "latitude" : 42.7923,
      "event_id" : 45599121,
      "contributor" : null,
      "mag_type" : "ML",
      "event_location_name" : "8 km E Norcia (PG)",
      "magnitude" : 0.9,
      "time" : "2026-05-23 00:59:28Z",
      "mag_author" : null,
      "longitude" : 13.1923,
      "contributor_id" : null
    },
    "geometry" : {
      "type" : "Point",
      "coordinates" : [ 13.1923, 42.7923 ]
    },
    "id" : "45599121"
  }, {
    "type" : "Feature",
    "properties" : {
      "depth_km" : 6.0,
      "author" : "SURVEY-INGV",
      "catalog" : null,
      "latitude" : 44.2322,
      "event_id" : 45599061,
      "contributor" : null,
      "mag_type" : "ML",
      "event_location_name" : "Confine Italia-Francia (FRANCIA)",
      "magnitude" : 1.0,
      "time" : "2026-05-23 00:14:12Z",
      "mag_author" : null,
      "longitude" : 6.7468,
      "contributor_id" : null
    },
    "geometry" : {
      "type" : "Point",
      "coordinates" : [ 6.7468, 44.2322 ]
    },
    "id" : "45599061"
  }, {
    "type" : "Feature",
    "properties" : {
      "depth_km" : 8.0,
      "author" : "SURVEY-INGV",
      "catalog" : null,
      "latitude" : 43.0002,
      "event_id" : 45598901,
      "contributor" : null,
      "mag_type" : "ML",
      "event_location_name" : "5 km SE Fiordimonte (MC)",
      "magnitude" : 3.6,
      "time" : "2026-05-23 00:13:32Z",
      "mag_author" : null,
      "longitude" : 13.1143,
      "contributor_id" : null
    },
    "geometry" : {
      "type" : "Point",
      "coordinates" : [ 13.1143, 43.0002 ]
    },
    "id" : "45598901"
  }, {
    "type" : "Feature",
    "properties" : {
      "depth_km" : 7.8,
      "author" : "SURVEY-INGV",
      "catalog" : null,
      "latitude" : 42.8192,
      "event_id" : 45598711,
      "contributor" : null,
      "mag_type" : "ML",
      "event_location_name" : "8 km SW San Venanzo (TR)",
      "magnitude" : 1.9,
      "time" : "2026-05-22 23:37:20Z",
      "mag_author" : null,
      "longitude" : 12.1938,
      "contributor_id" : null
    },
    "geometry" : {
      "type" : "Point",
      "coordinates" : [ 12.1938, 42.8192 ]
    },
    "id" : "45598711"
  }, {
    "type" : "Feature",
    "properties" : {
      "depth_km" : 15.4,
      "author" : "SURVEY-INGV",
      "catalog" : null,
      "latitude" : 43.4058,
      "event_id" : 45598611,
      "contributor" : null,
      "mag_type" : "ML",
      "event_location_name" : "7 km NE Costacciaro (PG)",
      "magnitude" : 0.9,
      "time" : "2026-05-22 23:10:01Z",
      "mag_author" : null,
      "longitude" : 12.7632,
      "contributor_id" : null
    },
    "geometry" : {
      "type" : "Point",
      "coordinates" : [ 12.7632, 43.4058 ]
    },
    "id" : "45598611"
  }, {
    "type" : "Feature",
    "properties" : {
      "depth_km" : 2.97,
      "author" : "SURVEY-INGV-OV#SiSmi",
      "catalog" : null,
      "latitude" : 40.8175,
      "event_id" : 45598631,
      "contributor" : null,
      "mag_type" : "Md",
      "event_location_name" : "Campi Flegrei",
      "magnitude" : 1.9,
      "time" : "2026-05-22 22:55:36Z",
      "mag_author" : null,
      "longitude" : 14.090167,
      "contributor_id" : null
    },
    "geometry" : {
      "type" : "Point",
      "coordinates" : [ 14.090167, 40.8175 ]
    },
    "id" : "45598631"
  }, {
    "type" : "Feature",
    "properties" : {
      "depth_km" : 8.6,
      "author" : "SURVEY-INGV",
      "catalog" : null,
      "latitude" : 43.0037,
      "event_id" : 45598471,
      "contributor" : null,
      "mag_type" : "ML",
      "event_location_name" : "4 km SE Fiordimonte (MC)",
      "magnitude" : 1.5,
      "time" : "2026-05-22 22:46:58Z",
      "mag_author" : null,
      "longitude" : 13.1198,
      "contributor_id" : null
    },
    "geometry" : {
      "type" : "Point",
      "coordinates" : [ 13.1198, 43.0037 ]
    },
    "id" : "45598471"
  }, {
    "type" : "Feature",
    "properties" : {
      "depth_km" : 12.13,
      "author" : "SURVEY-INGV-CT#SeismPicker_SO-OE",
      "catalog" : null,
      "latitude" : 38.341,
      "event_id" : 45598521,
      "contributor" : null,
      "mag_type" : "ML",
      "event_location_name" : "Isole Eolie (Messina)",
      "magnitude" : 2.2,
      "time" : "2026-05-22 22:46:39Z",
      "mag_author" : null,
      "longitude" : 14.892,
      "contributor_id" : null
    },
    "geometry" : {
      "type" : "Point",
      "coordinates" : [ 14.892, 38.341 ]
    },
    "id" : "45598521"
  }, {
    "type" : "Feature",
    "properties" : {
      "depth_km" : 4.5,
      "author" : "SURVEY-INGV",
      "catalog" : null,
      "latitude" : 44.2352,
      "event_id" : 45598371,
      "contributor" : null,
      "mag_type" : "ML",
      "event_location_name" : "Confine Italia-Francia (FRANCIA)",
      "magnitude" : 1.1,
      "time" : "2026-05-22 22:13:02Z",
      "mag_author" : null,
      "longitude" : 6.7467,
      "contributor_id" : null
    },
    "geometry" : {
      "type" : "Point",
      "coordinates" : [ 6.7467, 44.2352 ]
    },
    "id" : "45598371"
  }, {
    "type" : "Feature",
    "properties" : {
      "depth_km" : 7.0,
      "author" : "SURVEY-INGV",
      "catalog" : null,
      "latitude" : 42.9777,
      "event_id" : 45598191,
      "contributor" : null,
      "mag_type" : "ML",
      "event_location_name" : "4 km NW Ussita (MC)",
      "magnitude" : 0.5,
      "time" : "2026-05-22 21:03:29Z",
      "mag_author" : null,
      "longitude" : 13.1202,
      "contributor_id" : null
    },
    "geometry" : {
      "type" : "Point",
      "coordinates" : [ 13.1202, 42.9777 ]
    },
    "id" : "45598191"
  }, {
    "type" : "Feature",
    "properties" : {
      "depth_km" : 10.7,
      "author" : "SURVEY-INGV",
      "catalog" : null,
      "latitude" : 43.1547,
      "event_id" : 45597951,
      "contributor" : null,
      "mag_type" : "ML",
      "event_location_name" : "3 km S Pioraco (MC)",
      "magnitude" : 1.4,
      "time" : "2026-05-22 19:54:52Z",
      "mag_author" : null,
      "longitude" : 12.9882,
      "contributor_id" : null
    },
    "geometry" : {
      "type" : "Point",
      "coordinates" : [ 12.9882, 43.1547 ]
    },
    "id" : "45597951"
  }, {
    "type" : "Feature",
    "properties" : {
      "depth_km" : 10.8,
      "author" : "SURVEY-INGV",
      "catalog" : null,
      "latitude" : 42.863,
      "event_id" : 45597761,
      "contributor" : null,
      "mag_type" : "ML",
      "event_location_name" : "3 km S Sellano (PG)",
      "magnitude" : 0.5,
      "time" : "2026-05-22 19:11:55Z",
      "mag_author" : null,
      "longitude" : 12.9288,
      "contributor_id" : null
    },
    "geometry" : {
      "type" : "Point",
      "coordinates" : [ 12.9288, 42.863 ]
    },
    "id" : "45597761"
  }, {
    "type" : "Feature",
    "properties" : {
      "depth_km" : 10.8,
      "author" : "SURVEY-INGV",
      "catalog" : null,
      "latitude" : 42.863,
      "event_id" : 45597761,
      "contributor" : null,
      "mag_type" : "ML",
      "event_location_name" : "3 km S Sellano (PG)",
      "magnitude" : 0.5,
      "time" : "2026-05-22 19:11:55Z",
      "mag_author" : null,
      "longitude" : 12.9288,
      "contributor_id" : null
    },
    "geometry" : {
      "type" : "Point",
      "coordinates" : [ 12.9288, 42.863 ]
    },
    "id" : "45597761"
  }, {
    "type" : "Feature",
    "properties" : {
      "depth_km" : 13.4,
      "author" : "SURVEY-INGV",
      "catalog" : null,
      "latitude" : 42.6298,
      "event_id" : 45597431,
      "contributor" : null,
      "mag_type" : "ML",
      "event_location_name" : "3 km W Amatrice (RI)",
      "magnitude" : 0.8,
      "time" : "2026-05-22 17:53:56Z",
      "mag_author" : null,
      "longitude" : 13.2545,
      "contributor_id" : null
    },
    "geometry" : {
      "type" : "Point",
      "coordinates" : [ 13.2545, 42.6298 ]
    },
    "id" : "45597431"
  }, {
    "type" : "Feature",
    "properties" : {
      "depth_km" : 9.6,
      "author" : "SURVEY-INGV",
      "catalog" : null,
      "latitude" : 42.9742,
      "event_id" : 45596531,
      "contributor" : null,
      "mag_type" : "ML",
      "event_location_name" : "3 km SW Spello (PG)",
      "magnitude" : 0.9,
      "time" : "2026-05-22 15:56:38Z",
      "mag_author" : null,
      "longitude" : 12.6477,
      "contributor_id" : null
    },
    "geometry" : {
      "type" : "Point",
      "coordinates" : [ 12.6477, 42.9742 ]
    },
    "id" : "45596531"
  }, {
    "type" : "Feature",
    "properties" : {
      "depth_km" : 9.5,
      "author" : "SURVEY-INGV",
      "catalog" : null,
      "latitude" : 45.6288,
      "event_id" : 45595871,
      "contributor" : null,
      "mag_type" : "ML",
      "event_location_name" : "4 km W Valgrisenche (AO)",
      "magnitude" : 0.6,
      "time" : "2026-05-22 14:35:26Z",
      "mag_author" : null,
      "longitude" : 7.0143,
      "contributor_id" : null
    },
    "geometry" : {
      "type" : "Point",
      "coordinates" : [ 7.0143, 45.6288 ]
    },
    "id" : "45595871"
  }, {
    "type" : "Feature",
    "properties" : {
      "depth_km" : 11.0,
      "author" : "SURVEY-INGV",
      "catalog" : null,
      "latitude" : 42.7938,
      "event_id" : 45595661,
      "contributor" : null,
      "mag_type" : "ML",
      "event_location_name" : "4 km E Norcia (PG)",
      "magnitude" : 0.9,
      "time" : "2026-05-22 14:26:43Z",
      "mag_author" : null,
      "longitude" : 13.1462,
      "contributor_id" : null
    },
    "geometry" : {
      "type" : "Point",
      "coordinates" : [ 13.1462, 42.7938 ]
    },
    "id" : "45595661"
  }, {
    "type" : "Feature",
    "properties" : {
      "depth_km" : 7.8,
      "author" : "SURVEY-INGV",
      "catalog" : null,
      "latitude" : 43.4948,
      "event_id" : 45595211,
      "contributor" : null,
      "mag_type" : "ML",
      "event_location_name" : "6 km NE Città di Castello (PG)",
      "magnitude" : 0.8,
      "time" : "2026-05-22 13:55:35Z",
      "mag_author" : null,
      "longitude" : 12.2928,
      "contributor_id" : null
    },
    "geometry" : {
      "type" : "Point",
      "coordinates" : [ 12.2928, 43.4948 ]
    },
    "id" : "45595211"
  }, {
    "type" : "Feature",
    "properties" : {
      "depth_km" : 11.1,
      "author" : "SURVEY-INGV",
      "catalog" : null,
      "latitude" : 42.665,
      "event_id" : 45594671,
      "contributor" : null,
      "mag_type" : "ML",
      "event_location_name" : "6 km SW Accumoli (RI)",
      "magnitude" : 1.4,
      "time" : "2026-05-22 13:20:17Z",
      "mag_author" : null,
      "longitude" : 13.1923,
      "contributor_id" : null
    },
    "geometry" : {
      "type" : "Point",
      "coordinates" : [ 13.1923, 42.665 ]
    },
    "id" : "45594671"
  }, {
    "type" : "Feature",
    "properties" : {
      "depth_km" : 12.0,
      "author" : "SURVEY-INGV",
      "catalog" : null,
      "latitude" : 44.5057,
      "event_id" : 46007822,
      "contributor" : null,
      "mag_type" : "ML",
      "event_location_name" : "3 km NW San Damiano Macra (CN)",
      "magnitude" : 0.9,
      "time" : "2026-05-22 13:14:55Z",
      "mag_author" : null,
      "longitude" : 7.2237,
      "contributor_id" : null
    },
    "geometry" : {
      "type" : "Point",
      "coordinates" : [ 7.2237, 44.5057 ]
    },
    "id" : "46007822"
  }, {
    "type" : "Feature",
    "properties" : {
      "depth_km" : 58.594,
      "author" : "SURVEY-INGV-A",
      "catalog" : null,
      "latitude" : -3.18516,
      "event_id" : 46005032,
      "contributor" : null,
      "mag_type" : "Mwp",
      "event_location_name" : "Papua New Guinea [Sea]",
      "magnitude" : 5.8,
      "time" : "2026-05-22 10:08:27Z",
      "mag_author" : null,
      "longitude" : 147.705,
      "contributor_id" : null
    },
    "geometry" : {
      "type" : "Point",
      "coordinates" : [ 147.705, -3.18516 ]
    },
    "id" : "46005032"
  }, {
    "type" : "Feature",
    "properties" : {
      "depth_km" : 4.9,
      "author" : "SURVEY-INGV",
      "catalog" : null,
      "latitude" : 43.3407,
      "event_id" : 46002992,
      "contributor" : null,
      "mag_type" : "ML",
      "event_location_name" : "5 km NW Treia (MC)",
      "magnitude" : 1.3,
      "time" : "2026-05-22 07:41:50Z",
      "mag_author" : null,
      "longitude" : 13.2657,
      "contributor_id" : null
    },
    "geometry" : {
      "type" : "Point",
      "coordinates" : [ 13.2657, 43.3407 ]
    },
    "id" : "46002992"
  }, {
    "type" : "Feature",
    "properties" : {
      "depth_km" : 4.9,
      "author" : "SURVEY-INGV",
      "catalog" : null,
      "latitude" : 43.3407,
      "event_id" : 46002992,
      "contributor" : null,
      "mag_type" : "ML",
      "event_location_name" : "5 km NW Treia (MC)",
      "magnitude" : 1.3,
      "time" : "2026-05-22 07:41:50Z",
      "mag_author" : null,
      "longitude" : 13.2657,
      "contributor_id" : null
    },
    "geometry" : {
      "type" : "Point",
      "coordinates" : [ 13.2657, 43.3407 ]
    },
    "id" : "46002992"
  }, {
    "type" : "Feature",
    "properties" : {
      "depth_km" : 9.0,
      "author" : "SURVEY-INGV",
      "catalog" : null,
      "latitude" : 42.784,
      "event_id" : 46002672,
      "contributor" : null,
      "mag_type" : "ML",
      "event_location_name" : "8 km E Norcia (PG)",
      "magnitude" : 1.5,
      "time" : "2026-05-22 07:07:29Z",
      "mag_author" : null,
      "longitude" : 13.1957,
      "contributor_id" : null
    },
    "geometry" : {
      "type" : "Point",
      "coordinates" : [ 13.1957, 42.784 ]
    },
    "id" : "46002672"
  }, {
    "type" : "Feature",
    "properties" : {
      "depth_km" : 8.8,
      "author" : "SURVEY-INGV",
      "catalog" : null,
      "latitude" : 38.3162,
      "event_id" : 46002032,
      "contributor" : null,
      "mag_type" : "ML",
      "event_location_name" : "Costa Siciliana nord-orientale (Messina)",
      "magnitude" : 1.9,
      "time" : "2026-05-22 06:14:20Z",
      "mag_author" : null,
      "longitude" : 15.421,
      "contributor_id" : null
    },
    "geometry" : {
      "type" : "Point",
      "coordinates" : [ 15.421, 38.3162 ]
    },
    "id" : "46002032"
  }, {
    "type" : "Feature",
    "properties" : {
      "depth_km" : 6.8,
      "author" : "SURVEY-INGV",
      "catalog" : null,
      "latitude" : 44.2347,
      "event_id" : 46001732,
      "contributor" : null,
      "mag_type" : "ML",
      "event_location_name" : "Confine Italia-Francia (FRANCIA)",
      "magnitude" : 1.9,
      "time" : "2026-05-22 05:51:58Z",
      "mag_author" : null,
      "longitude" : 6.7255,
      "contributor_id" : null
    },
    "geometry" : {
      "type" : "Point",
      "coordinates" : [ 6.7255, 44.2347 ]
    },
    "id" : "46001732"
  }, {
    "type" : "Feature",
    "properties" : {
      "depth_km" : 11.6,
      "author" : "SURVEY-INGV",
      "catalog" : null,
      "latitude" : 42.967,
      "event_id" : 46001392,
      "contributor" : null,
      "mag_type" : "ML",
      "event_location_name" : "4 km SE Monte Cavallo (MC)",
      "magnitude" : 0.9,
      "time" : "2026-05-22 05:14:09Z",
      "mag_author" : null,
      "longitude" : 13.0247,
      "contributor_id" : null
    },
    "geometry" : {
      "type" : "Point",
      "coordinates" : [ 13.0247, 42.967 ]
    },
    "id" : "46001392"
  }, {
    "type" : "Feature",
    "properties" : {
      "depth_km" : 10.6,
      "author" : "SURVEY-INGV",
      "catalog" : null,
      "latitude" : 42.7717,
      "event_id" : 46001362,
      "contributor" : null,
      "mag_type" : "ML",
      "event_location_name" : "7 km NW Cascia (PG)",
      "magnitude" : 1.2,
      "time" : "2026-05-22 05:07:28Z",
      "mag_author" : null,
      "longitude" : 12.9697,
      "contributor_id" : null
    },
    "geometry" : {
      "type" : "Point",
      "coordinates" : [ 12.9697, 42.7717 ]
    },
    "id" : "46001362"
  }, {
    "type" : "Feature",
    "properties" : {
      "depth_km" : 4.2,
      "author" : "SURVEY-INGV",
      "catalog" : null,
      "latitude" : 39.8152,
      "event_id" : 46001042,
      "contributor" : null,
      "mag_type" : "ML",
      "event_location_name" : "3 km S Morano Calabro (CS)",
      "magnitude" : 1.0,
      "time" : "2026-05-22 03:56:25Z",
      "mag_author" : null,
      "longitude" : 16.1272,
      "contributor_id" : null
    },
    "geometry" : {
      "type" : "Point",
      "coordinates" : [ 16.1272, 39.8152 ]
    },
    "id" : "46001042"
  }, {
    "type" : "Feature",
    "properties" : {
      "depth_km" : 10.6,
      "author" : "SURVEY-INGV",
      "catalog" : null,
      "latitude" : 44.1005,
      "event_id" : 46000942,
      "contributor" : null,
      "mag_type" : "ML",
      "event_location_name" : "5 km S Castiglione dei Pepoli (BO)",
      "magnitude" : 1.3,
      "time" : "2026-05-22 03:45:22Z",
      "mag_author" : null,
      "longitude" : 11.1528,
      "contributor_id" : null
    },
    "geometry" : {
      "type" : "Point",
      "coordinates" : [ 11.1528, 44.1005 ]
    },
    "id" : "46000942"
  }, {
    "type" : "Feature",
    "properties" : {
      "depth_km" : 286.1,
      "author" : "SURVEY-INGV",
      "catalog" : null,
      "latitude" : 39.0032,
      "event_id" : 46000992,
      "contributor" : null,
      "mag_type" : "ML",
      "event_location_name" : "Tirreno Meridionale [Mare]",
      "magnitude" : 2.4,
      "time" : "2026-05-22 03:45:14Z",
      "mag_author" : null,
      "longitude" : 15.0962,
      "contributor_id" : null
    },
    "geometry" : {
      "type" : "Point",
      "coordinates" : [ 15.0962, 39.0032 ]
    },
    "id" : "46000992"
  }, {
    "type" : "Feature",
    "properties" : {
      "depth_km" : 10.2,
      "author" : "SURVEY-INGV",
      "catalog" : null,
      "latitude" : 42.7883,
      "event_id" : 46000912,
      "contributor" : null,
      "mag_type" : "ML",
      "event_location_name" : "8 km W Arquata del Tronto (AP)",
      "magnitude" : 0.4,
      "time" : "2026-05-22 03:36:53Z",
      "mag_author" : null,
      "longitude" : 13.1998,
      "contributor_id" : null
    },
    "geometry" : {
      "type" : "Point",
      "coordinates" : [ 13.1998, 42.7883 ]
    },
    "id" : "46000912"
  }, {
    "type" : "Feature",
    "properties" : {
      "depth_km" : 10.2,
      "author" : "SURVEY-INGV",
      "catalog" : null,
      "latitude" : 42.7883,
      "event_id" : 46000912,
      "contributor" : null,
      "mag_type" : "ML",
      "event_location_name" : "8 km W Arquata del Tronto (AP)",
      "magnitude" : 0.4,
      "time" : "2026-05-22 03:36:53Z",
      "mag_author" : null,
      "longitude" : 13.1998,
      "contributor_id" : null
    },
    "geometry" : {
      "type" : "Point",
      "coordinates" : [ 13.1998, 42.7883 ]
    },
    "id" : "46000912"
  }, {
    "type" : "Feature",
    "properties" : {
      "depth_km" : 47.0,
      "author" : "SURVEY-INGV",
      "catalog" : null,
      "latitude" : 39.0827,
      "event_id" : 46000882,
      "contributor" : null,
      "mag_type" : "ML",
      "event_location_name" : "Costa Calabra nord-occidentale (Cosenza)",
      "magnitude" : 1.4,
      "time" : "2026-05-22 03:29:59Z",
      "mag_author" : null,
      "longitude" : 16.007,
      "contributor_id" : null
    },
    "geometry" : {
      "type" : "Point",
      "coordinates" : [ 16.007, 39.0827 ]
    },
    "id" : "46000882"
  }, {
    "type" : "Feature",
    "properties" : {
      "depth_km" : 10.8,
      "author" : "SURVEY-INGV",
      "catalog" : null,
      "latitude" : 42.919,
      "event_id" : 46000842,
      "contributor" : null,
      "mag_type" : "ML",
      "event_location_name" : "5 km NE Sellano (PG)",
      "magnitude" : 1.1,
      "time" : "2026-05-22 02:59:01Z",
      "mag_author" : null,
      "longitude" : 12.9775,
      "contributor_id" : null
    },
    "geometry" : {
      "type" : "Point",
      "coordinates" : [ 12.9775, 42.919 ]
    },
    "id" : "46000842"
  }, {
    "type" : "Feature",
    "properties" : {
      "depth_km" : 11.1,
      "author" : "SURVEY-INGV",
      "catalog" : null,
      "latitude" : 46.255,
      "event_id" : 46000672,
      "contributor" : null,
      "mag_type" : "ML",
      "event_location_name" : "Svizzera (SVIZZERA)",
      "magnitude" : 1.4,
      "time" : "2026-05-22 02:33:48Z",
      "mag_author" : null,
      "longitude" : 7.2932,
      "contributor_id" : null
    },
    "geometry" : {
      "type" : "Point",
      "coordinates" : [ 7.2932, 46.255 ]
    },
    "id" : "46000672"
  }, {
    "type" : "Feature",
    "properties" : {
      "depth_km" : 11.0,
      "author" : "SURVEY-INGV",
      "catalog" : null,
      "latitude" : 42.8662,
      "event_id" : 46000642,
      "contributor" : null,
      "mag_type" : "ML",
      "event_location_name" : "3 km S Sellano (PG)",
      "magnitude" : 0.9,
      "time" : "2026-05-22 02:32:02Z",
      "mag_author" : null,
      "longitude" : 12.936,
      "contributor_id" : null
    },
    "geometry" : {
      "type" : "Point",
      "coordinates" : [ 12.936, 42.8662 ]
    },
    "id" : "46000642"
  }, {
    "type" : "Feature",
    "properties" : {
      "depth_km" : 10.9,
      "author" : "SURVEY-INGV",
      "catalog" : null,
      "latitude" : 44.103,
      "event_id" : 46000622,
      "contributor" : null,
      "mag_type" : "ML",
      "event_location_name" : "4 km S Castiglione dei Pepoli (BO)",
      "magnitude" : 0.9,
      "time" : "2026-05-22 02:23:07Z",
      "mag_author" : null,
      "longitude" : 11.1553,
      "contributor_id" : null
    },
    "geometry" : {
      "type" : "Point",
      "coordinates" : [ 11.1553, 44.103 ]
    },
    "id" : "46000622"
  }, {
    "type" : "Feature",
    "properties" : {
      "depth_km" : 9.4,
      "author" : "SURVEY-INGV",
      "catalog" : null,
      "latitude" : 39.8132,
      "event_id" : 46000592,
      "contributor" : null,
      "mag_type" : "ML",
      "event_location_name" : "8 km W Morano Calabro (CS)",
      "magnitude" : 0.8,
      "time" : "2026-05-22 02:19:48Z",
      "mag_author" : null,
      "longitude" : 16.051,
      "contributor_id" : null
    },
    "geometry" : {
      "type" : "Point",
      "coordinates" : [ 16.051, 39.8132 ]
    },
    "id" : "46000592"
  }, {
    "type" : "Feature",
    "properties" : {
      "depth_km" : 10.9,
      "author" : "SURVEY-INGV",
      "catalog" : null,
      "latitude" : 42.9197,
      "event_id" : 46000532,
      "contributor" : null,
      "mag_type" : "ML",
      "event_location_name" : "5 km NE Sellano (PG)",
      "magnitude" : 1.2,
      "time" : "2026-05-22 02:07:19Z",
      "mag_author" : null,
      "longitude" : 12.9812,
      "contributor_id" : null
    },
    "geometry" : {
      "type" : "Point",
      "coordinates" : [ 12.9812, 42.9197 ]
    },
    "id" : "46000532"
  }, {
    "type" : "Feature",
    "properties" : {
      "depth_km" : 8.8,
      "author" : "SURVEY-INGV",
      "catalog" : null,
      "latitude" : 42.7807,
      "event_id" : 46000492,
      "contributor" : null,
      "mag_type" : "ML",
      "event_location_name" : "8 km E Norcia (PG)",
      "magnitude" : 1.9,
      "time" : "2026-05-22 01:49:16Z",
      "mag_author" : null,
      "longitude" : 13.1948,
      "contributor_id" : null
    },
    "geometry" : {
      "type" : "Point",
      "coordinates" : [ 13.1948, 42.7807 ]
    },
    "id" : "46000492"
  }, {
    "type" : "Feature",
    "properties" : {
      "depth_km" : 9.0,
      "author" : "SURVEY-INGV",
      "catalog" : null,
      "latitude" : 42.7823,
      "event_id" : 46000442,
      "contributor" : null,
      "mag_type" : "ML",
      "event_location_name" : "8 km E Norcia (PG)",
      "magnitude" : 1.8,
      "time" : "2026-05-22 01:43:18Z",
      "mag_author" : null,
      "longitude" : 13.1947,
      "contributor_id" : null
    },
    "geometry" : {
      "type" : "Point",
      "coordinates" : [ 13.1947, 42.7823 ]
    },
    "id" : "46000442"
  }, {
    "type" : "Feature",
    "properties" : {
      "depth_km" : 10.8,
      "author" : "SURVEY-INGV",
      "catalog" : null,
      "latitude" : 44.1073,
      "event_id" : 46000412,
      "contributor" : null,
      "mag_type" : "ML",
      "event_location_name" : "4 km S Castiglione dei Pepoli (BO)",
      "magnitude" : 1.0,
      "time" : "2026-05-22 01:36:53Z",
      "mag_author" : null,
      "longitude" : 11.1548,
      "contributor_id" : null
    },
    "geometry" : {
      "type" : "Point",
      "coordinates" : [ 11.1548, 44.1073 ]
    },
    "id" : "46000412"
  }, {
    "type" : "Feature",
    "properties" : {
      "depth_km" : 10.0,
      "author" : "SURVEY-INGV",
      "catalog" : null,
      "latitude" : 44.0913,
      "event_id" : 46000392,
      "contributor" : null,
      "mag_type" : "ML",
      "event_location_name" : "4 km N Vernio (PO)",
      "magnitude" : 1.5,
      "time" : "2026-05-22 01:28:37Z",
      "mag_author" : null,
      "longitude" : 11.1617,
      "contributor_id" : null
    },
    "geometry" : {
      "type" : "Point",
      "coordinates" : [ 11.1617, 44.0913 ]
    },
    "id" : "46000392"
  }, {
    "type" : "Feature",
    "properties" : {
      "depth_km" : 9.6,
      "author" : "SURVEY-INGV",
      "catalog" : null,
      "latitude" : 44.0968,
      "event_id" : 46000342,
      "contributor" : null,
      "mag_type" : "ML",
      "event_location_name" : "5 km N Vernio (PO)",
      "magnitude" : 1.6,
      "time" : "2026-05-22 01:18:11Z",
      "mag_author" : null,
      "longitude" : 11.1548,
      "contributor_id" : null
    },
    "geometry" : {
      "type" : "Point",
      "coordinates" : [ 11.1548, 44.0968 ]
    },
    "id" : "46000342"
  }, {
    "type" : "Feature",
    "properties" : {
      "depth_km" : 10.0,
      "author" : "SURVEY-INGV",
      "catalog" : null,
      "latitude" : 44.1062,
      "event_id" : 46000272,
      "contributor" : null,
      "mag_type" : "ML",
      "event_location_name" : "4 km S Castiglione dei Pepoli (BO)",
      "magnitude" : 1.6,
      "time" : "2026-05-22 01:16:14Z",
      "mag_author" : null,
      "longitude" : 11.1557,
      "contributor_id" : null
    },
    "geometry" : {
      "type" : "Point",
      "coordinates" : [ 11.1557, 44.1062 ]
    },
    "id" : "46000272"
  }, {
    "type" : "Feature",
    "properties" : {
      "depth_km" : 9.3,
      "author" : "SURVEY-INGV",
      "catalog" : null,
      "latitude" : 44.0897,
      "event_id" : 46000242,
      "contributor" : null,
      "mag_type" : "ML",
      "event_location_name" : "4 km N Vernio (PO)",
      "magnitude" : 2.1,
      "time" : "2026-05-22 01:15:14Z",
      "mag_author" : null,
      "longitude" : 11.147,
      "contributor_id" : null
    },
    "geometry" : {
      "type" : "Point",
      "coordinates" : [ 11.147, 44.0897 ]
    },
    "id" : "46000242"
  }, {
    "type" : "Feature",
    "properties" : {
      "depth_km" : 10.7,
      "author" : "SURVEY-INGV",
      "catalog" : null,
      "latitude" : 42.8638,
      "event_id" : 46000212,
      "contributor" : null,
      "mag_type" : "ML",
      "event_location_name" : "3 km S Sellano (PG)",
      "magnitude" : 0.5,
      "time" : "2026-05-22 01:11:58Z",
      "mag_author" : null,
      "longitude" : 12.9288,
      "contributor_id" : null
    },
    "geometry" : {
      "type" : "Point",
      "coordinates" : [ 12.9288, 42.8638 ]
    },
    "id" : "46000212"
  }, {
    "type" : "Feature",
    "properties" : {
      "depth_km" : 10.9,
      "author" : "SURVEY-INGV",
      "catalog" : null,
      "latitude" : 42.8667,
      "event_id" : 46000182,
      "contributor" : null,
      "mag_type" : "ML",
      "event_location_name" : "3 km S Sellano (PG)",
      "magnitude" : 0.8,
      "time" : "2026-05-22 01:09:00Z",
      "mag_author" : null,
      "longitude" : 12.9303,
      "contributor_id" : null
    },
    "geometry" : {
      "type" : "Point",
      "coordinates" : [ 12.9303, 42.8667 ]
    },
    "id" : "46000182"
  }, {
    "type" : "Feature",
    "properties" : {
      "depth_km" : 9.9,
      "author" : "SURVEY-INGV",
      "catalog" : null,
      "latitude" : 42.8657,
      "event_id" : 46000142,
      "contributor" : null,
      "mag_type" : "ML",
      "event_location_name" : "3 km S Sellano (PG)",
      "magnitude" : 1.2,
      "time" : "2026-05-22 01:08:10Z",
      "mag_author" : null,
      "longitude" : 12.9215,
      "contributor_id" : null
    },
    "geometry" : {
      "type" : "Point",
      "coordinates" : [ 12.9215, 42.8657 ]
    },
    "id" : "46000142"
  }, {
    "type" : "Feature",
    "properties" : {
      "depth_km" : 46.484,
      "author" : "SURVEY-INGV-A",
      "catalog" : null,
      "latitude" : 1.03711,
      "event_id" : 46000112,
      "contributor" : null,
      "mag_type" : "Mwp",
      "event_location_name" : "Indonesia [Sea]",
      "magnitude" : 5.6,
      "time" : "2026-05-22 01:05:10Z",
      "mag_author" : null,
      "longitude" : 126.221,
      "contributor_id" : null
    },
    "geometry" : {
      "type" : "Point",
      "coordinates" : [ 126.221, 1.03711 ]
    },
    "id" : "46000112"
  }, {
    "type" : "Feature",
    "properties" : {
      "depth_km" : 10.0,
      "author" : "SURVEY-INGV",
      "catalog" : null,
      "latitude" : 43.4928,
      "event_id" : 46000062,
      "contributor" : null,
      "mag_type" : "ML",
      "event_location_name" : "6 km NE Città di Castello (PG)",
      "magnitude" : 0.8,
      "time" : "2026-05-22 01:00:11Z",
      "mag_author" : null,
      "longitude" : 12.2963,
      "contributor_id" : null
    },
    "geometry" : {
      "type" : "Point",
      "coordinates" : [ 12.2963, 43.4928 ]
    },
    "id" : "46000062"
  }, {
    "type" : "Feature",
    "properties" : {
      "depth_km" : 8.2,
      "author" : "SURVEY-INGV",
      "catalog" : null,
      "latitude" : 42.9607,
      "event_id" : 46000012,
      "contributor" : null,
      "mag_type" : "ML",
      "event_location_name" : "8 km NW Sellano (PG)",
      "magnitude" : 0.9,
      "time" : "2026-05-22 00:38:24Z",
      "mag_author" : null,
      "longitude" : 12.8927,
      "contributor_id" : null
    },
    "geometry" : {
      "type" : "Point",
      "coordinates" : [ 12.8927, 42.9607 ]
    },
    "id" : "46000012"
  }, {
    "type" : "Feature",
    "properties" : {
      "depth_km" : 11.0,
      "author" : "SURVEY-INGV",
      "catalog" : null,
      "latitude" : 42.9195,
      "event_id" : 45999932,
      "contributor" : null,
      "mag_type" : "ML",
      "event_location_name" : "5 km NE Sellano (PG)",
      "magnitude" : 0.8,
      "time" : "2026-05-22 00:26:18Z",
      "mag_author" : null,
      "longitude" : 12.9807,
      "contributor_id" : null
    },
    "geometry" : {
      "type" : "Point",
      "coordinates" : [ 12.9807, 42.9195 ]
    },
    "id" : "45999932"
  }, {
    "type" : "Feature",
    "properties" : {
      "depth_km" : 10.8,
      "author" : "SURVEY-INGV",
      "catalog" : null,
      "latitude" : 46.4082,
      "event_id" : 45999912,
      "contributor" : null,
      "mag_type" : "ML",
      "event_location_name" : "1 km NW Rabbi (TN)",
      "magnitude" : 0.6,
      "time" : "2026-05-22 00:16:13Z",
      "mag_author" : null,
      "longitude" : 10.8427,
      "contributor_id" : null
    },
    "geometry" : {
      "type" : "Point",
      "coordinates" : [ 10.8427, 46.4082 ]
    },
    "id" : "45999912"
  }, {
    "type" : "Feature",
    "properties" : {
      "depth_km" : 8.1,
      "author" : "SURVEY-INGV",
      "catalog" : null,
      "latitude" : 42.7878,
      "event_id" : 45999822,
      "contributor" : null,
      "mag_type" : "ML",
      "event_location_name" : "1 km NW Massa Martana (PG)",
      "magnitude" : 1.0,
      "time" : "2026-05-21 23:43:24Z",
      "mag_author" : null,
      "longitude" : 12.5148,
      "contributor_id" : null
    },
    "geometry" : {
      "type" : "Point",
      "coordinates" : [ 12.5148, 42.7878 ]
    },
    "id" : "45999822"
  }, {
    "type" : "Feature",
    "properties" : {
      "depth_km" : 8.6,
      "author" : "SURVEY-INGV",
      "catalog" : null,
      "latitude" : 38.4322,
      "event_id" : 45999812,
      "contributor" : null,
      "mag_type" : "ML",
      "event_location_name" : "Isole Eolie (Messina)",
      "magnitude" : 1.2,
      "time" : "2026-05-21 23:36:45Z",
      "mag_author" : null,
      "longitude" : 14.7772,
      "contributor_id" : null
    },
    "geometry" : {
      "type" : "Point",
      "coordinates" : [ 14.7772, 38.4322 ]
    },
    "id" : "45999812"
  }, {
    "type" : "Feature",
    "properties" : {
      "depth_km" : 7.7,
      "author" : "SURVEY-INGV",
      "catalog" : null,
      "latitude" : 43.0247,
      "event_id" : 45999772,
      "contributor" : null,
      "mag_type" : "ML",
      "event_location_name" : "8 km SW Serravalle di Chienti (MC)",
      "magnitude" : 1.0,
      "time" : "2026-05-21 23:28:21Z",
      "mag_author" : null,
      "longitude" : 12.8762,
      "contributor_id" : null
    },
    "geometry" : {
      "type" : "Point",
      "coordinates" : [ 12.8762, 43.0247 ]
    },
    "id" : "45999772"
  }, {
    "type" : "Feature",
    "properties" : {
      "depth_km" : 85.6,
      "author" : "SURVEY-INGV",
      "catalog" : null,
      "latitude" : 39.6063,
      "event_id" : 45999692,
      "contributor" : null,
      "mag_type" : "ML",
      "event_location_name" : "Costa Calabra nord-occidentale (Cosenza)",
      "magnitude" : 1.7,
      "time" : "2026-05-21 23:15:43Z",
      "mag_author" : null,
      "longitude" : 15.7775,
      "contributor_id" : null
    },
    "geometry" : {
      "type" : "Point",
      "coordinates" : [ 15.7775, 39.6063 ]
    },
    "id" : "45999692"
  }, {
    "type" : "Feature",
    "properties" : {
      "depth_km" : 11.2,
      "author" : "SURVEY-INGV",
      "catalog" : null,
      "latitude" : 43.5368,
      "event_id" : 45999602,
      "contributor" : null,
      "mag_type" : "ML",
      "event_location_name" : "2 km SE Cagli (PU)",
      "magnitude" : 0.8,
      "time" : "2026-05-21 23:04:58Z",
      "mag_author" : null,
      "longitude" : 12.6692,
      "contributor_id" : null
    },
    "geometry" : {
      "type" : "Point",
      "coordinates" : [ 12.6692, 43.5368 ]
    },
    "id" : "45999602"
  }, {
    "type" : "Feature",
    "properties" : {
      "depth_km" : 11.4,
      "author" : "SURVEY-INGV",
      "catalog" : null,
      "latitude" : 42.6702,
      "event_id" : 45999552,
      "contributor" : null,
      "mag_type" : "ML",
      "event_location_name" : "2 km NW Monteleone di Spoleto (PG)",
      "magnitude" : 1.5,
      "time" : "2026-05-21 22:48:23Z",
      "mag_author" : null,
      "longitude" : 12.9398,
      "contributor_id" : null
    },
    "geometry" : {
      "type" : "Point",
      "coordinates" : [ 12.9398, 42.6702 ]
    },
    "id" : "45999552"
  }, {
    "type" : "Feature",
    "properties" : {
      "depth_km" : 10.2,
      "author" : "SURVEY-INGV",
      "catalog" : null,
      "latitude" : 43.2453,
      "event_id" : 45999512,
      "contributor" : null,
      "mag_type" : "ML",
      "event_location_name" : "3 km NW San Severino Marche (MC)",
      "magnitude" : 0.6,
      "time" : "2026-05-21 22:25:44Z",
      "mag_author" : null,
      "longitude" : 13.1503,
      "contributor_id" : null
    },
    "geometry" : {
      "type" : "Point",
      "coordinates" : [ 13.1503, 43.2453 ]
    },
    "id" : "45999512"
  }, {
    "type" : "Feature",
    "properties" : {
      "depth_km" : 10.0,
      "author" : "SURVEY-INGV",
      "catalog" : null,
      "latitude" : 42.8803,
      "event_id" : 45999492,
      "contributor" : null,
      "mag_type" : "ML",
      "event_location_name" : "2 km E Sellano (PG)",
      "magnitude" : 0.5,
      "time" : "2026-05-21 22:11:11Z",
      "mag_author" : null,
      "longitude" : 12.9523,
      "contributor_id" : null
    },
    "geometry" : {
      "type" : "Point",
      "coordinates" : [ 12.9523, 42.8803 ]
    },
    "id" : "45999492"
  }, {
    "type" : "Feature",
    "properties" : {
      "depth_km" : 10.2,
      "author" : "SURVEY-INGV",
      "catalog" : null,
      "latitude" : 42.7372,
      "event_id" : 45999452,
      "contributor" : null,
      "mag_type" : "ML",
      "event_location_name" : "1 km E Sant'Anatolia di Narco (PG)",
      "magnitude" : 0.7,
      "time" : "2026-05-21 22:05:09Z",
      "mag_author" : null,
      "longitude" : 12.8517,
      "contributor_id" : null
    },
    "geometry" : {
      "type" : "Point",
      "coordinates" : [ 12.8517, 42.7372 ]
    },
    "id" : "45999452"
  }, {
    "type" : "Feature",
    "properties" : {
      "depth_km" : 7.8,
      "author" : "SURVEY-INGV",
      "catalog" : null,
      "latitude" : 43.0513,
      "event_id" : 45999372,
      "contributor" : null,
      "mag_type" : "ML",
      "event_location_name" : "8 km W Serravalle di Chienti (MC)",
      "magnitude" : 0.5,
      "time" : "2026-05-21 21:46:39Z",
      "mag_author" : null,
      "longitude" : 12.8648,
      "contributor_id" : null
    },
    "geometry" : {
      "type" : "Point",
      "coordinates" : [ 12.8648, 43.0513 ]
    },
    "id" : "45999372"
  }, {
    "type" : "Feature",
    "properties" : {
      "depth_km" : 9.8,
      "author" : "SURVEY-INGV",
      "catalog" : null,
      "latitude" : 42.8602,
      "event_id" : 45999282,
      "contributor" : null,
      "mag_type" : "ML",
      "event_location_name" : "3 km S Sellano (PG)",
      "magnitude" : 1.5,
      "time" : "2026-05-21 21:23:53Z",
      "mag_author" : null,
      "longitude" : 12.9317,
      "contributor_id" : null
    },
    "geometry" : {
      "type" : "Point",
      "coordinates" : [ 12.9317, 42.8602 ]
    },
    "id" : "45999282"
  }, {
    "type" : "Feature",
    "properties" : {
      "depth_km" : 133.5,
      "author" : "SURVEY-INGV",
      "catalog" : null,
      "latitude" : 38.4857,
      "event_id" : 45999052,
      "contributor" : null,
      "mag_type" : "ML",
      "event_location_name" : "Tirreno Meridionale [Mare]",
      "magnitude" : 2.4,
      "time" : "2026-05-21 20:17:46Z",
      "mag_author" : null,
      "longitude" : 15.5238,
      "contributor_id" : null
    },
    "geometry" : {
      "type" : "Point",
      "coordinates" : [ 15.5238, 38.4857 ]
    },
    "id" : "45999052"
  }, {
    "type" : "Feature",
    "properties" : {
      "depth_km" : 133.5,
      "author" : "SURVEY-INGV",
      "catalog" : null,
      "latitude" : 38.4857,
      "event_id" : 45999052,
      "contributor" : null,
      "mag_type" : "ML",
      "event_location_name" : "Tirreno Meridionale [Mare]",
      "magnitude" : 2.4,
      "time" : "2026-05-21 20:17:46Z",
      "mag_author" : null,
      "longitude" : 15.5238,
      "contributor_id" : null
    },
    "geometry" : {
      "type" : "Point",
      "coordinates" : [ 15.5238, 38.4857 ]
    },
    "id" : "45999052"
  }, {
    "type" : "Feature",
    "properties" : {
      "depth_km" : 8.4,
      "author" : "SURVEY-INGV",
      "catalog" : null,
      "latitude" : 43.2975,
      "event_id" : 45999042,
      "contributor" : null,
      "mag_type" : "ML",
      "event_location_name" : "6 km N Gagliole (MC)",
      "magnitude" : 0.9,
      "time" : "2026-05-21 20:16:21Z",
      "mag_author" : null,
      "longitude" : 13.079,
      "contributor_id" : null
    },
    "geometry" : {
      "type" : "Point",
      "coordinates" : [ 13.079, 43.2975 ]
    },
    "id" : "45999042"
  }, {
    "type" : "Feature",
    "properties" : {
      "depth_km" : 10.4,
      "author" : "SURVEY-INGV",
      "catalog" : null,
      "latitude" : 43.2767,
      "event_id" : 45998992,
      "contributor" : null,
      "mag_type" : "ML",
      "event_location_name" : "8 km W Fossato di Vico (PG)",
      "magnitude" : 0.9,
      "time" : "2026-05-21 20:09:41Z",
      "mag_author" : null,
      "longitude" : 12.6637,
      "contributor_id" : null
    },
    "geometry" : {
      "type" : "Point",
      "coordinates" : [ 12.6637, 43.2767 ]
    },
    "id" : "45998992"
  }, {
    "type" : "Feature",
    "properties" : {
      "depth_km" : 25.5,
      "author" : "SURVEY-INGV",
      "catalog" : null,
      "latitude" : 42.9757,
      "event_id" : 45998752,
      "contributor" : null,
      "mag_type" : "ML",
      "event_location_name" : "5 km E Bolognola (MC)",
      "magnitude" : 0.9,
      "time" : "2026-05-21 18:45:09Z",
      "mag_author" : null,
      "longitude" : 13.2888,
      "contributor_id" : null
    },
    "geometry" : {
      "type" : "Point",
      "coordinates" : [ 13.2888, 42.9757 ]
    },
    "id" : "45998752"
  }, {
    "type" : "Feature",
    "properties" : {
      "depth_km" : 10.2,
      "author" : "SURVEY-INGV",
      "catalog" : null,
      "latitude" : 42.9687,
      "event_id" : 45997852,
      "contributor" : null,
      "mag_type" : "ML",
      "event_location_name" : "7 km W Monte Cavallo (MC)",
      "magnitude" : 0.4,
      "time" : "2026-05-21 16:32:46Z",
      "mag_author" : null,
      "longitude" : 12.9302,
      "contributor_id" : null
    },
    "geometry" : {
      "type" : "Point",
      "coordinates" : [ 12.9302, 42.9687 ]
    },
    "id" : "45997852"
  }, {
    "type" : "Feature",
    "properties" : {
      "depth_km" : 25.7,
      "author" : "SURVEY-INGV",
      "catalog" : null,
      "latitude" : 37.1563,
      "event_id" : 45997792,
      "contributor" : null,
      "mag_type" : "ML",
      "event_location_name" : "Costa Siracusana (Siracusa)",
      "magnitude" : 1.3,
      "time" : "2026-05-21 16:25:40Z",
      "mag_author" : null,
      "longitude" : 15.3182,
      "contributor_id" : null
    },
    "geometry" : {
      "type" : "Point",
      "coordinates" : [ 15.3182, 37.1563 ]
    },
    "id" : "45997792"
  }, {
    "type" : "Feature",
    "properties" : {
      "depth_km" : 11.3,
      "author" : "SURVEY-INGV",
      "catalog" : null,
      "latitude" : 43.001,
      "event_id" : 45997132,
      "contributor" : null,
      "mag_type" : "ML",
      "event_location_name" : "2 km E Monte Cavallo (MC)",
      "magnitude" : 0.5,
      "time" : "2026-05-21 15:49:18Z",
      "mag_author" : null,
      "longitude" : 13.0272,
      "contributor_id" : null
    },
    "geometry" : {
      "type" : "Point",
      "coordinates" : [ 13.0272, 43.001 ]
    },
    "id" : "45997132"
  }, {
    "type" : "Feature",
    "properties" : {
      "depth_km" : 9.4,
      "author" : "SURVEY-INGV",
      "catalog" : null,
      "latitude" : 46.1375,
      "event_id" : 45996822,
      "contributor" : null,
      "mag_type" : "ML",
      "event_location_name" : "1 km S Albiano (TN)",
      "magnitude" : 1.2,
      "time" : "2026-05-21 15:19:15Z",
      "mag_author" : null,
      "longitude" : 11.1922,
      "contributor_id" : null
    },
    "geometry" : {
      "type" : "Point",
      "coordinates" : [ 11.1922, 46.1375 ]
    },
    "id" : "45996822"
  }, {
    "type" : "Feature",
    "properties" : {
      "depth_km" : 8.1,
      "author" : "SURVEY-INGV",
      "catalog" : null,
      "latitude" : 46.1417,
      "event_id" : 45996602,
      "contributor" : null,
      "mag_type" : "ML",
      "event_location_name" : "1 km SW Albiano (TN)",
      "magnitude" : 1.0,
      "time" : "2026-05-21 15:02:16Z",
      "mag_author" : null,
      "longitude" : 11.1888,
      "contributor_id" : null
    },
    "geometry" : {
      "type" : "Point",
      "coordinates" : [ 11.1888, 46.1417 ]
    },
    "id" : "45996602"
  }, {
    "type" : "Feature",
    "properties" : {
      "depth_km" : 11.0,
      "author" : "SURVEY-INGV",
      "catalog" : null,
      "latitude" : 46.1798,
      "event_id" : 45996382,
      "contributor" : null,
      "mag_type" : "ML",
      "event_location_name" : "1 km W Cembra Lisignago (TN)",
      "magnitude" : 1.0,
      "time" : "2026-05-21 14:40:50Z",
      "mag_author" : null,
      "longitude" : 11.2073,
      "contributor_id" : null
    },
    "geometry" : {
      "type" : "Point",
      "coordinates" : [ 11.2073, 46.1798 ]
    },
    "id" : "45996382"
  }, {
    "type" : "Feature",
    "properties" : {
      "depth_km" : 10.6,
      "author" : "SURVEY-INGV",
      "catalog" : null,
      "latitude" : 42.9652,
      "event_id" : 45995982,
      "contributor" : null,
      "mag_type" : "ML",
      "event_location_name" : "4 km SE Monte Cavallo (MC)",
      "magnitude" : 0.8,
      "time" : "2026-05-21 14:07:05Z",
      "mag_author" : null,
      "longitude" : 13.037,
      "contributor_id" : null
    },
    "geometry" : {
      "type" : "Point",
      "coordinates" : [ 13.037, 42.9652 ]
    },
    "id" : "45995982"
  }, {
    "type" : "Feature",
    "properties" : {
      "depth_km" : 13.9,
      "author" : "SURVEY-INGV",
      "catalog" : null,
      "latitude" : 43.4842,
      "event_id" : 45995572,
      "contributor" : null,
      "mag_type" : "ML",
      "event_location_name" : "4 km SW Frontone (PU)",
      "magnitude" : 0.5,
      "time" : "2026-05-21 13:27:21Z",
      "mag_author" : null,
      "longitude" : 12.722,
      "contributor_id" : null
    },
    "geometry" : {
      "type" : "Point",
      "coordinates" : [ 12.722, 43.4842 ]
    },
    "id" : "45995572"
  }, {
    "type" : "Feature",
    "properties" : {
      "depth_km" : 9.2,
      "author" : "SURVEY-INGV",
      "catalog" : null,
      "latitude" : 44.3823,
      "event_id" : 45995482,
      "contributor" : null,
      "mag_type" : "ML",
      "event_location_name" : "4 km N Pietraporzio (CN)",
      "magnitude" : 1.3,
      "time" : "2026-05-21 13:24:30Z",
      "mag_author" : null,
      "longitude" : 7.0405,
      "contributor_id" : null
    },
    "geometry" : {
      "type" : "Point",
      "coordinates" : [ 7.0405, 44.3823 ]
    },
    "id" : "45995482"
  }, {
    "type" : "Feature",
    "properties" : {
      "depth_km" : 6.2,
      "author" : "SURVEY-INGV",
      "catalog" : null,
      "latitude" : 45.9822,
      "event_id" : 45993302,
      "contributor" : null,
      "mag_type" : "ML",
      "event_location_name" : "Confine Italia-Svizzera (SVIZZERA)",
      "magnitude" : 1.3,
      "time" : "2026-05-21 12:01:33Z",
      "mag_author" : null,
      "longitude" : 7.3863,
      "contributor_id" : null
    },
    "geometry" : {
      "type" : "Point",
      "coordinates" : [ 7.3863, 45.9822 ]
    },
    "id" : "45993302"
  }, {
    "type" : "Feature",
    "properties" : {
      "depth_km" : 12.7,
      "author" : "SURVEY-INGV",
      "catalog" : null,
      "latitude" : 43.269,
      "event_id" : 45972212,
      "contributor" : null,
      "mag_type" : "ML",
      "event_location_name" : "3 km SW Fossato di Vico (PG)",
      "magnitude" : 0.7,
      "time" : "2026-05-21 09:03:17Z",
      "mag_author" : null,
      "longitude" : 12.7447,
      "contributor_id" : null
    },
    "geometry" : {
      "type" : "Point",
      "coordinates" : [ 12.7447, 43.269 ]
    },
    "id" : "45972212"
  }, {
    "type" : "Feature",
    "properties" : {
      "depth_km" : 6.0,
      "author" : "SURVEY-INGV",
      "catalog" : null,
      "latitude" : 46.0652,
      "event_id" : 45962222,
      "contributor" : null,
      "mag_type" : "ML",
      "event_location_name" : "9 km W Porte di Rendena (TN)",
      "magnitude" : 1.7,
      "time" : "2026-05-21 08:25:04Z",
      "mag_author" : null,
      "longitude" : 10.6073,
      "contributor_id" : null
    },
    "geometry" : {
      "type" : "Point",
      "coordinates" : [ 10.6073, 46.0652 ]
    },
    "id" : "45962222"
  }, {
    "type" : "Feature",
    "properties" : {
      "depth_km" : 11.5,
      "author" : "SURVEY-INGV",
      "catalog" : null,
      "latitude" : 42.9577,
      "event_id" : 45944522,
      "contributor" : null,
      "mag_type" : "ML",
      "event_location_name" : "5 km SW Monte Cavallo (MC)",
      "magnitude" : 0.4,
      "time" : "2026-05-21 07:44:07Z",
      "mag_author" : null,
      "longitude" : 12.9698,
      "contributor_id" : null
    },
    "geometry" : {
      "type" : "Point",
      "coordinates" : [ 12.9698, 42.9577 ]
    },
    "id" : "45944522"
  }, {
    "type" : "Feature",
    "properties" : {
      "depth_km" : 11.1,
      "author" : "SURVEY-INGV",
      "catalog" : null,
      "latitude" : 42.7888,
      "event_id" : 45940502,
      "contributor" : null,
      "mag_type" : "ML",
      "event_location_name" : "4 km W Arquata del Tronto (AP)",
      "magnitude" : 1.1,
      "time" : "2026-05-21 07:40:27Z",
      "mag_author" : null,
      "longitude" : 13.2495,
      "contributor_id" : null
    },
    "geometry" : {
      "type" : "Point",
      "coordinates" : [ 13.2495, 42.7888 ]
    },
    "id" : "45940502"
  }, {
    "type" : "Feature",
    "properties" : {
      "depth_km" : 3.3,
      "author" : "SURVEY-INGV",
      "catalog" : null,
      "latitude" : 43.5098,
      "event_id" : 45929262,
      "contributor" : null,
      "mag_type" : "ML",
      "event_location_name" : "4 km NE Cantiano (PU)",
      "magnitude" : 0.8,
      "time" : "2026-05-21 06:43:34Z",
      "mag_author" : null,
      "longitude" : 12.6463,
      "contributor_id" : null
    },
    "geometry" : {
      "type" : "Point",
      "coordinates" : [ 12.6463, 43.5098 ]
    },
    "id" : "45929262"
  }, {
    "type" : "Feature",
    "properties" : {
      "depth_km" : 7.0,
      "author" : "SURVEY-INGV",
      "catalog" : null,
      "latitude" : 46.3128,
      "event_id" : 45928302,
      "contributor" : null,
      "mag_type" : "ML",
      "event_location_name" : "3 km N Cimolais (PN)",
      "magnitude" : 0.9,
      "time" : "2026-05-21 05:08:29Z",
      "mag_author" : null,
      "longitude" : 12.4398,
      "contributor_id" : null
    },
    "geometry" : {
      "type" : "Point",
      "coordinates" : [ 12.4398, 46.3128 ]
    },
    "id" : "45928302"
  }, {
    "type" : "Feature",
    "properties" : {
      "depth_km" : 2.95,
      "author" : "SURVEY-INGV-OV#SiSmi",
      "catalog" : null,
      "latitude" : 40.803333,
      "event_id" : 45927742,
      "contributor" : null,
      "mag_type" : "Md",
      "event_location_name" : "Campi Flegrei",
      "magnitude" : 2.1,
      "time" : "2026-05-21 03:57:37Z",
      "mag_author" : null,
      "longitude" : 14.105,
      "contributor_id" : null
    },
    "geometry" : {
      "type" : "Point",
      "coordinates" : [ 14.105, 40.803333 ]
    },
    "id" : "45927742"
  }, {
    "type" : "Feature",
    "properties" : {
      "depth_km" : 3.68,
      "author" : "SURVEY-INGV-OV#SiSmi",
      "catalog" : null,
      "latitude" : 40.7995,
      "event_id" : 45927692,
      "contributor" : null,
      "mag_type" : "Md",
      "event_location_name" : "Campi Flegrei",
      "magnitude" : 1.2,
      "time" : "2026-05-21 03:53:46Z",
      "mag_author" : null,
      "longitude" : 14.101833,
      "contributor_id" : null
    },
    "geometry" : {
      "type" : "Point",
      "coordinates" : [ 14.101833, 40.7995 ]
    },
    "id" : "45927692"
  }, {
    "type" : "Feature",
    "properties" : {
      "depth_km" : 3.13,
      "author" : "SURVEY-INGV-OV#SiSmi",
      "catalog" : null,
      "latitude" : 40.806,
      "event_id" : 45927482,
      "contributor" : null,
      "mag_type" : "Md",
      "event_location_name" : "Campi Flegrei",
      "magnitude" : 4.4,
      "time" : "2026-05-21 03:50:52Z",
      "mag_author" : null,
      "longitude" : 14.106167,
      "contributor_id" : null
    },
    "geometry" : {
      "type" : "Point",
      "coordinates" : [ 14.106167, 40.806 ]
    },
    "id" : "45927482"
  }, {
    "type" : "Feature",
    "properties" : {
      "depth_km" : 7.4,
      "author" : "SURVEY-INGV",
      "catalog" : null,
      "latitude" : 42.7768,
      "event_id" : 45927302,
      "contributor" : null,
      "mag_type" : "ML",
      "event_location_name" : "1 km W Massa Martana (PG)",
      "magnitude" : 0.9,
      "time" : "2026-05-21 03:09:13Z",
      "mag_author" : null,
      "longitude" : 12.513,
      "contributor_id" : null
    },
    "geometry" : {
      "type" : "Point",
      "coordinates" : [ 12.513, 42.7768 ]
    },
    "id" : "45927302"
  }, {
    "type" : "Feature",
    "properties" : {
      "depth_km" : 9.4,
      "author" : "SURVEY-INGV",
      "catalog" : null,
      "latitude" : 44.1103,
      "event_id" : 45927272,
      "contributor" : null,
      "mag_type" : "ML",
      "event_location_name" : "7 km W Firenzuola (FI)",
      "magnitude" : 1.1,
      "time" : "2026-05-21 02:58:41Z",
      "mag_author" : null,
      "longitude" : 11.2902,
      "contributor_id" : null
    },
    "geometry" : {
      "type" : "Point",
      "coordinates" : [ 11.2902, 44.1103 ]
    },
    "id" : "45927272"
  }, {
    "type" : "Feature",
    "properties" : {
      "depth_km" : 9.8,
      "author" : "SURVEY-INGV",
      "catalog" : null,
      "latitude" : 43.7468,
      "event_id" : 45927222,
      "contributor" : null,
      "mag_type" : "ML",
      "event_location_name" : "6 km SW Verghereto (FC)",
      "magnitude" : 1.1,
      "time" : "2026-05-21 02:53:16Z",
      "mag_author" : null,
      "longitude" : 11.9797,
      "contributor_id" : null
    },
    "geometry" : {
      "type" : "Point",
      "coordinates" : [ 11.9797, 43.7468 ]
    },
    "id" : "45927222"
  }, {
    "type" : "Feature",
    "properties" : {
      "depth_km" : 11.1,
      "author" : "SURVEY-INGV",
      "catalog" : null,
      "latitude" : 44.5218,
      "event_id" : 45927112,
      "contributor" : null,
      "mag_type" : "ML",
      "event_location_name" : "5 km N Acceglio (CN)",
      "magnitude" : 1.1,
      "time" : "2026-05-21 02:40:49Z",
      "mag_author" : null,
      "longitude" : 6.9982,
      "contributor_id" : null
    },
    "geometry" : {
      "type" : "Point",
      "coordinates" : [ 6.9982, 44.5218 ]
    },
    "id" : "45927112"
  }, {
    "type" : "Feature",
    "properties" : {
      "depth_km" : 10.1,
      "author" : "SURVEY-INGV",
      "catalog" : null,
      "latitude" : 43.7512,
      "event_id" : 45927032,
      "contributor" : null,
      "mag_type" : "ML",
      "event_location_name" : "6 km SW Verghereto (FC)",
      "magnitude" : 1.0,
      "time" : "2026-05-21 02:17:20Z",
      "mag_author" : null,
      "longitude" : 11.9695,
      "contributor_id" : null
    },
    "geometry" : {
      "type" : "Point",
      "coordinates" : [ 11.9695, 43.7512 ]
    },
    "id" : "45927032"
  }, {
    "type" : "Feature",
    "properties" : {
      "depth_km" : 11.0,
      "author" : "SURVEY-INGV",
      "catalog" : null,
      "latitude" : 44.3687,
      "event_id" : 45926982,
      "contributor" : null,
      "mag_type" : "ML",
      "event_location_name" : "5 km SW Monterosso Grana (CN)",
      "magnitude" : 1.0,
      "time" : "2026-05-21 01:58:49Z",
      "mag_author" : null,
      "longitude" : 7.3067,
      "contributor_id" : null
    },
    "geometry" : {
      "type" : "Point",
      "coordinates" : [ 7.3067, 44.3687 ]
    },
    "id" : "45926982"
  }, {
    "type" : "Feature",
    "properties" : {
      "depth_km" : 8.5,
      "author" : "SURVEY-INGV",
      "catalog" : null,
      "latitude" : 43.7502,
      "event_id" : 45926892,
      "contributor" : null,
      "mag_type" : "ML",
      "event_location_name" : "6 km NE Chiusi della Verna (AR)",
      "magnitude" : 1.3,
      "time" : "2026-05-21 01:42:50Z",
      "mag_author" : null,
      "longitude" : 11.9578,
      "contributor_id" : null
    },
    "geometry" : {
      "type" : "Point",
      "coordinates" : [ 11.9578, 43.7502 ]
    },
    "id" : "45926892"
  }, {
    "type" : "Feature",
    "properties" : {
      "depth_km" : 8.4,
      "author" : "SURVEY-INGV",
      "catalog" : null,
      "latitude" : 43.7493,
      "event_id" : 45926852,
      "contributor" : null,
      "mag_type" : "ML",
      "event_location_name" : "6 km NE Chiusi della Verna (AR)",
      "magnitude" : 1.4,
      "time" : "2026-05-21 01:37:58Z",
      "mag_author" : null,
      "longitude" : 11.9578,
      "contributor_id" : null
    },
    "geometry" : {
      "type" : "Point",
      "coordinates" : [ 11.9578, 43.7493 ]
    },
    "id" : "45926852"
  }, {
    "type" : "Feature",
    "properties" : {
      "depth_km" : 15.3,
      "author" : "SURVEY-INGV",
      "catalog" : null,
      "latitude" : 37.8832,
      "event_id" : 45926772,
      "contributor" : null,
      "mag_type" : "ML",
      "event_location_name" : "5 km SE Calatafimi-Segesta (TP)",
      "magnitude" : 1.4,
      "time" : "2026-05-21 01:34:38Z",
      "mag_author" : null,
      "longitude" : 12.9097,
      "contributor_id" : null
    },
    "geometry" : {
      "type" : "Point",
      "coordinates" : [ 12.9097, 37.8832 ]
    },
    "id" : "45926772"
  }, {
    "type" : "Feature",
    "properties" : {
      "depth_km" : 11.0,
      "author" : "SURVEY-INGV",
      "catalog" : null,
      "latitude" : 45.807,
      "event_id" : 45926702,
      "contributor" : null,
      "mag_type" : "ML",
      "event_location_name" : "6 km SE Oyace (AO)",
      "magnitude" : 0.8,
      "time" : "2026-05-21 01:03:04Z",
      "mag_author" : null,
      "longitude" : 7.4333,
      "contributor_id" : null
    },
    "geometry" : {
      "type" : "Point",
      "coordinates" : [ 7.4333, 45.807 ]
    },
    "id" : "45926702"
  }, {
    "type" : "Feature",
    "properties" : {
      "depth_km" : 4.58,
      "author" : "SURVEY-INGV-OV#SiSmi",
      "catalog" : null,
      "latitude" : 40.8025,
      "event_id" : 45926592,
      "contributor" : null,
      "mag_type" : "Md",
      "event_location_name" : "Campi Flegrei",
      "magnitude" : 1.3,
      "time" : "2026-05-21 00:17:55Z",
      "mag_author" : null,
      "longitude" : 14.111833,
      "contributor_id" : null
    },
    "geometry" : {
      "type" : "Point",
      "coordinates" : [ 14.111833, 40.8025 ]
    },
    "id" : "45926592"
  }, {
    "type" : "Feature",
    "properties" : {
      "depth_km" : 10.7,
      "author" : "SURVEY-INGV",
      "catalog" : null,
      "latitude" : 42.784,
      "event_id" : 45926562,
      "contributor" : null,
      "mag_type" : "ML",
      "event_location_name" : "5 km SW Campello sul Clitunno (PG)",
      "magnitude" : 0.9,
      "time" : "2026-05-21 00:03:50Z",
      "mag_author" : null,
      "longitude" : 12.7365,
      "contributor_id" : null
    },
    "geometry" : {
      "type" : "Point",
      "coordinates" : [ 12.7365, 42.784 ]
    },
    "id" : "45926562"
  }, {
    "type" : "Feature",
    "properties" : {
      "depth_km" : 8.2,
      "author" : "SURVEY-INGV",
      "catalog" : null,
      "latitude" : 44.1133,
      "event_id" : 45926512,
      "contributor" : null,
      "mag_type" : "ML",
      "event_location_name" : "7 km W Firenzuola (FI)",
      "magnitude" : 1.5,
      "time" : "2026-05-20 23:59:02Z",
      "mag_author" : null,
      "longitude" : 11.2967,
      "contributor_id" : null
    },
    "geometry" : {
      "type" : "Point",
      "coordinates" : [ 11.2967, 44.1133 ]
    },
    "id" : "45926512"
  }, {
    "type" : "Feature",
    "properties" : {
      "depth_km" : 9.4,
      "author" : "SURVEY-INGV",
      "catalog" : null,
      "latitude" : 44.1163,
      "event_id" : 45926462,
      "contributor" : null,
      "mag_type" : "ML",
      "event_location_name" : "7 km W Firenzuola (FI)",
      "magnitude" : 1.1,
      "time" : "2026-05-20 23:57:12Z",
      "mag_author" : null,
      "longitude" : 11.2975,
      "contributor_id" : null
    },
    "geometry" : {
      "type" : "Point",
      "coordinates" : [ 11.2975, 44.1163 ]
    },
    "id" : "45926462"
  }, {
    "type" : "Feature",
    "properties" : {
      "depth_km" : 9.9,
      "author" : "SURVEY-INGV",
      "catalog" : null,
      "latitude" : 44.1245,
      "event_id" : 45926392,
      "contributor" : null,
      "mag_type" : "ML",
      "event_location_name" : "7 km W Firenzuola (FI)",
      "magnitude" : 0.9,
      "time" : "2026-05-20 23:40:14Z",
      "mag_author" : null,
      "longitude" : 11.2977,
      "contributor_id" : null
    },
    "geometry" : {
      "type" : "Point",
      "coordinates" : [ 11.2977, 44.1245 ]
    },
    "id" : "45926392"
  }, {
    "type" : "Feature",
    "properties" : {
      "depth_km" : 11.0,
      "author" : "SURVEY-INGV",
      "catalog" : null,
      "latitude" : 40.5177,
      "event_id" : 45926122,
      "contributor" : null,
      "mag_type" : "ML",
      "event_location_name" : "3 km W Abriola (PZ)",
      "magnitude" : 1.4,
      "time" : "2026-05-20 19:31:19Z",
      "mag_author" : null,
      "longitude" : 15.7733,
      "contributor_id" : null
    },
    "geometry" : {
      "type" : "Point",
      "coordinates" : [ 15.7733, 40.5177 ]
    },
    "id" : "45926122"
  }, {
    "type" : "Feature",
    "properties" : {
      "depth_km" : 25.6,
      "author" : "SURVEY-INGV",
      "catalog" : null,
      "latitude" : 42.9943,
      "event_id" : 45925942,
      "contributor" : null,
      "mag_type" : "ML",
      "event_location_name" : "3 km E Bolognola (MC)",
      "magnitude" : 1.1,
      "time" : "2026-05-20 18:32:14Z",
      "mag_author" : null,
      "longitude" : 13.2608,
      "contributor_id" : null
    },
    "geometry" : {
      "type" : "Point",
      "coordinates" : [ 13.2608, 42.9943 ]
    },
    "id" : "45925942"
  }, {
    "type" : "Feature",
    "properties" : {
      "depth_km" : 11.719,
      "author" : "SURVEY-INGV-A",
      "catalog" : null,
      "latitude" : -55.7508,
      "event_id" : 45925822,
      "contributor" : null,
      "mag_type" : "Mwp",
      "event_location_name" : "Southern East Pacific Rise [Sea]",
      "magnitude" : 6.3,
      "time" : "2026-05-20 17:43:05Z",
      "mag_author" : null,
      "longitude" : -122.574,
      "contributor_id" : null
    },
    "geometry" : {
      "type" : "Point",
      "coordinates" : [ -122.574, -55.7508 ]
    },
    "id" : "45925822"
  }, {
    "type" : "Feature",
    "properties" : {
      "depth_km" : 5.2,
      "author" : "SURVEY-INGV",
      "catalog" : null,
      "latitude" : 43.1607,
      "event_id" : 45925762,
      "contributor" : null,
      "mag_type" : "ML",
      "event_location_name" : "2 km NE Monterotondo Marittimo (GR)",
      "magnitude" : 1.5,
      "time" : "2026-05-20 17:29:56Z",
      "mag_author" : null,
      "longitude" : 10.8697,
      "contributor_id" : null
    },
    "geometry" : {
      "type" : "Point",
      "coordinates" : [ 10.8697, 43.1607 ]
    },
    "id" : "45925762"
  }, {
    "type" : "Feature",
    "properties" : {
      "depth_km" : 10.5,
      "author" : "SURVEY-INGV",
      "catalog" : null,
      "latitude" : 42.802,
      "event_id" : 45925292,
      "contributor" : null,
      "mag_type" : "ML",
      "event_location_name" : "7 km NE Acquasanta Terme (AP)",
      "magnitude" : 1.0,
      "time" : "2026-05-20 16:02:38Z",
      "mag_author" : null,
      "longitude" : 13.4788,
      "contributor_id" : null
    },
    "geometry" : {
      "type" : "Point",
      "coordinates" : [ 13.4788, 42.802 ]
    },
    "id" : "45925292"
  }, {
    "type" : "Feature",
    "properties" : {
      "depth_km" : 17.1,
      "author" : "SURVEY-INGV",
      "catalog" : null,
      "latitude" : 41.6645,
      "event_id" : 45924722,
      "contributor" : null,
      "mag_type" : "ML",
      "event_location_name" : "4 km W Pizzone (IS)",
      "magnitude" : 1.9,
      "time" : "2026-05-20 14:55:02Z",
      "mag_author" : null,
      "longitude" : 13.9897,
      "contributor_id" : null
    },
    "geometry" : {
      "type" : "Point",
      "coordinates" : [ 13.9897, 41.6645 ]
    },
    "id" : "45924722"
  }, {
    "type" : "Feature",
    "properties" : {
      "depth_km" : 18.6,
      "author" : "SURVEY-INGV",
      "catalog" : null,
      "latitude" : 42.9498,
      "event_id" : 45924542,
      "contributor" : null,
      "mag_type" : "ML",
      "event_location_name" : "6 km SE Bolognola (MC)",
      "magnitude" : 1.5,
      "time" : "2026-05-20 14:26:07Z",
      "mag_author" : null,
      "longitude" : 13.2552,
      "contributor_id" : null
    },
    "geometry" : {
      "type" : "Point",
      "coordinates" : [ 13.2552, 42.9498 ]
    },
    "id" : "45924542"
  }, {
    "type" : "Feature",
    "properties" : {
      "depth_km" : 10.3,
      "author" : "SURVEY-INGV",
      "catalog" : null,
      "latitude" : 43.1993,
      "event_id" : 45924382,
      "contributor" : null,
      "mag_type" : "ML",
      "event_location_name" : "4 km SW Gualdo Tadino (PG)",
      "magnitude" : 0.8,
      "time" : "2026-05-20 14:11:48Z",
      "mag_author" : null,
      "longitude" : 12.7642,
      "contributor_id" : null
    },
    "geometry" : {
      "type" : "Point",
      "coordinates" : [ 12.7642, 43.1993 ]
    },
    "id" : "45924382"
  }, {
    "type" : "Feature",
    "properties" : {
      "depth_km" : 10.8,
      "author" : "SURVEY-INGV",
      "catalog" : null,
      "latitude" : 44.5063,
      "event_id" : 45924062,
      "contributor" : null,
      "mag_type" : "ML",
      "event_location_name" : "9 km W Acceglio (CN)",
      "magnitude" : 0.6,
      "time" : "2026-05-20 13:32:02Z",
      "mag_author" : null,
      "longitude" : 6.8827,
      "contributor_id" : null
    },
    "geometry" : {
      "type" : "Point",
      "coordinates" : [ 6.8827, 44.5063 ]
    },
    "id" : "45924062"
  }, {
    "type" : "Feature",
    "properties" : {
      "depth_km" : 4.7,
      "author" : "SURVEY-INGV",
      "catalog" : null,
      "latitude" : 43.4008,
      "event_id" : 45923902,
      "contributor" : null,
      "mag_type" : "ML",
      "event_location_name" : "7 km NW Gubbio (PG)",
      "magnitude" : 0.5,
      "time" : "2026-05-20 13:06:43Z",
      "mag_author" : null,
      "longitude" : 12.514,
      "contributor_id" : null
    },
    "geometry" : {
      "type" : "Point",
      "coordinates" : [ 12.514, 43.4008 ]
    },
    "id" : "45923902"
  }, {
    "type" : "Feature",
    "properties" : {
      "depth_km" : 5.7,
      "author" : "SURVEY-INGV",
      "catalog" : null,
      "latitude" : 44.109,
      "event_id" : 45923012,
      "contributor" : null,
      "mag_type" : "ML",
      "event_location_name" : "1 km W Zuccarello (SV)",
      "magnitude" : 1.0,
      "time" : "2026-05-20 11:22:44Z",
      "mag_author" : null,
      "longitude" : 8.1038,
      "contributor_id" : null
    },
    "geometry" : {
      "type" : "Point",
      "coordinates" : [ 8.1038, 44.109 ]
    },
    "id" : "45923012"
  }, {
    "type" : "Feature",
    "properties" : {
      "depth_km" : 11.4,
      "author" : "SURVEY-INGV",
      "catalog" : null,
      "latitude" : 42.9888,
      "event_id" : 45922702,
      "contributor" : null,
      "mag_type" : "ML",
      "event_location_name" : "3 km E Monte Cavallo (MC)",
      "magnitude" : 0.4,
      "time" : "2026-05-20 10:58:44Z",
      "mag_author" : null,
      "longitude" : 13.0338,
      "contributor_id" : null
    },
    "geometry" : {
      "type" : "Point",
      "coordinates" : [ 13.0338, 42.9888 ]
    },
    "id" : "45922702"
  }, {
    "type" : "Feature",
    "properties" : {
      "depth_km" : 4.1,
      "author" : "SURVEY-INGV",
      "catalog" : null,
      "latitude" : 42.9933,
      "event_id" : 45922652,
      "contributor" : null,
      "mag_type" : "ML",
      "event_location_name" : "11 km W Monte Cavallo (MC)",
      "magnitude" : 1.4,
      "time" : "2026-05-20 10:48:10Z",
      "mag_author" : null,
      "longitude" : 12.8708,
      "contributor_id" : null
    },
    "geometry" : {
      "type" : "Point",
      "coordinates" : [ 12.8708, 42.9933 ]
    },
    "id" : "45922652"
  }, {
    "type" : "Feature",
    "properties" : {
      "depth_km" : 10.0,
      "author" : "SURVEY-INGV",
      "catalog" : null,
      "latitude" : 42.6283,
      "event_id" : 45922482,
      "contributor" : null,
      "mag_type" : "ML",
      "event_location_name" : "2 km NE Cittareale (RI)",
      "magnitude" : 1.7,
      "time" : "2026-05-20 10:17:05Z",
      "mag_author" : null,
      "longitude" : 13.1832,
      "contributor_id" : null
    },
    "geometry" : {
      "type" : "Point",
      "coordinates" : [ 13.1832, 42.6283 ]
    },
    "id" : "45922482"
  }, {
    "type" : "Feature",
    "properties" : {
      "depth_km" : 10.0,
      "author" : "SURVEY-INGV",
      "catalog" : null,
      "latitude" : 42.6283,
      "event_id" : 45922482,
      "contributor" : null,
      "mag_type" : "ML",
      "event_location_name" : "2 km NE Cittareale (RI)",
      "magnitude" : 1.7,
      "time" : "2026-05-20 10:17:05Z",
      "mag_author" : null,
      "longitude" : 13.1832,
      "contributor_id" : null
    },
    "geometry" : {
      "type" : "Point",
      "coordinates" : [ 13.1832, 42.6283 ]
    },
    "id" : "45922482"
  }, {
    "type" : "Feature",
    "properties" : {
      "depth_km" : 7.9,
      "author" : "SURVEY-INGV",
      "catalog" : null,
      "latitude" : 46.1338,
      "event_id" : 45922342,
      "contributor" : null,
      "mag_type" : "ML",
      "event_location_name" : "2 km SW Albiano (TN)",
      "magnitude" : 1.0,
      "time" : "2026-05-20 10:04:35Z",
      "mag_author" : null,
      "longitude" : 11.1777,
      "contributor_id" : null
    },
    "geometry" : {
      "type" : "Point",
      "coordinates" : [ 11.1777, 46.1338 ]
    },
    "id" : "45922342"
  }, {
    "type" : "Feature",
    "properties" : {
      "depth_km" : 5.8,
      "author" : "SURVEY-INGV",
      "catalog" : null,
      "latitude" : 43.1368,
      "event_id" : 45922092,
      "contributor" : null,
      "mag_type" : "ML",
      "event_location_name" : "5 km SW Serrapetrona (MC)",
      "magnitude" : 1.5,
      "time" : "2026-05-20 09:35:11Z",
      "mag_author" : null,
      "longitude" : 13.1562,
      "contributor_id" : null
    },
    "geometry" : {
      "type" : "Point",
      "coordinates" : [ 13.1562, 43.1368 ]
    },
    "id" : "45922092"
  }, {
    "type" : "Feature",
    "properties" : {
      "depth_km" : 11.3,
      "author" : "SURVEY-INGV",
      "catalog" : null,
      "latitude" : 42.8328,
      "event_id" : 45921872,
      "contributor" : null,
      "mag_type" : "ML",
      "event_location_name" : "5 km N Norcia (PG)",
      "magnitude" : 1.7,
      "time" : "2026-05-20 09:18:02Z",
      "mag_author" : null,
      "longitude" : 13.0805,
      "contributor_id" : null
    },
    "geometry" : {
      "type" : "Point",
      "coordinates" : [ 13.0805, 42.8328 ]
    },
    "id" : "45921872"
  }, {
    "type" : "Feature",
    "properties" : {
      "depth_km" : 12.4,
      "author" : "SURVEY-INGV",
      "catalog" : null,
      "latitude" : 40.8892,
      "event_id" : 45921112,
      "contributor" : null,
      "mag_type" : "ML",
      "event_location_name" : "3 km E Lioni (AV)",
      "magnitude" : 1.7,
      "time" : "2026-05-20 08:14:46Z",
      "mag_author" : null,
      "longitude" : 15.2177,
      "contributor_id" : null
    },
    "geometry" : {
      "type" : "Point",
      "coordinates" : [ 15.2177, 40.8892 ]
    },
    "id" : "45921112"
  }, {
    "type" : "Feature",
    "properties" : {
      "depth_km" : 5.0,
      "author" : "SURVEY-INGV",
      "catalog" : null,
      "latitude" : 43.4262,
      "event_id" : 45920872,
      "contributor" : null,
      "mag_type" : "ML",
      "event_location_name" : "3 km SW Serra San Quirico (AN)",
      "magnitude" : 0.5,
      "time" : "2026-05-20 07:47:02Z",
      "mag_author" : null,
      "longitude" : 12.9878,
      "contributor_id" : null
    },
    "geometry" : {
      "type" : "Point",
      "coordinates" : [ 12.9878, 43.4262 ]
    },
    "id" : "45920872"
  }, {
    "type" : "Feature",
    "properties" : {
      "depth_km" : 15.1,
      "author" : "SURVEY-INGV",
      "catalog" : null,
      "latitude" : 40.9147,
      "event_id" : 45920662,
      "contributor" : null,
      "mag_type" : "ML",
      "event_location_name" : "3 km S Torella dei Lombardi (AV)",
      "magnitude" : 0.9,
      "time" : "2026-05-20 07:28:15Z",
      "mag_author" : null,
      "longitude" : 15.1112,
      "contributor_id" : null
    },
    "geometry" : {
      "type" : "Point",
      "coordinates" : [ 15.1112, 40.9147 ]
    },
    "id" : "45920662"
  }, {
    "type" : "Feature",
    "properties" : {
      "depth_km" : 13.3,
      "author" : "SURVEY-INGV",
      "catalog" : null,
      "latitude" : 40.8935,
      "event_id" : 45920572,
      "contributor" : null,
      "mag_type" : "ML",
      "event_location_name" : "2 km NE Lioni (AV)",
      "magnitude" : 2.1,
      "time" : "2026-05-20 07:21:57Z",
      "mag_author" : null,
      "longitude" : 15.1972,
      "contributor_id" : null
    },
    "geometry" : {
      "type" : "Point",
      "coordinates" : [ 15.1972, 40.8935 ]
    },
    "id" : "45920572"
  }, {
    "type" : "Feature",
    "properties" : {
      "depth_km" : 9.8,
      "author" : "SURVEY-INGV",
      "catalog" : null,
      "latitude" : 42.547,
      "event_id" : 45920192,
      "contributor" : null,
      "mag_type" : "ML",
      "event_location_name" : "3 km SW Terni (TR)",
      "magnitude" : 1.9,
      "time" : "2026-05-20 06:48:18Z",
      "mag_author" : null,
      "longitude" : 12.613,
      "contributor_id" : null
    },
    "geometry" : {
      "type" : "Point",
      "coordinates" : [ 12.613, 42.547 ]
    },
    "id" : "45920192"
  }, {
    "type" : "Feature",
    "properties" : {
      "depth_km" : 2.0,
      "author" : "SURVEY-INGV",
      "catalog" : null,
      "latitude" : 43.598,
      "event_id" : 45920032,
      "contributor" : null,
      "mag_type" : "ML",
      "event_location_name" : "3 km E Piobbico (PU)",
      "magnitude" : 0.2,
      "time" : "2026-05-20 06:24:38Z",
      "mag_author" : null,
      "longitude" : 12.553,
      "contributor_id" : null
    },
    "geometry" : {
      "type" : "Point",
      "coordinates" : [ 12.553, 43.598 ]
    },
    "id" : "45920032"
  }, {
    "type" : "Feature",
    "properties" : {
      "depth_km" : 2.0,
      "author" : "SURVEY-INGV",
      "catalog" : null,
      "latitude" : 43.598,
      "event_id" : 45920032,
      "contributor" : null,
      "mag_type" : "ML",
      "event_location_name" : "3 km E Piobbico (PU)",
      "magnitude" : 0.2,
      "time" : "2026-05-20 06:24:38Z",
      "mag_author" : null,
      "longitude" : 12.553,
      "contributor_id" : null
    },
    "geometry" : {
      "type" : "Point",
      "coordinates" : [ 12.553, 43.598 ]
    },
    "id" : "45920032"
  }, {
    "type" : "Feature",
    "properties" : {
      "depth_km" : 8.984,
      "author" : "SURVEY-INGV-A",
      "catalog" : null,
      "latitude" : 38.2184,
      "event_id" : 45919622,
      "contributor" : null,
      "mag_type" : "Mwp",
      "event_location_name" : "Turkey",
      "magnitude" : 5.7,
      "time" : "2026-05-20 06:00:17Z",
      "mag_author" : null,
      "longitude" : 38.6385,
      "contributor_id" : null
    },
    "geometry" : {
      "type" : "Point",
      "coordinates" : [ 38.6385, 38.2184 ]
    },
    "id" : "45919622"
  }, {
    "type" : "Feature",
    "properties" : {
      "depth_km" : 5.0,
      "author" : "SURVEY-INGV",
      "catalog" : null,
      "latitude" : 39.8123,
      "event_id" : 45919342,
      "contributor" : null,
      "mag_type" : "ML",
      "event_location_name" : "3 km W San Basile (CS)",
      "magnitude" : 1.4,
      "time" : "2026-05-20 05:20:06Z",
      "mag_author" : null,
      "longitude" : 16.1247,
      "contributor_id" : null
    },
    "geometry" : {
      "type" : "Point",
      "coordinates" : [ 16.1247, 39.8123 ]
    },
    "id" : "45919342"
  }, {
    "type" : "Feature",
    "properties" : {
      "depth_km" : 55.859,
      "author" : "SURVEY-INGV-A",
      "catalog" : null,
      "latitude" : 27.3902,
      "event_id" : 45918982,
      "contributor" : null,
      "mag_type" : "Mwp",
      "event_location_name" : "Ryukyu Islands, Japan [Sea: Japan]",
      "magnitude" : 5.6,
      "time" : "2026-05-20 02:46:26Z",
      "mag_author" : null,
      "longitude" : 128.675,
      "contributor_id" : null
    },
    "geometry" : {
      "type" : "Point",
      "coordinates" : [ 128.675, 27.3902 ]
    },
    "id" : "45918982"
  }, {
    "type" : "Feature",
    "properties" : {
      "depth_km" : 10.0,
      "author" : "SURVEY-INGV",
      "catalog" : null,
      "latitude" : 43.1968,
      "event_id" : 45918922,
      "contributor" : null,
      "mag_type" : "ML",
      "event_location_name" : "4 km SW Gualdo Tadino (PG)",
      "magnitude" : 0.3,
      "time" : "2026-05-20 02:31:36Z",
      "mag_author" : null,
      "longitude" : 12.7712,
      "contributor_id" : null
    },
    "geometry" : {
      "type" : "Point",
      "coordinates" : [ 12.7712, 43.1968 ]
    },
    "id" : "45918922"
  }, {
    "type" : "Feature",
    "properties" : {
      "depth_km" : 7.7,
      "author" : "SURVEY-INGV",
      "catalog" : null,
      "latitude" : 43.4028,
      "event_id" : 45918872,
      "contributor" : null,
      "mag_type" : "ML",
      "event_location_name" : "7 km NW Gubbio (PG)",
      "magnitude" : 1.0,
      "time" : "2026-05-20 02:18:36Z",
      "mag_author" : null,
      "longitude" : 12.5192,
      "contributor_id" : null
    },
    "geometry" : {
      "type" : "Point",
      "coordinates" : [ 12.5192, 43.4028 ]
    },
    "id" : "45918872"
  }, {
    "type" : "Feature",
    "properties" : {
      "depth_km" : 7.6,
      "author" : "SURVEY-INGV",
      "catalog" : null,
      "latitude" : 43.4075,
      "event_id" : 45918822,
      "contributor" : null,
      "mag_type" : "ML",
      "event_location_name" : "8 km SE Pietralunga (PG)",
      "magnitude" : 0.5,
      "time" : "2026-05-20 02:08:19Z",
      "mag_author" : null,
      "longitude" : 12.5173,
      "contributor_id" : null
    },
    "geometry" : {
      "type" : "Point",
      "coordinates" : [ 12.5173, 43.4075 ]
    },
    "id" : "45918822"
  }, {
    "type" : "Feature",
    "properties" : {
      "depth_km" : 7.5,
      "author" : "SURVEY-INGV",
      "catalog" : null,
      "latitude" : 43.4017,
      "event_id" : 45918772,
      "contributor" : null,
      "mag_type" : "ML",
      "event_location_name" : "7 km NW Gubbio (PG)",
      "magnitude" : 0.3,
      "time" : "2026-05-20 01:40:55Z",
      "mag_author" : null,
      "longitude" : 12.5222,
      "contributor_id" : null
    },
    "geometry" : {
      "type" : "Point",
      "coordinates" : [ 12.5222, 43.4017 ]
    },
    "id" : "45918772"
  }, {
    "type" : "Feature",
    "properties" : {
      "depth_km" : 12.2,
      "author" : "SURVEY-INGV",
      "catalog" : null,
      "latitude" : 40.8887,
      "event_id" : 45918732,
      "contributor" : null,
      "mag_type" : "ML",
      "event_location_name" : "3 km E Lioni (AV)",
      "magnitude" : 1.6,
      "time" : "2026-05-20 01:12:42Z",
      "mag_author" : null,
      "longitude" : 15.2212,
      "contributor_id" : null
    },
    "geometry" : {
      "type" : "Point",
      "coordinates" : [ 15.2212, 40.8887 ]
    },
    "id" : "45918732"
  }, {
    "type" : "Feature",
    "properties" : {
      "depth_km" : 14.4,
      "author" : "SURVEY-INGV",
      "catalog" : null,
      "latitude" : 43.4772,
      "event_id" : 45918692,
      "contributor" : null,
      "mag_type" : "ML",
      "event_location_name" : "2 km SE Serra Sant'Abbondio (PU)",
      "magnitude" : 0.4,
      "time" : "2026-05-20 01:09:41Z",
      "mag_author" : null,
      "longitude" : 12.7797,
      "contributor_id" : null
    },
    "geometry" : {
      "type" : "Point",
      "coordinates" : [ 12.7797, 43.4772 ]
    },
    "id" : "45918692"
  }, {
    "type" : "Feature",
    "properties" : {
      "depth_km" : 9.9,
      "author" : "SURVEY-INGV",
      "catalog" : null,
      "latitude" : 42.5073,
      "event_id" : 45918642,
      "contributor" : null,
      "mag_type" : "ML",
      "event_location_name" : "2 km E Poggio Bustone (RI)",
      "magnitude" : 0.8,
      "time" : "2026-05-20 00:54:31Z",
      "mag_author" : null,
      "longitude" : 12.9078,
      "contributor_id" : null
    },
    "geometry" : {
      "type" : "Point",
      "coordinates" : [ 12.9078, 42.5073 ]
    },
    "id" : "45918642"
  }, {
    "type" : "Feature",
    "properties" : {
      "depth_km" : 9.6,
      "author" : "SURVEY-INGV",
      "catalog" : null,
      "latitude" : 43.4147,
      "event_id" : 45918592,
      "contributor" : null,
      "mag_type" : "ML",
      "event_location_name" : "7 km E Pietralunga (PG)",
      "magnitude" : 1.0,
      "time" : "2026-05-20 00:28:33Z",
      "mag_author" : null,
      "longitude" : 12.5147,
      "contributor_id" : null
    },
    "geometry" : {
      "type" : "Point",
      "coordinates" : [ 12.5147, 43.4147 ]
    },
    "id" : "45918592"
  }, {
    "type" : "Feature",
    "properties" : {
      "depth_km" : 11.0,
      "author" : "SURVEY-INGV",
      "catalog" : null,
      "latitude" : 42.2288,
      "event_id" : 45918572,
      "contributor" : null,
      "mag_type" : "ML",
      "event_location_name" : "4 km NE Borgorose (RI)",
      "magnitude" : 1.3,
      "time" : "2026-05-20 00:13:16Z",
      "mag_author" : null,
      "longitude" : 13.2572,
      "contributor_id" : null
    },
    "geometry" : {
      "type" : "Point",
      "coordinates" : [ 13.2572, 42.2288 ]
    },
    "id" : "45918572"
  }, {
    "type" : "Feature",
    "properties" : {
      "depth_km" : 11.0,
      "author" : "SURVEY-INGV",
      "catalog" : null,
      "latitude" : 42.2288,
      "event_id" : 45918572,
      "contributor" : null,
      "mag_type" : "ML",
      "event_location_name" : "4 km NE Borgorose (RI)",
      "magnitude" : 1.3,
      "time" : "2026-05-20 00:13:16Z",
      "mag_author" : null,
      "longitude" : 13.2572,
      "contributor_id" : null
    },
    "geometry" : {
      "type" : "Point",
      "coordinates" : [ 13.2572, 42.2288 ]
    },
    "id" : "45918572"
  }, {
    "type" : "Feature",
    "properties" : {
      "depth_km" : 9.1,
      "author" : "SURVEY-INGV",
      "catalog" : null,
      "latitude" : 42.7905,
      "event_id" : 45918472,
      "contributor" : null,
      "mag_type" : "ML",
      "event_location_name" : "8 km E Norcia (PG)",
      "magnitude" : 0.9,
      "time" : "2026-05-20 00:08:53Z",
      "mag_author" : null,
      "longitude" : 13.1897,
      "contributor_id" : null
    },
    "geometry" : {
      "type" : "Point",
      "coordinates" : [ 13.1897, 42.7905 ]
    },
    "id" : "45918472"
  }, {
    "type" : "Feature",
    "properties" : {
      "depth_km" : 9.1,
      "author" : "SURVEY-INGV",
      "catalog" : null,
      "latitude" : 42.7905,
      "event_id" : 45918472,
      "contributor" : null,
      "mag_type" : "ML",
      "event_location_name" : "8 km E Norcia (PG)",
      "magnitude" : 0.9,
      "time" : "2026-05-20 00:08:53Z",
      "mag_author" : null,
      "longitude" : 13.1897,
      "contributor_id" : null
    },
    "geometry" : {
      "type" : "Point",
      "coordinates" : [ 13.1897, 42.7905 ]
    },
    "id" : "45918472"
  }, {
    "type" : "Feature",
    "properties" : {
      "depth_km" : 7.4,
      "author" : "SURVEY-INGV",
      "catalog" : null,
      "latitude" : 46.0655,
      "event_id" : 45918372,
      "contributor" : null,
      "mag_type" : "ML",
      "event_location_name" : "2 km SE Porte di Rendena (TN)",
      "magnitude" : 0.8,
      "time" : "2026-05-19 23:07:59Z",
      "mag_author" : null,
      "longitude" : 10.743,
      "contributor_id" : null
    },
    "geometry" : {
      "type" : "Point",
      "coordinates" : [ 10.743, 46.0655 ]
    },
    "id" : "45918372"
  }, {
    "type" : "Feature",
    "properties" : {
      "depth_km" : 10.2,
      "author" : "SURVEY-INGV",
      "catalog" : null,
      "latitude" : 45.8763,
      "event_id" : 45918332,
      "contributor" : null,
      "mag_type" : "ML",
      "event_location_name" : "11 km NE Courmayeur (AO)",
      "magnitude" : 1.3,
      "time" : "2026-05-19 23:04:22Z",
      "mag_author" : null,
      "longitude" : 7.052,
      "contributor_id" : null
    },
    "geometry" : {
      "type" : "Point",
      "coordinates" : [ 7.052, 45.8763 ]
    },
    "id" : "45918332"
  }, {
    "type" : "Feature",
    "properties" : {
      "depth_km" : 6.2,
      "author" : "SURVEY-INGV",
      "catalog" : null,
      "latitude" : 42.8713,
      "event_id" : 45918302,
      "contributor" : null,
      "mag_type" : "ML",
      "event_location_name" : "7 km E Castelsantangelo sul Nera (MC)",
      "magnitude" : 1.0,
      "time" : "2026-05-19 22:54:49Z",
      "mag_author" : null,
      "longitude" : 13.2278,
      "contributor_id" : null
    },
    "geometry" : {
      "type" : "Point",
      "coordinates" : [ 13.2278, 42.8713 ]
    },
    "id" : "45918302"
  }, {
    "type" : "Feature",
    "properties" : {
      "depth_km" : 14.4,
      "author" : "SURVEY-INGV",
      "catalog" : null,
      "latitude" : 43.4687,
      "event_id" : 45918272,
      "contributor" : null,
      "mag_type" : "ML",
      "event_location_name" : "4 km SW Serra Sant'Abbondio (PU)",
      "magnitude" : 0.3,
      "time" : "2026-05-19 22:37:04Z",
      "mag_author" : null,
      "longitude" : 12.7287,
      "contributor_id" : null
    },
    "geometry" : {
      "type" : "Point",
      "coordinates" : [ 12.7287, 43.4687 ]
    },
    "id" : "45918272"
  }, {
    "type" : "Feature",
    "properties" : {
      "depth_km" : 14.4,
      "author" : "SURVEY-INGV",
      "catalog" : null,
      "latitude" : 43.4687,
      "event_id" : 45918272,
      "contributor" : null,
      "mag_type" : "ML",
      "event_location_name" : "4 km SW Serra Sant'Abbondio (PU)",
      "magnitude" : 0.3,
      "time" : "2026-05-19 22:37:04Z",
      "mag_author" : null,
      "longitude" : 12.7287,
      "contributor_id" : null
    },
    "geometry" : {
      "type" : "Point",
      "coordinates" : [ 12.7287, 43.4687 ]
    },
    "id" : "45918272"
  }, {
    "type" : "Feature",
    "properties" : {
      "depth_km" : 14.0,
      "author" : "SURVEY-INGV",
      "catalog" : null,
      "latitude" : 42.5992,
      "event_id" : 45918222,
      "contributor" : null,
      "mag_type" : "ML",
      "event_location_name" : "5 km NE Campotosto (AQ)",
      "magnitude" : 1.3,
      "time" : "2026-05-19 22:22:07Z",
      "mag_author" : null,
      "longitude" : 13.3937,
      "contributor_id" : null
    },
    "geometry" : {
      "type" : "Point",
      "coordinates" : [ 13.3937, 42.5992 ]
    },
    "id" : "45918222"
  }, {
    "type" : "Feature",
    "properties" : {
      "depth_km" : 9.3,
      "author" : "SURVEY-INGV",
      "catalog" : null,
      "latitude" : 43.4332,
      "event_id" : 45918182,
      "contributor" : null,
      "mag_type" : "ML",
      "event_location_name" : "5 km E Pietralunga (PG)",
      "magnitude" : 1.0,
      "time" : "2026-05-19 22:15:23Z",
      "mag_author" : null,
      "longitude" : 12.4962,
      "contributor_id" : null
    },
    "geometry" : {
      "type" : "Point",
      "coordinates" : [ 12.4962, 43.4332 ]
    },
    "id" : "45918182"
  }, {
    "type" : "Feature",
    "properties" : {
      "depth_km" : 12.9,
      "author" : "SURVEY-INGV",
      "catalog" : null,
      "latitude" : 42.5988,
      "event_id" : 45918162,
      "contributor" : null,
      "mag_type" : "ML",
      "event_location_name" : "6 km W Cortino (TE)",
      "magnitude" : 0.8,
      "time" : "2026-05-19 21:59:46Z",
      "mag_author" : null,
      "longitude" : 13.4445,
      "contributor_id" : null
    },
    "geometry" : {
      "type" : "Point",
      "coordinates" : [ 13.4445, 42.5988 ]
    },
    "id" : "45918162"
  }, {
    "type" : "Feature",
    "properties" : {
      "depth_km" : 23.5,
      "author" : "SURVEY-INGV",
      "catalog" : null,
      "latitude" : 37.5887,
      "event_id" : 45918012,
      "contributor" : null,
      "mag_type" : "ML",
      "event_location_name" : "Mar Ionio Meridionale [Mare]",
      "magnitude" : 2.3,
      "time" : "2026-05-19 20:45:28Z",
      "mag_author" : null,
      "longitude" : 15.7108,
      "contributor_id" : null
    },
    "geometry" : {
      "type" : "Point",
      "coordinates" : [ 15.7108, 37.5887 ]
    },
    "id" : "45918012"
  }, {
    "type" : "Feature",
    "properties" : {
      "depth_km" : 13.5,
      "author" : "SURVEY-INGV",
      "catalog" : null,
      "latitude" : 45.9427,
      "event_id" : 45917932,
      "contributor" : null,
      "mag_type" : "ML",
      "event_location_name" : "3 km NW Refrontolo (TV)",
      "magnitude" : 1.5,
      "time" : "2026-05-19 20:40:42Z",
      "mag_author" : null,
      "longitude" : 12.1847,
      "contributor_id" : null
    },
    "geometry" : {
      "type" : "Point",
      "coordinates" : [ 12.1847, 45.9427 ]
    },
    "id" : "45917932"
  }, {
    "type" : "Feature",
    "properties" : {
      "depth_km" : 14.1,
      "author" : "SURVEY-INGV",
      "catalog" : null,
      "latitude" : 45.9433,
      "event_id" : 45917892,
      "contributor" : null,
      "mag_type" : "ML",
      "event_location_name" : "3 km NW Refrontolo (TV)",
      "magnitude" : 1.1,
      "time" : "2026-05-19 19:40:28Z",
      "mag_author" : null,
      "longitude" : 12.1863,
      "contributor_id" : null
    },
    "geometry" : {
      "type" : "Point",
      "coordinates" : [ 12.1863, 45.9433 ]
    },
    "id" : "45917892"
  }, {
    "type" : "Feature",
    "properties" : {
      "depth_km" : 10.8,
      "author" : "SURVEY-INGV",
      "catalog" : null,
      "latitude" : 42.8957,
      "event_id" : 45917862,
      "contributor" : null,
      "mag_type" : "ML",
      "event_location_name" : "1 km NE Sellano (PG)",
      "magnitude" : 1.4,
      "time" : "2026-05-19 19:17:02Z",
      "mag_author" : null,
      "longitude" : 12.9398,
      "contributor_id" : null
    },
    "geometry" : {
      "type" : "Point",
      "coordinates" : [ 12.9398, 42.8957 ]
    },
    "id" : "45917862"
  }, {
    "type" : "Feature",
    "properties" : {
      "depth_km" : 12.7,
      "author" : "SURVEY-INGV",
      "catalog" : null,
      "latitude" : 45.9488,
      "event_id" : 45917772,
      "contributor" : null,
      "mag_type" : "ML",
      "event_location_name" : "3 km NW Refrontolo (TV)",
      "magnitude" : 1.8,
      "time" : "2026-05-19 19:12:35Z",
      "mag_author" : null,
      "longitude" : 12.1892,
      "contributor_id" : null
    },
    "geometry" : {
      "type" : "Point",
      "coordinates" : [ 12.1892, 45.9488 ]
    },
    "id" : "45917772"
  }, {
    "type" : "Feature",
    "properties" : {
      "depth_km" : 10.1,
      "author" : "SURVEY-INGV",
      "catalog" : null,
      "latitude" : 43.7198,
      "event_id" : 45917722,
      "contributor" : null,
      "mag_type" : "ML",
      "event_location_name" : "Costa Ligure Occidentale (Imperia)",
      "magnitude" : 1.2,
      "time" : "2026-05-19 19:08:57Z",
      "mag_author" : null,
      "longitude" : 8.0388,
      "contributor_id" : null
    },
    "geometry" : {
      "type" : "Point",
      "coordinates" : [ 8.0388, 43.7198 ]
    },
    "id" : "45917722"
  }, {
    "type" : "Feature",
    "properties" : {
      "depth_km" : 61.719,
      "author" : "SURVEY-INGV-A",
      "catalog" : null,
      "latitude" : -14.1258,
      "event_id" : 45917632,
      "contributor" : null,
      "mag_type" : "Mwp",
      "event_location_name" : "Near coast of Peru [Land: Peru]",
      "magnitude" : 5.9,
      "time" : "2026-05-19 17:57:56Z",
      "mag_author" : null,
      "longitude" : -75.607,
      "contributor_id" : null
    },
    "geometry" : {
      "type" : "Point",
      "coordinates" : [ -75.607, -14.1258 ]
    },
    "id" : "45917632"
  }, {
    "type" : "Feature",
    "properties" : {
      "depth_km" : 61.719,
      "author" : "SURVEY-INGV-A",
      "catalog" : null,
      "latitude" : -14.1258,
      "event_id" : 45917632,
      "contributor" : null,
      "mag_type" : "Mwp",
      "event_location_name" : "Near coast of Peru [Land: Peru]",
      "magnitude" : 5.9,
      "time" : "2026-05-19 17:57:56Z",
      "mag_author" : null,
      "longitude" : -75.607,
      "contributor_id" : null
    },
    "geometry" : {
      "type" : "Point",
      "coordinates" : [ -75.607, -14.1258 ]
    },
    "id" : "45917632"
  }, {
    "type" : "Feature",
    "properties" : {
      "depth_km" : 11.1,
      "author" : "SURVEY-INGV",
      "catalog" : null,
      "latitude" : 42.6862,
      "event_id" : 45917492,
      "contributor" : null,
      "mag_type" : "ML",
      "event_location_name" : "7 km W Accumoli (RI)",
      "magnitude" : 1.1,
      "time" : "2026-05-19 17:36:13Z",
      "mag_author" : null,
      "longitude" : 13.1673,
      "contributor_id" : null
    },
    "geometry" : {
      "type" : "Point",
      "coordinates" : [ 13.1673, 42.6862 ]
    },
    "id" : "45917492"
  }, {
    "type" : "Feature",
    "properties" : {
      "depth_km" : 8.5,
      "author" : "SURVEY-INGV",
      "catalog" : null,
      "latitude" : 43.0783,
      "event_id" : 45917252,
      "contributor" : null,
      "mag_type" : "ML",
      "event_location_name" : "2 km NW Pievebovigliana (MC)",
      "magnitude" : 0.8,
      "time" : "2026-05-19 16:40:00Z",
      "mag_author" : null,
      "longitude" : 13.0765,
      "contributor_id" : null
    },
    "geometry" : {
      "type" : "Point",
      "coordinates" : [ 13.0765, 43.0783 ]
    },
    "id" : "45917252"
  }, {
    "type" : "Feature",
    "properties" : {
      "depth_km" : 115.6,
      "author" : "SURVEY-INGV",
      "catalog" : null,
      "latitude" : 38.3793,
      "event_id" : 45916532,
      "contributor" : null,
      "mag_type" : "ML",
      "event_location_name" : "Costa Siciliana nord-orientale (Messina)",
      "magnitude" : 2.3,
      "time" : "2026-05-19 14:52:00Z",
      "mag_author" : null,
      "longitude" : 15.4342,
      "contributor_id" : null
    },
    "geometry" : {
      "type" : "Point",
      "coordinates" : [ 15.4342, 38.3793 ]
    },
    "id" : "45916532"
  }, {
    "type" : "Feature",
    "properties" : {
      "depth_km" : 9.4,
      "author" : "SURVEY-INGV",
      "catalog" : null,
      "latitude" : 41.482,
      "event_id" : 45916472,
      "contributor" : null,
      "mag_type" : "ML",
      "event_location_name" : "3 km NW Foggia (FG)",
      "magnitude" : 1.9,
      "time" : "2026-05-19 14:47:54Z",
      "mag_author" : null,
      "longitude" : 15.5248,
      "contributor_id" : null
    },
    "geometry" : {
      "type" : "Point",
      "coordinates" : [ 15.5248, 41.482 ]
    },
    "id" : "45916472"
  }, {
    "type" : "Feature",
    "properties" : {
      "depth_km" : 13.7,
      "author" : "SURVEY-INGV",
      "catalog" : null,
      "latitude" : 43.3398,
      "event_id" : 45915942,
      "contributor" : null,
      "mag_type" : "ML",
      "event_location_name" : "1 km NE Sigillo (PG)",
      "magnitude" : 0.5,
      "time" : "2026-05-19 13:00:45Z",
      "mag_author" : null,
      "longitude" : 12.7473,
      "contributor_id" : null
    },
    "geometry" : {
      "type" : "Point",
      "coordinates" : [ 12.7473, 43.3398 ]
    },
    "id" : "45915942"
  }, {
    "type" : "Feature",
    "properties" : {
      "depth_km" : 10.8,
      "author" : "SURVEY-INGV",
      "catalog" : null,
      "latitude" : 42.9245,
      "event_id" : 45914832,
      "contributor" : null,
      "mag_type" : "ML",
      "event_location_name" : "4 km SE Foligno (PG)",
      "magnitude" : 1.0,
      "time" : "2026-05-19 10:50:30Z",
      "mag_author" : null,
      "longitude" : 12.7328,
      "contributor_id" : null
    },
    "geometry" : {
      "type" : "Point",
      "coordinates" : [ 12.7328, 42.9245 ]
    },
    "id" : "45914832"
  }, {
    "type" : "Feature",
    "properties" : {
      "depth_km" : 10.6,
      "author" : "SURVEY-INGV",
      "catalog" : null,
      "latitude" : 42.7952,
      "event_id" : 45914802,
      "contributor" : null,
      "mag_type" : "ML",
      "event_location_name" : "4 km E Norcia (PG)",
      "magnitude" : 0.6,
      "time" : "2026-05-19 10:46:14Z",
      "mag_author" : null,
      "longitude" : 13.1432,
      "contributor_id" : null
    },
    "geometry" : {
      "type" : "Point",
      "coordinates" : [ 13.1432, 42.7952 ]
    },
    "id" : "45914802"
  }, {
    "type" : "Feature",
    "properties" : {
      "depth_km" : 5.4,
      "author" : "SURVEY-INGV",
      "catalog" : null,
      "latitude" : 44.3188,
      "event_id" : 45914522,
      "contributor" : null,
      "mag_type" : "ML",
      "event_location_name" : "3 km E Pallare (SV)",
      "magnitude" : 0.2,
      "time" : "2026-05-19 10:22:04Z",
      "mag_author" : null,
      "longitude" : 8.3092,
      "contributor_id" : null
    },
    "geometry" : {
      "type" : "Point",
      "coordinates" : [ 8.3092, 44.3188 ]
    },
    "id" : "45914522"
  }, {
    "type" : "Feature",
    "properties" : {
      "depth_km" : 8.9,
      "author" : "SURVEY-INGV",
      "catalog" : null,
      "latitude" : 43.342,
      "event_id" : 45914262,
      "contributor" : null,
      "mag_type" : "ML",
      "event_location_name" : "5 km SE Cingoli (MC)",
      "magnitude" : 0.7,
      "time" : "2026-05-19 10:05:20Z",
      "mag_author" : null,
      "longitude" : 13.2608,
      "contributor_id" : null
    },
    "geometry" : {
      "type" : "Point",
      "coordinates" : [ 13.2608, 43.342 ]
    },
    "id" : "45914262"
  }, {
    "type" : "Feature",
    "properties" : {
      "depth_km" : 6.0,
      "author" : "SURVEY-INGV",
      "catalog" : null,
      "latitude" : 43.1443,
      "event_id" : 45914042,
      "contributor" : null,
      "mag_type" : "ML",
      "event_location_name" : "4 km W Caldarola (MC)",
      "magnitude" : 0.4,
      "time" : "2026-05-19 09:46:48Z",
      "mag_author" : null,
      "longitude" : 13.1807,
      "contributor_id" : null
    },
    "geometry" : {
      "type" : "Point",
      "coordinates" : [ 13.1807, 43.1443 ]
    },
    "id" : "45914042"
  }, {
    "type" : "Feature",
    "properties" : {
      "depth_km" : 11.8,
      "author" : "SURVEY-INGV",
      "catalog" : null,
      "latitude" : 44.2902,
      "event_id" : 45913692,
      "contributor" : null,
      "mag_type" : "ML",
      "event_location_name" : "3 km W Valdieri (CN)",
      "magnitude" : 1.0,
      "time" : "2026-05-19 09:22:10Z",
      "mag_author" : null,
      "longitude" : 7.3667,
      "contributor_id" : null
    },
    "geometry" : {
      "type" : "Point",
      "coordinates" : [ 7.3667, 44.2902 ]
    },
    "id" : "45913692"
  }, {
    "type" : "Feature",
    "properties" : {
      "depth_km" : 9.0,
      "author" : "SURVEY-INGV",
      "catalog" : null,
      "latitude" : 42.8462,
      "event_id" : 45913272,
      "contributor" : null,
      "mag_type" : "ML",
      "event_location_name" : "7 km SE Castelsantangelo sul Nera (MC)",
      "magnitude" : 0.7,
      "time" : "2026-05-19 08:42:50Z",
      "mag_author" : null,
      "longitude" : 13.2142,
      "contributor_id" : null
    },
    "geometry" : {
      "type" : "Point",
      "coordinates" : [ 13.2142, 42.8462 ]
    },
    "id" : "45913272"
  }, {
    "type" : "Feature",
    "properties" : {
      "depth_km" : 9.4,
      "author" : "SURVEY-INGV",
      "catalog" : null,
      "latitude" : 42.9242,
      "event_id" : 45913202,
      "contributor" : null,
      "mag_type" : "ML",
      "event_location_name" : "5 km NW Sellano (PG)",
      "magnitude" : 0.6,
      "time" : "2026-05-19 08:32:25Z",
      "mag_author" : null,
      "longitude" : 12.8897,
      "contributor_id" : null
    },
    "geometry" : {
      "type" : "Point",
      "coordinates" : [ 12.8897, 42.9242 ]
    },
    "id" : "45913202"
  }, {
    "type" : "Feature",
    "properties" : {
      "depth_km" : 13.8,
      "author" : "SURVEY-INGV",
      "catalog" : null,
      "latitude" : 43.2708,
      "event_id" : 45913132,
      "contributor" : null,
      "mag_type" : "ML",
      "event_location_name" : "3 km S Fossato di Vico (PG)",
      "magnitude" : 0.8,
      "time" : "2026-05-19 08:30:17Z",
      "mag_author" : null,
      "longitude" : 12.7653,
      "contributor_id" : null
    },
    "geometry" : {
      "type" : "Point",
      "coordinates" : [ 12.7653, 43.2708 ]
    },
    "id" : "45913132"
  }, {
    "type" : "Feature",
    "properties" : {
      "depth_km" : 3.2,
      "author" : "SURVEY-INGV",
      "catalog" : null,
      "latitude" : 43.3767,
      "event_id" : 45912662,
      "contributor" : null,
      "mag_type" : "ML",
      "event_location_name" : "3 km NW Gubbio (PG)",
      "magnitude" : 0.7,
      "time" : "2026-05-19 07:45:19Z",
      "mag_author" : null,
      "longitude" : 12.5657,
      "contributor_id" : null
    },
    "geometry" : {
      "type" : "Point",
      "coordinates" : [ 12.5657, 43.3767 ]
    },
    "id" : "45912662"
  }, {
    "type" : "Feature",
    "properties" : {
      "depth_km" : 3.1,
      "author" : "SURVEY-INGV",
      "catalog" : null,
      "latitude" : 43.3758,
      "event_id" : 45912472,
      "contributor" : null,
      "mag_type" : "ML",
      "event_location_name" : "2 km N Gubbio (PG)",
      "magnitude" : 0.9,
      "time" : "2026-05-19 07:33:10Z",
      "mag_author" : null,
      "longitude" : 12.5722,
      "contributor_id" : null
    },
    "geometry" : {
      "type" : "Point",
      "coordinates" : [ 12.5722, 43.3758 ]
    },
    "id" : "45912472"
  }, {
    "type" : "Feature",
    "properties" : {
      "depth_km" : 9.8,
      "author" : "SURVEY-INGV",
      "catalog" : null,
      "latitude" : 43.4823,
      "event_id" : 45912302,
      "contributor" : null,
      "mag_type" : "ML",
      "event_location_name" : "7 km E Città di Castello (PG)",
      "magnitude" : 1.2,
      "time" : "2026-05-19 07:18:03Z",
      "mag_author" : null,
      "longitude" : 12.3178,
      "contributor_id" : null
    },
    "geometry" : {
      "type" : "Point",
      "coordinates" : [ 12.3178, 43.4823 ]
    },
    "id" : "45912302"
  }, {
    "type" : "Feature",
    "properties" : {
      "depth_km" : 10.5,
      "author" : "SURVEY-INGV",
      "catalog" : null,
      "latitude" : 43.6525,
      "event_id" : 45912152,
      "contributor" : null,
      "mag_type" : "ML",
      "event_location_name" : "2 km SW Urbania (PU)",
      "magnitude" : 0.8,
      "time" : "2026-05-19 06:59:08Z",
      "mag_author" : null,
      "longitude" : 12.513,
      "contributor_id" : null
    },
    "geometry" : {
      "type" : "Point",
      "coordinates" : [ 12.513, 43.6525 ]
    },
    "id" : "45912152"
  }, {
    "type" : "Feature",
    "properties" : {
      "depth_km" : 13.2,
      "author" : "SURVEY-INGV",
      "catalog" : null,
      "latitude" : 43.4307,
      "event_id" : 45911882,
      "contributor" : null,
      "mag_type" : "ML",
      "event_location_name" : "3 km NW Scheggia e Pascelupo (PG)",
      "magnitude" : 0.6,
      "time" : "2026-05-19 06:43:33Z",
      "mag_author" : null,
      "longitude" : 12.6553,
      "contributor_id" : null
    },
    "geometry" : {
      "type" : "Point",
      "coordinates" : [ 12.6553, 43.4307 ]
    },
    "id" : "45911882"
  }, {
    "type" : "Feature",
    "properties" : {
      "depth_km" : 5.4,
      "author" : "SURVEY-INGV",
      "catalog" : null,
      "latitude" : 38.1023,
      "event_id" : 45911662,
      "contributor" : null,
      "mag_type" : "ML",
      "event_location_name" : "6 km N Roccaforte del Greco (RC)",
      "magnitude" : 1.4,
      "time" : "2026-05-19 06:17:10Z",
      "mag_author" : null,
      "longitude" : 15.883,
      "contributor_id" : null
    },
    "geometry" : {
      "type" : "Point",
      "coordinates" : [ 15.883, 38.1023 ]
    },
    "id" : "45911662"
  }, {
    "type" : "Feature",
    "properties" : {
      "depth_km" : 1.0,
      "author" : "SURVEY-INGV-OV#SiSmi",
      "catalog" : null,
      "latitude" : 40.8275,
      "event_id" : 45911592,
      "contributor" : null,
      "mag_type" : "Md",
      "event_location_name" : "Campi Flegrei",
      "magnitude" : 1.0,
      "time" : "2026-05-19 05:58:03Z",
      "mag_author" : null,
      "longitude" : 14.139,
      "contributor_id" : null
    },
    "geometry" : {
      "type" : "Point",
      "coordinates" : [ 14.139, 40.8275 ]
    },
    "id" : "45911592"
  }, {
    "type" : "Feature",
    "properties" : {
      "depth_km" : 3.7,
      "author" : "SURVEY-INGV",
      "catalog" : null,
      "latitude" : 38.459,
      "event_id" : 45911522,
      "contributor" : null,
      "mag_type" : "ML",
      "event_location_name" : "Costa Siciliana centro-settentrionale (Palermo)",
      "magnitude" : 1.9,
      "time" : "2026-05-19 05:51:48Z",
      "mag_author" : null,
      "longitude" : 13.4225,
      "contributor_id" : null
    },
    "geometry" : {
      "type" : "Point",
      "coordinates" : [ 13.4225, 38.459 ]
    },
    "id" : "45911522"
  }, {
    "type" : "Feature",
    "properties" : {
      "depth_km" : 9.7,
      "author" : "SURVEY-INGV",
      "catalog" : null,
      "latitude" : 42.3953,
      "event_id" : 45911302,
      "contributor" : null,
      "mag_type" : "ML",
      "event_location_name" : "6 km NW L'Aquila (AQ)",
      "magnitude" : 1.3,
      "time" : "2026-05-19 05:08:20Z",
      "mag_author" : null,
      "longitude" : 13.3628,
      "contributor_id" : null
    },
    "geometry" : {
      "type" : "Point",
      "coordinates" : [ 13.3628, 42.3953 ]
    },
    "id" : "45911302"
  }, {
    "type" : "Feature",
    "properties" : {
      "depth_km" : 14.0,
      "author" : "SURVEY-INGV",
      "catalog" : null,
      "latitude" : 43.4098,
      "event_id" : 45911252,
      "contributor" : null,
      "mag_type" : "ML",
      "event_location_name" : "4 km E Scheggia e Pascelupo (PG)",
      "magnitude" : 0.1,
      "time" : "2026-05-19 04:57:37Z",
      "mag_author" : null,
      "longitude" : 12.7168,
      "contributor_id" : null
    },
    "geometry" : {
      "type" : "Point",
      "coordinates" : [ 12.7168, 43.4098 ]
    },
    "id" : "45911252"
  }, {
    "type" : "Feature",
    "properties" : {
      "depth_km" : 12.3,
      "author" : "SURVEY-INGV",
      "catalog" : null,
      "latitude" : 43.3738,
      "event_id" : 45911102,
      "contributor" : null,
      "mag_type" : "ML",
      "event_location_name" : "3 km NW Costacciaro (PG)",
      "magnitude" : 0.8,
      "time" : "2026-05-19 04:22:03Z",
      "mag_author" : null,
      "longitude" : 12.6828,
      "contributor_id" : null
    },
    "geometry" : {
      "type" : "Point",
      "coordinates" : [ 12.6828, 43.3738 ]
    },
    "id" : "45911102"
  }, {
    "type" : "Feature",
    "properties" : {
      "depth_km" : 0.5,
      "author" : "SURVEY-INGV",
      "catalog" : null,
      "latitude" : 43.4077,
      "event_id" : 45910972,
      "contributor" : null,
      "mag_type" : "ML",
      "event_location_name" : "3 km SE Genga (AN)",
      "magnitude" : 0.6,
      "time" : "2026-05-19 03:32:49Z",
      "mag_author" : null,
      "longitude" : 12.9632,
      "contributor_id" : null
    },
    "geometry" : {
      "type" : "Point",
      "coordinates" : [ 12.9632, 43.4077 ]
    },
    "id" : "45910972"
  }, {
    "type" : "Feature",
    "properties" : {
      "depth_km" : 11.4,
      "author" : "SURVEY-INGV",
      "catalog" : null,
      "latitude" : 42.8967,
      "event_id" : 45910932,
      "contributor" : null,
      "mag_type" : "ML",
      "event_location_name" : "3 km NW Preci (PG)",
      "magnitude" : 0.6,
      "time" : "2026-05-19 02:58:10Z",
      "mag_author" : null,
      "longitude" : 13.0117,
      "contributor_id" : null
    },
    "geometry" : {
      "type" : "Point",
      "coordinates" : [ 13.0117, 42.8967 ]
    },
    "id" : "45910932"
  }, {
    "type" : "Feature",
    "properties" : {
      "depth_km" : 10.9,
      "author" : "SURVEY-INGV",
      "catalog" : null,
      "latitude" : 42.9042,
      "event_id" : 45910872,
      "contributor" : null,
      "mag_type" : "ML",
      "event_location_name" : "3 km NW Preci (PG)",
      "magnitude" : 0.8,
      "time" : "2026-05-19 02:52:24Z",
      "mag_author" : null,
      "longitude" : 13.0272,
      "contributor_id" : null
    },
    "geometry" : {
      "type" : "Point",
      "coordinates" : [ 13.0272, 42.9042 ]
    },
    "id" : "45910872"
  }, {
    "type" : "Feature",
    "properties" : {
      "depth_km" : 6.9,
      "author" : "SURVEY-INGV",
      "catalog" : null,
      "latitude" : 42.8242,
      "event_id" : 45910752,
      "contributor" : null,
      "mag_type" : "ML",
      "event_location_name" : "7 km SW San Venanzo (TR)",
      "magnitude" : 1.6,
      "time" : "2026-05-19 02:41:10Z",
      "mag_author" : null,
      "longitude" : 12.209,
      "contributor_id" : null
    },
    "geometry" : {
      "type" : "Point",
      "coordinates" : [ 12.209, 42.8242 ]
    },
    "id" : "45910752"
  }, {
    "type" : "Feature",
    "properties" : {
      "depth_km" : 6.9,
      "author" : "SURVEY-INGV",
      "catalog" : null,
      "latitude" : 42.8242,
      "event_id" : 45910752,
      "contributor" : null,
      "mag_type" : "ML",
      "event_location_name" : "7 km SW San Venanzo (TR)",
      "magnitude" : 1.6,
      "time" : "2026-05-19 02:41:10Z",
      "mag_author" : null,
      "longitude" : 12.209,
      "contributor_id" : null
    },
    "geometry" : {
      "type" : "Point",
      "coordinates" : [ 12.209, 42.8242 ]
    },
    "id" : "45910752"
  }, {
    "type" : "Feature",
    "properties" : {
      "depth_km" : 5.0,
      "author" : "SURVEY-INGV",
      "catalog" : null,
      "latitude" : 43.428,
      "event_id" : 45910672,
      "contributor" : null,
      "mag_type" : "ML",
      "event_location_name" : "2 km SE Pietralunga (PG)",
      "magnitude" : 0.3,
      "time" : "2026-05-19 02:33:30Z",
      "mag_author" : null,
      "longitude" : 12.4557,
      "contributor_id" : null
    },
    "geometry" : {
      "type" : "Point",
      "coordinates" : [ 12.4557, 43.428 ]
    },
    "id" : "45910672"
  }, {
    "type" : "Feature",
    "properties" : {
      "depth_km" : 5.0,
      "author" : "SURVEY-INGV",
      "catalog" : null,
      "latitude" : 43.428,
      "event_id" : 45910672,
      "contributor" : null,
      "mag_type" : "ML",
      "event_location_name" : "2 km SE Pietralunga (PG)",
      "magnitude" : 0.3,
      "time" : "2026-05-19 02:33:30Z",
      "mag_author" : null,
      "longitude" : 12.4557,
      "contributor_id" : null
    },
    "geometry" : {
      "type" : "Point",
      "coordinates" : [ 12.4557, 43.428 ]
    },
    "id" : "45910672"
  }, {
    "type" : "Feature",
    "properties" : {
      "depth_km" : 10.4,
      "author" : "SURVEY-INGV",
      "catalog" : null,
      "latitude" : 43.3013,
      "event_id" : 45910632,
      "contributor" : null,
      "mag_type" : "ML",
      "event_location_name" : "6 km S Gubbio (PG)",
      "magnitude" : 0.6,
      "time" : "2026-05-19 02:31:47Z",
      "mag_author" : null,
      "longitude" : 12.594,
      "contributor_id" : null
    },
    "geometry" : {
      "type" : "Point",
      "coordinates" : [ 12.594, 43.3013 ]
    },
    "id" : "45910632"
  }, {
    "type" : "Feature",
    "properties" : {
      "depth_km" : 14.844,
      "author" : "SURVEY-INGV-A",
      "catalog" : null,
      "latitude" : -18.2602,
      "event_id" : 45910652,
      "contributor" : null,
      "mag_type" : "Mwp",
      "event_location_name" : "Vanuatu Islands [Sea: Vanuatu]",
      "magnitude" : 5.9,
      "time" : "2026-05-19 02:29:26Z",
      "mag_author" : null,
      "longitude" : 168.102,
      "contributor_id" : null
    },
    "geometry" : {
      "type" : "Point",
      "coordinates" : [ 168.102, -18.2602 ]
    },
    "id" : "45910652"
  }, {
    "type" : "Feature",
    "properties" : {
      "depth_km" : 10.7,
      "author" : "SURVEY-INGV",
      "catalog" : null,
      "latitude" : 42.8748,
      "event_id" : 45910512,
      "contributor" : null,
      "mag_type" : "ML",
      "event_location_name" : "2 km SW Sellano (PG)",
      "magnitude" : 0.9,
      "time" : "2026-05-19 01:44:25Z",
      "mag_author" : null,
      "longitude" : 12.919,
      "contributor_id" : null
    },
    "geometry" : {
      "type" : "Point",
      "coordinates" : [ 12.919, 42.8748 ]
    },
    "id" : "45910512"
  }, {
    "type" : "Feature",
    "properties" : {
      "depth_km" : 9.6,
      "author" : "SURVEY-INGV",
      "catalog" : null,
      "latitude" : 42.8868,
      "event_id" : 45910482,
      "contributor" : null,
      "mag_type" : "ML",
      "event_location_name" : "4 km E Preci (PG)",
      "magnitude" : 0.9,
      "time" : "2026-05-19 00:47:21Z",
      "mag_author" : null,
      "longitude" : 13.0895,
      "contributor_id" : null
    },
    "geometry" : {
      "type" : "Point",
      "coordinates" : [ 13.0895, 42.8868 ]
    },
    "id" : "45910482"
  }, {
    "type" : "Feature",
    "properties" : {
      "depth_km" : 10.5,
      "author" : "SURVEY-INGV",
      "catalog" : null,
      "latitude" : 43.0298,
      "event_id" : 45910462,
      "contributor" : null,
      "mag_type" : "ML",
      "event_location_name" : "7 km SE Valtopina (PG)",
      "magnitude" : 1.3,
      "time" : "2026-05-19 00:38:55Z",
      "mag_author" : null,
      "longitude" : 12.8272,
      "contributor_id" : null
    },
    "geometry" : {
      "type" : "Point",
      "coordinates" : [ 12.8272, 43.0298 ]
    },
    "id" : "45910462"
  }, {
    "type" : "Feature",
    "properties" : {
      "depth_km" : 10.9,
      "author" : "SURVEY-INGV",
      "catalog" : null,
      "latitude" : 43.0345,
      "event_id" : 45910432,
      "contributor" : null,
      "mag_type" : "ML",
      "event_location_name" : "7 km E Valtopina (PG)",
      "magnitude" : 0.6,
      "time" : "2026-05-19 00:38:06Z",
      "mag_author" : null,
      "longitude" : 12.8282,
      "contributor_id" : null
    },
    "geometry" : {
      "type" : "Point",
      "coordinates" : [ 12.8282, 43.0345 ]
    },
    "id" : "45910432"
  }, {
    "type" : "Feature",
    "properties" : {
      "depth_km" : 118.7,
      "author" : "SURVEY-INGV",
      "catalog" : null,
      "latitude" : 38.4012,
      "event_id" : 45910362,
      "contributor" : null,
      "mag_type" : "ML",
      "event_location_name" : "Tirreno Meridionale [Mare]",
      "magnitude" : 1.8,
      "time" : "2026-05-19 00:03:32Z",
      "mag_author" : null,
      "longitude" : 15.2197,
      "contributor_id" : null
    },
    "geometry" : {
      "type" : "Point",
      "coordinates" : [ 15.2197, 38.4012 ]
    },
    "id" : "45910362"
  }, {
    "type" : "Feature",
    "properties" : {
      "depth_km" : 6.5,
      "author" : "SURVEY-INGV",
      "catalog" : null,
      "latitude" : 38.1792,
      "event_id" : 45910342,
      "contributor" : null,
      "mag_type" : "ML",
      "event_location_name" : "6 km E Santo Stefano in Aspromonte (RC)",
      "magnitude" : 0.3,
      "time" : "2026-05-18 23:41:45Z",
      "mag_author" : null,
      "longitude" : 15.8532,
      "contributor_id" : null
    },
    "geometry" : {
      "type" : "Point",
      "coordinates" : [ 15.8532, 38.1792 ]
    },
    "id" : "45910342"
  }, {
    "type" : "Feature",
    "properties" : {
      "depth_km" : 6.5,
      "author" : "SURVEY-INGV",
      "catalog" : null,
      "latitude" : 38.1792,
      "event_id" : 45910342,
      "contributor" : null,
      "mag_type" : "ML",
      "event_location_name" : "6 km E Santo Stefano in Aspromonte (RC)",
      "magnitude" : 0.3,
      "time" : "2026-05-18 23:41:45Z",
      "mag_author" : null,
      "longitude" : 15.8532,
      "contributor_id" : null
    },
    "geometry" : {
      "type" : "Point",
      "coordinates" : [ 15.8532, 38.1792 ]
    },
    "id" : "45910342"
  }, {
    "type" : "Feature",
    "properties" : {
      "depth_km" : 13.6,
      "author" : "SURVEY-INGV",
      "catalog" : null,
      "latitude" : 42.7293,
      "event_id" : 45910282,
      "contributor" : null,
      "mag_type" : "ML",
      "event_location_name" : "6 km SE Arquata del Tronto (AP)",
      "magnitude" : 0.8,
      "time" : "2026-05-18 22:47:09Z",
      "mag_author" : null,
      "longitude" : 13.3277,
      "contributor_id" : null
    },
    "geometry" : {
      "type" : "Point",
      "coordinates" : [ 13.3277, 42.7293 ]
    },
    "id" : "45910282"
  }, {
    "type" : "Feature",
    "properties" : {
      "depth_km" : 13.6,
      "author" : "SURVEY-INGV",
      "catalog" : null,
      "latitude" : 42.7293,
      "event_id" : 45910282,
      "contributor" : null,
      "mag_type" : "ML",
      "event_location_name" : "6 km SE Arquata del Tronto (AP)",
      "magnitude" : 0.8,
      "time" : "2026-05-18 22:47:09Z",
      "mag_author" : null,
      "longitude" : 13.3277,
      "contributor_id" : null
    },
    "geometry" : {
      "type" : "Point",
      "coordinates" : [ 13.3277, 42.7293 ]
    },
    "id" : "45910282"
  }, {
    "type" : "Feature",
    "properties" : {
      "depth_km" : 11.3,
      "author" : "SURVEY-INGV",
      "catalog" : null,
      "latitude" : 43.2657,
      "event_id" : 45910242,
      "contributor" : null,
      "mag_type" : "ML",
      "event_location_name" : "3 km S Fossato di Vico (PG)",
      "magnitude" : 1.3,
      "time" : "2026-05-18 22:41:24Z",
      "mag_author" : null,
      "longitude" : 12.7587,
      "contributor_id" : null
    },
    "geometry" : {
      "type" : "Point",
      "coordinates" : [ 12.7587, 43.2657 ]
    },
    "id" : "45910242"
  }, {
    "type" : "Feature",
    "properties" : {
      "depth_km" : 11.0,
      "author" : "SURVEY-INGV",
      "catalog" : null,
      "latitude" : 43.2093,
      "event_id" : 45910162,
      "contributor" : null,
      "mag_type" : "ML",
      "event_location_name" : "6 km E Gualdo Tadino (PG)",
      "magnitude" : 0.6,
      "time" : "2026-05-18 21:56:34Z",
      "mag_author" : null,
      "longitude" : 12.85,
      "contributor_id" : null
    },
    "geometry" : {
      "type" : "Point",
      "coordinates" : [ 12.85, 43.2093 ]
    },
    "id" : "45910162"
  }, {
    "type" : "Feature",
    "properties" : {
      "depth_km" : 11.8,
      "author" : "SURVEY-INGV",
      "catalog" : null,
      "latitude" : 43.2142,
      "event_id" : 45910132,
      "contributor" : null,
      "mag_type" : "ML",
      "event_location_name" : "6 km E Gualdo Tadino (PG)",
      "magnitude" : 0.4,
      "time" : "2026-05-18 21:55:45Z",
      "mag_author" : null,
      "longitude" : 12.8548,
      "contributor_id" : null
    },
    "geometry" : {
      "type" : "Point",
      "coordinates" : [ 12.8548, 43.2142 ]
    },
    "id" : "45910132"
  }, {
    "type" : "Feature",
    "properties" : {
      "depth_km" : 12.3,
      "author" : "SURVEY-INGV",
      "catalog" : null,
      "latitude" : 43.0762,
      "event_id" : 45910062,
      "contributor" : null,
      "mag_type" : "ML",
      "event_location_name" : "3 km E Serravalle di Chienti (MC)",
      "magnitude" : 0.9,
      "time" : "2026-05-18 21:22:23Z",
      "mag_author" : null,
      "longitude" : 12.9893,
      "contributor_id" : null
    },
    "geometry" : {
      "type" : "Point",
      "coordinates" : [ 12.9893, 43.0762 ]
    },
    "id" : "45910062"
  }, {
    "type" : "Feature",
    "properties" : {
      "depth_km" : 6.2,
      "author" : "SURVEY-INGV",
      "catalog" : null,
      "latitude" : 43.4528,
      "event_id" : 45910042,
      "contributor" : null,
      "mag_type" : "ML",
      "event_location_name" : "6 km W Pietralunga (PG)",
      "magnitude" : 0.4,
      "time" : "2026-05-18 21:21:57Z",
      "mag_author" : null,
      "longitude" : 12.3708,
      "contributor_id" : null
    },
    "geometry" : {
      "type" : "Point",
      "coordinates" : [ 12.3708, 43.4528 ]
    },
    "id" : "45910042"
  }, {
    "type" : "Feature",
    "properties" : {
      "depth_km" : 11.0,
      "author" : "SURVEY-INGV",
      "catalog" : null,
      "latitude" : 42.9487,
      "event_id" : 45909982,
      "contributor" : null,
      "mag_type" : "ML",
      "event_location_name" : "5 km W Visso (MC)",
      "magnitude" : 1.2,
      "time" : "2026-05-18 20:55:49Z",
      "mag_author" : null,
      "longitude" : 13.0373,
      "contributor_id" : null
    },
    "geometry" : {
      "type" : "Point",
      "coordinates" : [ 13.0373, 42.9487 ]
    },
    "id" : "45909982"
  }, {
    "type" : "Feature",
    "properties" : {
      "depth_km" : 16.1,
      "author" : "SURVEY-INGV",
      "catalog" : null,
      "latitude" : 42.7383,
      "event_id" : 45909952,
      "contributor" : null,
      "mag_type" : "ML",
      "event_location_name" : "4 km S Acquasanta Terme (AP)",
      "magnitude" : 1.0,
      "time" : "2026-05-18 20:43:51Z",
      "mag_author" : null,
      "longitude" : 13.4218,
      "contributor_id" : null
    },
    "geometry" : {
      "type" : "Point",
      "coordinates" : [ 13.4218, 42.7383 ]
    },
    "id" : "45909952"
  }, {
    "type" : "Feature",
    "properties" : {
      "depth_km" : 8.8,
      "author" : "SURVEY-INGV",
      "catalog" : null,
      "latitude" : 42.98,
      "event_id" : 45909902,
      "contributor" : null,
      "mag_type" : "ML",
      "event_location_name" : "4 km SE Cannara (PG)",
      "magnitude" : 1.3,
      "time" : "2026-05-18 20:34:04Z",
      "mag_author" : null,
      "longitude" : 12.6218,
      "contributor_id" : null
    },
    "geometry" : {
      "type" : "Point",
      "coordinates" : [ 12.6218, 42.98 ]
    },
    "id" : "45909902"
  }, {
    "type" : "Feature",
    "properties" : {
      "depth_km" : 10.1,
      "author" : "SURVEY-INGV",
      "catalog" : null,
      "latitude" : 42.8933,
      "event_id" : 45909802,
      "contributor" : null,
      "mag_type" : "ML",
      "event_location_name" : "2 km E Sellano (PG)",
      "magnitude" : 0.5,
      "time" : "2026-05-18 19:14:14Z",
      "mag_author" : null,
      "longitude" : 12.9548,
      "contributor_id" : null
    },
    "geometry" : {
      "type" : "Point",
      "coordinates" : [ 12.9548, 42.8933 ]
    },
    "id" : "45909802"
  }, {
    "type" : "Feature",
    "properties" : {
      "depth_km" : 9.7,
      "author" : "SURVEY-INGV",
      "catalog" : null,
      "latitude" : 43.4852,
      "event_id" : 45909762,
      "contributor" : null,
      "mag_type" : "ML",
      "event_location_name" : "6 km NW Pietralunga (PG)",
      "magnitude" : 1.4,
      "time" : "2026-05-18 19:01:55Z",
      "mag_author" : null,
      "longitude" : 12.4007,
      "contributor_id" : null
    },
    "geometry" : {
      "type" : "Point",
      "coordinates" : [ 12.4007, 43.4852 ]
    },
    "id" : "45909762"
  }, {
    "type" : "Feature",
    "properties" : {
      "depth_km" : 24.9,
      "author" : "SURVEY-INGV",
      "catalog" : null,
      "latitude" : 41.8978,
      "event_id" : 45909702,
      "contributor" : null,
      "mag_type" : "ML",
      "event_location_name" : "6 km SW Rodi Garganico (FG)",
      "magnitude" : 1.4,
      "time" : "2026-05-18 18:48:17Z",
      "mag_author" : null,
      "longitude" : 15.8203,
      "contributor_id" : null
    },
    "geometry" : {
      "type" : "Point",
      "coordinates" : [ 15.8203, 41.8978 ]
    },
    "id" : "45909702"
  }, {
    "type" : "Feature",
    "properties" : {
      "depth_km" : 16.5,
      "author" : "SURVEY-INGV",
      "catalog" : null,
      "latitude" : 42.7723,
      "event_id" : 45909632,
      "contributor" : null,
      "mag_type" : "ML",
      "event_location_name" : "3 km E Acquasanta Terme (AP)",
      "magnitude" : 2.0,
      "time" : "2026-05-18 18:12:21Z",
      "mag_author" : null,
      "longitude" : 13.4455,
      "contributor_id" : null
    },
    "geometry" : {
      "type" : "Point",
      "coordinates" : [ 13.4455, 42.7723 ]
    },
    "id" : "45909632"
  }, {
    "type" : "Feature",
    "properties" : {
      "depth_km" : 26.1,
      "author" : "SURVEY-INGV",
      "catalog" : null,
      "latitude" : 39.127,
      "event_id" : 45909422,
      "contributor" : null,
      "mag_type" : "ML",
      "event_location_name" : "8 km E Bianchi (CS)",
      "magnitude" : 1.3,
      "time" : "2026-05-18 17:30:55Z",
      "mag_author" : null,
      "longitude" : 16.4973,
      "contributor_id" : null
    },
    "geometry" : {
      "type" : "Point",
      "coordinates" : [ 16.4973, 39.127 ]
    },
    "id" : "45909422"
  }, {
    "type" : "Feature",
    "properties" : {
      "depth_km" : 26.1,
      "author" : "SURVEY-INGV",
      "catalog" : null,
      "latitude" : 39.127,
      "event_id" : 45909422,
      "contributor" : null,
      "mag_type" : "ML",
      "event_location_name" : "8 km E Bianchi (CS)",
      "magnitude" : 1.3,
      "time" : "2026-05-18 17:30:55Z",
      "mag_author" : null,
      "longitude" : 16.4973,
      "contributor_id" : null
    },
    "geometry" : {
      "type" : "Point",
      "coordinates" : [ 16.4973, 39.127 ]
    },
    "id" : "45909422"
  }, {
    "type" : "Feature",
    "properties" : {
      "depth_km" : 6.71,
      "author" : "SURVEY-INGV-CT#SeismPicker_SO-OE",
      "catalog" : null,
      "latitude" : 37.732,
      "event_id" : 45909412,
      "contributor" : null,
      "mag_type" : "ML",
      "event_location_name" : "11 km N Ragalna (CT)",
      "magnitude" : 1.6,
      "time" : "2026-05-18 17:28:01Z",
      "mag_author" : null,
      "longitude" : 14.956,
      "contributor_id" : null
    },
    "geometry" : {
      "type" : "Point",
      "coordinates" : [ 14.956, 37.732 ]
    },
    "id" : "45909412"
  }, {
    "type" : "Feature",
    "properties" : {
      "depth_km" : 6.71,
      "author" : "SURVEY-INGV-CT#SeismPicker_SO-OE",
      "catalog" : null,
      "latitude" : 37.732,
      "event_id" : 45909412,
      "contributor" : null,
      "mag_type" : "ML",
      "event_location_name" : "11 km N Ragalna (CT)",
      "magnitude" : 1.6,
      "time" : "2026-05-18 17:28:01Z",
      "mag_author" : null,
      "longitude" : 14.956,
      "contributor_id" : null
    },
    "geometry" : {
      "type" : "Point",
      "coordinates" : [ 14.956, 37.732 ]
    },
    "id" : "45909412"
  }, {
    "type" : "Feature",
    "properties" : {
      "depth_km" : 10.6,
      "author" : "SURVEY-INGV",
      "catalog" : null,
      "latitude" : 42.8278,
      "event_id" : 45909152,
      "contributor" : null,
      "mag_type" : "ML",
      "event_location_name" : "4 km N Norcia (PG)",
      "magnitude" : 0.7,
      "time" : "2026-05-18 17:10:53Z",
      "mag_author" : null,
      "longitude" : 13.0832,
      "contributor_id" : null
    },
    "geometry" : {
      "type" : "Point",
      "coordinates" : [ 13.0832, 42.8278 ]
    },
    "id" : "45909152"
  }, {
    "type" : "Feature",
    "properties" : {
      "depth_km" : 9.4,
      "author" : "SURVEY-INGV",
      "catalog" : null,
      "latitude" : 38.3487,
      "event_id" : 45908882,
      "contributor" : null,
      "mag_type" : "ML",
      "event_location_name" : "1 km SE Cittanova (RC)",
      "magnitude" : 1.8,
      "time" : "2026-05-18 16:38:50Z",
      "mag_author" : null,
      "longitude" : 16.093,
      "contributor_id" : null
    },
    "geometry" : {
      "type" : "Point",
      "coordinates" : [ 16.093, 38.3487 ]
    },
    "id" : "45908882"
  }, {
    "type" : "Feature",
    "properties" : {
      "depth_km" : 8.2,
      "author" : "SURVEY-INGV",
      "catalog" : null,
      "latitude" : 44.3103,
      "event_id" : 45908512,
      "contributor" : null,
      "mag_type" : "ML",
      "event_location_name" : "2 km W Lama Mocogno (MO)",
      "magnitude" : 1.2,
      "time" : "2026-05-18 15:53:26Z",
      "mag_author" : null,
      "longitude" : 10.709,
      "contributor_id" : null
    },
    "geometry" : {
      "type" : "Point",
      "coordinates" : [ 10.709, 44.3103 ]
    },
    "id" : "45908512"
  }, {
    "type" : "Feature",
    "properties" : {
      "depth_km" : 8.2,
      "author" : "SURVEY-INGV",
      "catalog" : null,
      "latitude" : 44.3103,
      "event_id" : 45908512,
      "contributor" : null,
      "mag_type" : "ML",
      "event_location_name" : "2 km W Lama Mocogno (MO)",
      "magnitude" : 1.2,
      "time" : "2026-05-18 15:53:26Z",
      "mag_author" : null,
      "longitude" : 10.709,
      "contributor_id" : null
    },
    "geometry" : {
      "type" : "Point",
      "coordinates" : [ 10.709, 44.3103 ]
    },
    "id" : "45908512"
  }, {
    "type" : "Feature",
    "properties" : {
      "depth_km" : 25.4,
      "author" : "SURVEY-INGV",
      "catalog" : null,
      "latitude" : 39.1395,
      "event_id" : 45907992,
      "contributor" : null,
      "mag_type" : "ML",
      "event_location_name" : "8 km E Parenti (CS)",
      "magnitude" : 1.3,
      "time" : "2026-05-18 14:49:53Z",
      "mag_author" : null,
      "longitude" : 16.4973,
      "contributor_id" : null
    },
    "geometry" : {
      "type" : "Point",
      "coordinates" : [ 16.4973, 39.1395 ]
    },
    "id" : "45907992"
  }, {
    "type" : "Feature",
    "properties" : {
      "depth_km" : 9.4,
      "author" : "SURVEY-INGV",
      "catalog" : null,
      "latitude" : 42.4823,
      "event_id" : 45907442,
      "contributor" : null,
      "mag_type" : "ML",
      "event_location_name" : "4 km E Cantalice (RI)",
      "magnitude" : 1.0,
      "time" : "2026-05-18 13:48:08Z",
      "mag_author" : null,
      "longitude" : 12.9557,
      "contributor_id" : null
    },
    "geometry" : {
      "type" : "Point",
      "coordinates" : [ 12.9557, 42.4823 ]
    },
    "id" : "45907442"
  }, {
    "type" : "Feature",
    "properties" : {
      "depth_km" : 12.6,
      "author" : "SURVEY-INGV",
      "catalog" : null,
      "latitude" : 42.6175,
      "event_id" : 45907362,
      "contributor" : null,
      "mag_type" : "ML",
      "event_location_name" : "3 km W Cittareale (RI)",
      "magnitude" : 2.1,
      "time" : "2026-05-18 13:44:10Z",
      "mag_author" : null,
      "longitude" : 13.1217,
      "contributor_id" : null
    },
    "geometry" : {
      "type" : "Point",
      "coordinates" : [ 13.1217, 42.6175 ]
    },
    "id" : "45907362"
  }, {
    "type" : "Feature",
    "properties" : {
      "depth_km" : 17.5,
      "author" : "SURVEY-INGV",
      "catalog" : null,
      "latitude" : 42.7285,
      "event_id" : 45907182,
      "contributor" : null,
      "mag_type" : "ML",
      "event_location_name" : "5 km S Acquasanta Terme (AP)",
      "magnitude" : 1.4,
      "time" : "2026-05-18 13:31:28Z",
      "mag_author" : null,
      "longitude" : 13.4207,
      "contributor_id" : null
    },
    "geometry" : {
      "type" : "Point",
      "coordinates" : [ 13.4207, 42.7285 ]
    },
    "id" : "45907182"
  }, {
    "type" : "Feature",
    "properties" : {
      "depth_km" : 11.6,
      "author" : "SURVEY-INGV",
      "catalog" : null,
      "latitude" : 42.6097,
      "event_id" : 45907112,
      "contributor" : null,
      "mag_type" : "ML",
      "event_location_name" : "3 km W Cittareale (RI)",
      "magnitude" : 1.4,
      "time" : "2026-05-18 13:24:43Z",
      "mag_author" : null,
      "longitude" : 13.127,
      "contributor_id" : null
    },
    "geometry" : {
      "type" : "Point",
      "coordinates" : [ 13.127, 42.6097 ]
    },
    "id" : "45907112"
  }, {
    "type" : "Feature",
    "properties" : {
      "depth_km" : 4.8,
      "author" : "SURVEY-INGV",
      "catalog" : null,
      "latitude" : 45.8105,
      "event_id" : 45907062,
      "contributor" : null,
      "mag_type" : "ML",
      "event_location_name" : "6 km SE Oyace (AO)",
      "magnitude" : 0.3,
      "time" : "2026-05-18 13:16:44Z",
      "mag_author" : null,
      "longitude" : 7.4332,
      "contributor_id" : null
    },
    "geometry" : {
      "type" : "Point",
      "coordinates" : [ 7.4332, 45.8105 ]
    },
    "id" : "45907062"
  }, {
    "type" : "Feature",
    "properties" : {
      "depth_km" : 8.0,
      "author" : "SURVEY-INGV",
      "catalog" : null,
      "latitude" : 43.2327,
      "event_id" : 45906732,
      "contributor" : null,
      "mag_type" : "ML",
      "event_location_name" : "4 km E San Severino Marche (MC)",
      "magnitude" : 1.0,
      "time" : "2026-05-18 12:47:49Z",
      "mag_author" : null,
      "longitude" : 13.2313,
      "contributor_id" : null
    },
    "geometry" : {
      "type" : "Point",
      "coordinates" : [ 13.2313, 43.2327 ]
    },
    "id" : "45906732"
  }, {
    "type" : "Feature",
    "properties" : {
      "depth_km" : 19.6,
      "author" : "SURVEY-INGV",
      "catalog" : null,
      "latitude" : 43.2468,
      "event_id" : 45906632,
      "contributor" : null,
      "mag_type" : "ML",
      "event_location_name" : "5 km NW Tolentino (MC)",
      "magnitude" : 1.0,
      "time" : "2026-05-18 12:45:30Z",
      "mag_author" : null,
      "longitude" : 13.2587,
      "contributor_id" : null
    },
    "geometry" : {
      "type" : "Point",
      "coordinates" : [ 13.2587, 43.2468 ]
    },
    "id" : "45906632"
  }, {
    "type" : "Feature",
    "properties" : {
      "depth_km" : 9.4,
      "author" : "SURVEY-INGV",
      "catalog" : null,
      "latitude" : 42.823,
      "event_id" : 45906512,
      "contributor" : null,
      "mag_type" : "ML",
      "event_location_name" : "8 km SE Parrano (TR)",
      "magnitude" : 1.5,
      "time" : "2026-05-18 12:32:00Z",
      "mag_author" : null,
      "longitude" : 12.1883,
      "contributor_id" : null
    },
    "geometry" : {
      "type" : "Point",
      "coordinates" : [ 12.1883, 42.823 ]
    },
    "id" : "45906512"
  }, {
    "type" : "Feature",
    "properties" : {
      "depth_km" : 10.4,
      "author" : "SURVEY-INGV",
      "catalog" : null,
      "latitude" : 45.8122,
      "event_id" : 45906332,
      "contributor" : null,
      "mag_type" : "ML",
      "event_location_name" : "8 km NW Verrayes (AO)",
      "magnitude" : 0.9,
      "time" : "2026-05-18 12:18:52Z",
      "mag_author" : null,
      "longitude" : 7.4672,
      "contributor_id" : null
    },
    "geometry" : {
      "type" : "Point",
      "coordinates" : [ 7.4672, 45.8122 ]
    },
    "id" : "45906332"
  }, {
    "type" : "Feature",
    "properties" : {
      "depth_km" : 9.1,
      "author" : "SURVEY-INGV",
      "catalog" : null,
      "latitude" : 43.0902,
      "event_id" : 45906112,
      "contributor" : null,
      "mag_type" : "ML",
      "event_location_name" : "4 km NE Assisi (PG)",
      "magnitude" : 0.7,
      "time" : "2026-05-18 11:47:56Z",
      "mag_author" : null,
      "longitude" : 12.6528,
      "contributor_id" : null
    },
    "geometry" : {
      "type" : "Point",
      "coordinates" : [ 12.6528, 43.0902 ]
    },
    "id" : "45906112"
  }, {
    "type" : "Feature",
    "properties" : {
      "depth_km" : 9.1,
      "author" : "SURVEY-INGV",
      "catalog" : null,
      "latitude" : 43.0902,
      "event_id" : 45906112,
      "contributor" : null,
      "mag_type" : "ML",
      "event_location_name" : "4 km NE Assisi (PG)",
      "magnitude" : 0.7,
      "time" : "2026-05-18 11:47:56Z",
      "mag_author" : null,
      "longitude" : 12.6528,
      "contributor_id" : null
    },
    "geometry" : {
      "type" : "Point",
      "coordinates" : [ 12.6528, 43.0902 ]
    },
    "id" : "45906112"
  }, {
    "type" : "Feature",
    "properties" : {
      "depth_km" : 5.9,
      "author" : "SURVEY-INGV",
      "catalog" : null,
      "latitude" : 43.4538,
      "event_id" : 45905742,
      "contributor" : null,
      "mag_type" : "ML",
      "event_location_name" : "6 km W Pietralunga (PG)",
      "magnitude" : 0.9,
      "time" : "2026-05-18 10:49:40Z",
      "mag_author" : null,
      "longitude" : 12.3638,
      "contributor_id" : null
    },
    "geometry" : {
      "type" : "Point",
      "coordinates" : [ 12.3638, 43.4538 ]
    },
    "id" : "45905742"
  }, {
    "type" : "Feature",
    "properties" : {
      "depth_km" : 27.9,
      "author" : "SURVEY-INGV",
      "catalog" : null,
      "latitude" : 41.8165,
      "event_id" : 45905532,
      "contributor" : null,
      "mag_type" : "ML",
      "event_location_name" : "8 km W Cagnano Varano (FG)",
      "magnitude" : 1.2,
      "time" : "2026-05-18 10:18:16Z",
      "mag_author" : null,
      "longitude" : 15.6772,
      "contributor_id" : null
    },
    "geometry" : {
      "type" : "Point",
      "coordinates" : [ 15.6772, 41.8165 ]
    },
    "id" : "45905532"
  }, {
    "type" : "Feature",
    "properties" : {
      "depth_km" : 27.9,
      "author" : "SURVEY-INGV",
      "catalog" : null,
      "latitude" : 41.8165,
      "event_id" : 45905532,
      "contributor" : null,
      "mag_type" : "ML",
      "event_location_name" : "8 km W Cagnano Varano (FG)",
      "magnitude" : 1.2,
      "time" : "2026-05-18 10:18:16Z",
      "mag_author" : null,
      "longitude" : 15.6772,
      "contributor_id" : null
    },
    "geometry" : {
      "type" : "Point",
      "coordinates" : [ 15.6772, 41.8165 ]
    },
    "id" : "45905532"
  }, {
    "type" : "Feature",
    "properties" : {
      "depth_km" : 11.0,
      "author" : "SURVEY-INGV",
      "catalog" : null,
      "latitude" : 38.4762,
      "event_id" : 45905482,
      "contributor" : null,
      "mag_type" : "ML",
      "event_location_name" : "Costa Siciliana centro-settentrionale (Palermo)",
      "magnitude" : 2.4,
      "time" : "2026-05-18 10:15:03Z",
      "mag_author" : null,
      "longitude" : 13.3342,
      "contributor_id" : null
    },
    "geometry" : {
      "type" : "Point",
      "coordinates" : [ 13.3342, 38.4762 ]
    },
    "id" : "45905482"
  }, {
    "type" : "Feature",
    "properties" : {
      "depth_km" : 10.0,
      "author" : "SURVEY-INGV",
      "catalog" : null,
      "latitude" : 45.9178,
      "event_id" : 45905272,
      "contributor" : null,
      "mag_type" : "ML",
      "event_location_name" : "V3 Monte Bianco (ITALIA, FRANCIA, SVIZZERA)",
      "magnitude" : 0.7,
      "time" : "2026-05-18 10:04:34Z",
      "mag_author" : null,
      "longitude" : 6.7488,
      "contributor_id" : null
    },
    "geometry" : {
      "type" : "Point",
      "coordinates" : [ 6.7488, 45.9178 ]
    },
    "id" : "45905272"
  }, {
    "type" : "Feature",
    "properties" : {
      "depth_km" : 9.0,
      "author" : "SURVEY-INGV",
      "catalog" : null,
      "latitude" : 46.1547,
      "event_id" : 45905242,
      "contributor" : null,
      "mag_type" : "ML",
      "event_location_name" : "1 km NW Albiano (TN)",
      "magnitude" : 1.0,
      "time" : "2026-05-18 10:03:40Z",
      "mag_author" : null,
      "longitude" : 11.1818,
      "contributor_id" : null
    },
    "geometry" : {
      "type" : "Point",
      "coordinates" : [ 11.1818, 46.1547 ]
    },
    "id" : "45905242"
  }, {
    "type" : "Feature",
    "properties" : {
      "depth_km" : 6.0,
      "author" : "SURVEY-INGV",
      "catalog" : null,
      "latitude" : 44.2452,
      "event_id" : 45904752,
      "contributor" : null,
      "mag_type" : "ML",
      "event_location_name" : "Confine Italia-Francia (FRANCIA)",
      "magnitude" : 1.8,
      "time" : "2026-05-18 08:59:01Z",
      "mag_author" : null,
      "longitude" : 6.7335,
      "contributor_id" : null
    },
    "geometry" : {
      "type" : "Point",
      "coordinates" : [ 6.7335, 44.2452 ]
    },
    "id" : "45904752"
  }, {
    "type" : "Feature",
    "properties" : {
      "depth_km" : 16.6,
      "author" : "SURVEY-INGV",
      "catalog" : null,
      "latitude" : 41.1967,
      "event_id" : 45904692,
      "contributor" : null,
      "mag_type" : "ML",
      "event_location_name" : "3 km N Sant'Arcangelo Trimonte (BN)",
      "magnitude" : 1.3,
      "time" : "2026-05-18 08:58:19Z",
      "mag_author" : null,
      "longitude" : 14.9425,
      "contributor_id" : null
    },
    "geometry" : {
      "type" : "Point",
      "coordinates" : [ 14.9425, 41.1967 ]
    },
    "id" : "45904692"
  }, {
    "type" : "Feature",
    "properties" : {
      "depth_km" : 8.8,
      "author" : "SURVEY-INGV",
      "catalog" : null,
      "latitude" : 42.8652,
      "event_id" : 45904532,
      "contributor" : null,
      "mag_type" : "ML",
      "event_location_name" : "7 km E Castelsantangelo sul Nera (MC)",
      "magnitude" : 1.3,
      "time" : "2026-05-18 08:50:42Z",
      "mag_author" : null,
      "longitude" : 13.2338,
      "contributor_id" : null
    },
    "geometry" : {
      "type" : "Point",
      "coordinates" : [ 13.2338, 42.8652 ]
    },
    "id" : "45904532"
  }, {
    "type" : "Feature",
    "properties" : {
      "depth_km" : 10.7,
      "author" : "SURVEY-INGV",
      "catalog" : null,
      "latitude" : 45.8795,
      "event_id" : 45904342,
      "contributor" : null,
      "mag_type" : "ML",
      "event_location_name" : "11 km NE Courmayeur (AO)",
      "magnitude" : 1.3,
      "time" : "2026-05-18 08:37:04Z",
      "mag_author" : null,
      "longitude" : 7.0393,
      "contributor_id" : null
    },
    "geometry" : {
      "type" : "Point",
      "coordinates" : [ 7.0393, 45.8795 ]
    },
    "id" : "45904342"
  }, {
    "type" : "Feature",
    "properties" : {
      "depth_km" : 4.2,
      "author" : "SURVEY-INGV",
      "catalog" : null,
      "latitude" : 43.4258,
      "event_id" : 45904332,
      "contributor" : null,
      "mag_type" : "ML",
      "event_location_name" : "4 km E Genga (AN)",
      "magnitude" : 0.4,
      "time" : "2026-05-18 08:36:14Z",
      "mag_author" : null,
      "longitude" : 12.9817,
      "contributor_id" : null
    },
    "geometry" : {
      "type" : "Point",
      "coordinates" : [ 12.9817, 43.4258 ]
    },
    "id" : "45904332"
  }, {
    "type" : "Feature",
    "properties" : {
      "depth_km" : 28.8,
      "author" : "SURVEY-INGV",
      "catalog" : null,
      "latitude" : 37.8903,
      "event_id" : 45904282,
      "contributor" : null,
      "mag_type" : "ML",
      "event_location_name" : "2 km W Castel di Lucio (ME)",
      "magnitude" : 1.0,
      "time" : "2026-05-18 08:34:21Z",
      "mag_author" : null,
      "longitude" : 14.2877,
      "contributor_id" : null
    },
    "geometry" : {
      "type" : "Point",
      "coordinates" : [ 14.2877, 37.8903 ]
    },
    "id" : "45904282"
  }, {
    "type" : "Feature",
    "properties" : {
      "depth_km" : 8.7,
      "author" : "SURVEY-INGV",
      "catalog" : null,
      "latitude" : 38.0658,
      "event_id" : 45904162,
      "contributor" : null,
      "mag_type" : "ML",
      "event_location_name" : "4 km SW Cardeto (RC)",
      "magnitude" : 1.6,
      "time" : "2026-05-18 08:30:46Z",
      "mag_author" : null,
      "longitude" : 15.7282,
      "contributor_id" : null
    },
    "geometry" : {
      "type" : "Point",
      "coordinates" : [ 15.7282, 38.0658 ]
    },
    "id" : "45904162"
  }, {
    "type" : "Feature",
    "properties" : {
      "depth_km" : 4.9,
      "author" : "SURVEY-INGV",
      "catalog" : null,
      "latitude" : 43.4575,
      "event_id" : 45904112,
      "contributor" : null,
      "mag_type" : "ML",
      "event_location_name" : "6 km W Pietralunga (PG)",
      "magnitude" : 0.8,
      "time" : "2026-05-18 08:26:53Z",
      "mag_author" : null,
      "longitude" : 12.37,
      "contributor_id" : null
    },
    "geometry" : {
      "type" : "Point",
      "coordinates" : [ 12.37, 43.4575 ]
    },
    "id" : "45904112"
  }, {
    "type" : "Feature",
    "properties" : {
      "depth_km" : 8.4,
      "author" : "SURVEY-INGV",
      "catalog" : null,
      "latitude" : 43.4563,
      "event_id" : 45904012,
      "contributor" : null,
      "mag_type" : "ML",
      "event_location_name" : "6 km W Pietralunga (PG)",
      "magnitude" : 0.8,
      "time" : "2026-05-18 08:12:30Z",
      "mag_author" : null,
      "longitude" : 12.3612,
      "contributor_id" : null
    },
    "geometry" : {
      "type" : "Point",
      "coordinates" : [ 12.3612, 43.4563 ]
    },
    "id" : "45904012"
  }, {
    "type" : "Feature",
    "properties" : {
      "depth_km" : 5.1,
      "author" : "SURVEY-INGV",
      "catalog" : null,
      "latitude" : 43.4565,
      "event_id" : 45903982,
      "contributor" : null,
      "mag_type" : "ML",
      "event_location_name" : "6 km W Pietralunga (PG)",
      "magnitude" : 0.4,
      "time" : "2026-05-18 08:11:16Z",
      "mag_author" : null,
      "longitude" : 12.3648,
      "contributor_id" : null
    },
    "geometry" : {
      "type" : "Point",
      "coordinates" : [ 12.3648, 43.4565 ]
    },
    "id" : "45903982"
  }, {
    "type" : "Feature",
    "properties" : {
      "depth_km" : 5.5,
      "author" : "SURVEY-INGV",
      "catalog" : null,
      "latitude" : 40.6827,
      "event_id" : 45903922,
      "contributor" : null,
      "mag_type" : "ML",
      "event_location_name" : "6 km E Matera (MT)",
      "magnitude" : 1.5,
      "time" : "2026-05-18 08:04:57Z",
      "mag_author" : null,
      "longitude" : 16.6727,
      "contributor_id" : null
    },
    "geometry" : {
      "type" : "Point",
      "coordinates" : [ 16.6727, 40.6827 ]
    },
    "id" : "45903922"
  }, {
    "type" : "Feature",
    "properties" : {
      "depth_km" : 18.2,
      "author" : "SURVEY-INGV",
      "catalog" : null,
      "latitude" : 39.2438,
      "event_id" : 45903872,
      "contributor" : null,
      "mag_type" : "ML",
      "event_location_name" : "11 km NE Parenti (CS)",
      "magnitude" : 1.3,
      "time" : "2026-05-18 08:04:50Z",
      "mag_author" : null,
      "longitude" : 16.4965,
      "contributor_id" : null
    },
    "geometry" : {
      "type" : "Point",
      "coordinates" : [ 16.4965, 39.2438 ]
    },
    "id" : "45903872"
  }, {
    "type" : "Feature",
    "properties" : {
      "depth_km" : 18.2,
      "author" : "SURVEY-INGV",
      "catalog" : null,
      "latitude" : 39.2438,
      "event_id" : 45903872,
      "contributor" : null,
      "mag_type" : "ML",
      "event_location_name" : "11 km NE Parenti (CS)",
      "magnitude" : 1.3,
      "time" : "2026-05-18 08:04:50Z",
      "mag_author" : null,
      "longitude" : 16.4965,
      "contributor_id" : null
    },
    "geometry" : {
      "type" : "Point",
      "coordinates" : [ 16.4965, 39.2438 ]
    },
    "id" : "45903872"
  }, {
    "type" : "Feature",
    "properties" : {
      "depth_km" : 10.0,
      "author" : "SURVEY-INGV",
      "catalog" : null,
      "latitude" : 43.4538,
      "event_id" : 45903652,
      "contributor" : null,
      "mag_type" : "ML",
      "event_location_name" : "6 km W Pietralunga (PG)",
      "magnitude" : 1.5,
      "time" : "2026-05-18 07:38:53Z",
      "mag_author" : null,
      "longitude" : 12.3632,
      "contributor_id" : null
    },
    "geometry" : {
      "type" : "Point",
      "coordinates" : [ 12.3632, 43.4538 ]
    },
    "id" : "45903652"
  }, {
    "type" : "Feature",
    "properties" : {
      "depth_km" : 11.1,
      "author" : "SURVEY-INGV",
      "catalog" : null,
      "latitude" : 43.1162,
      "event_id" : 45903532,
      "contributor" : null,
      "mag_type" : "ML",
      "event_location_name" : "6 km SW Sefro (MC)",
      "magnitude" : 1.1,
      "time" : "2026-05-18 07:31:25Z",
      "mag_author" : null,
      "longitude" : 12.8848,
      "contributor_id" : null
    },
    "geometry" : {
      "type" : "Point",
      "coordinates" : [ 12.8848, 43.1162 ]
    },
    "id" : "45903532"
  }, {
    "type" : "Feature",
    "properties" : {
      "depth_km" : 12.4,
      "author" : "SURVEY-INGV",
      "catalog" : null,
      "latitude" : 42.9427,
      "event_id" : 45903472,
      "contributor" : null,
      "mag_type" : "ML",
      "event_location_name" : "6 km S Monte Cavallo (MC)",
      "magnitude" : 0.7,
      "time" : "2026-05-18 07:28:49Z",
      "mag_author" : null,
      "longitude" : 12.9972,
      "contributor_id" : null
    },
    "geometry" : {
      "type" : "Point",
      "coordinates" : [ 12.9972, 42.9427 ]
    },
    "id" : "45903472"
  }, {
    "type" : "Feature",
    "properties" : {
      "depth_km" : 9.1,
      "author" : "SURVEY-INGV",
      "catalog" : null,
      "latitude" : 42.9803,
      "event_id" : 45902952,
      "contributor" : null,
      "mag_type" : "ML",
      "event_location_name" : "3 km SE Cannara (PG)",
      "magnitude" : 1.4,
      "time" : "2026-05-18 06:55:52Z",
      "mag_author" : null,
      "longitude" : 12.6168,
      "contributor_id" : null
    },
    "geometry" : {
      "type" : "Point",
      "coordinates" : [ 12.6168, 42.9803 ]
    },
    "id" : "45902952"
  }, {
    "type" : "Feature",
    "properties" : {
      "depth_km" : 16.7,
      "author" : "SURVEY-INGV",
      "catalog" : null,
      "latitude" : 40.804,
      "event_id" : 45902662,
      "contributor" : null,
      "mag_type" : "ML",
      "event_location_name" : "5 km W Calabritto (AV)",
      "magnitude" : 1.0,
      "time" : "2026-05-18 06:24:47Z",
      "mag_author" : null,
      "longitude" : 15.1608,
      "contributor_id" : null
    },
    "geometry" : {
      "type" : "Point",
      "coordinates" : [ 15.1608, 40.804 ]
    },
    "id" : "45902662"
  }, {
    "type" : "Feature",
    "properties" : {
      "depth_km" : 7.8,
      "author" : "SURVEY-INGV",
      "catalog" : null,
      "latitude" : 42.9032,
      "event_id" : 45902572,
      "contributor" : null,
      "mag_type" : "ML",
      "event_location_name" : "3 km NE Trevi (PG)",
      "magnitude" : 0.6,
      "time" : "2026-05-18 06:15:04Z",
      "mag_author" : null,
      "longitude" : 12.7717,
      "contributor_id" : null
    },
    "geometry" : {
      "type" : "Point",
      "coordinates" : [ 12.7717, 42.9032 ]
    },
    "id" : "45902572"
  }, {
    "type" : "Feature",
    "properties" : {
      "depth_km" : 4.0,
      "author" : "SURVEY-INGV",
      "catalog" : null,
      "latitude" : 44.2405,
      "event_id" : 45902202,
      "contributor" : null,
      "mag_type" : "ML",
      "event_location_name" : "Confine Italia-Francia (FRANCIA)",
      "magnitude" : 1.5,
      "time" : "2026-05-18 05:29:30Z",
      "mag_author" : null,
      "longitude" : 6.7402,
      "contributor_id" : null
    },
    "geometry" : {
      "type" : "Point",
      "coordinates" : [ 6.7402, 44.2405 ]
    },
    "id" : "45902202"
  }, {
    "type" : "Feature",
    "properties" : {
      "depth_km" : 9.7,
      "author" : "SURVEY-INGV",
      "catalog" : null,
      "latitude" : 43.4558,
      "event_id" : 45902082,
      "contributor" : null,
      "mag_type" : "ML",
      "event_location_name" : "6 km W Pietralunga (PG)",
      "magnitude" : 1.1,
      "time" : "2026-05-18 05:13:50Z",
      "mag_author" : null,
      "longitude" : 12.3632,
      "contributor_id" : null
    },
    "geometry" : {
      "type" : "Point",
      "coordinates" : [ 12.3632, 43.4558 ]
    },
    "id" : "45902082"
  }, {
    "type" : "Feature",
    "properties" : {
      "depth_km" : 4.3,
      "author" : "SURVEY-INGV",
      "catalog" : null,
      "latitude" : 43.4542,
      "event_id" : 45901992,
      "contributor" : null,
      "mag_type" : "ML",
      "event_location_name" : "6 km W Pietralunga (PG)",
      "magnitude" : 0.7,
      "time" : "2026-05-18 04:53:37Z",
      "mag_author" : null,
      "longitude" : 12.3663,
      "contributor_id" : null
    },
    "geometry" : {
      "type" : "Point",
      "coordinates" : [ 12.3663, 43.4542 ]
    },
    "id" : "45901992"
  }, {
    "type" : "Feature",
    "properties" : {
      "depth_km" : 9.1,
      "author" : "SURVEY-INGV",
      "catalog" : null,
      "latitude" : 43.451,
      "event_id" : 45901882,
      "contributor" : null,
      "mag_type" : "ML",
      "event_location_name" : "6 km W Pietralunga (PG)",
      "magnitude" : 1.5,
      "time" : "2026-05-18 04:52:06Z",
      "mag_author" : null,
      "longitude" : 12.3688,
      "contributor_id" : null
    },
    "geometry" : {
      "type" : "Point",
      "coordinates" : [ 12.3688, 43.451 ]
    },
    "id" : "45901882"
  }, {
    "type" : "Feature",
    "properties" : {
      "depth_km" : 9.1,
      "author" : "SURVEY-INGV",
      "catalog" : null,
      "latitude" : 43.451,
      "event_id" : 45901882,
      "contributor" : null,
      "mag_type" : "ML",
      "event_location_name" : "6 km W Pietralunga (PG)",
      "magnitude" : 1.5,
      "time" : "2026-05-18 04:52:06Z",
      "mag_author" : null,
      "longitude" : 12.3688,
      "contributor_id" : null
    },
    "geometry" : {
      "type" : "Point",
      "coordinates" : [ 12.3688, 43.451 ]
    },
    "id" : "45901882"
  }, {
    "type" : "Feature",
    "properties" : {
      "depth_km" : 9.1,
      "author" : "SURVEY-INGV",
      "catalog" : null,
      "latitude" : 42.7222,
      "event_id" : 45901692,
      "contributor" : null,
      "mag_type" : "ML",
      "event_location_name" : "2 km SE Sant'Anatolia di Narco (PG)",
      "magnitude" : 0.8,
      "time" : "2026-05-18 04:00:22Z",
      "mag_author" : null,
      "longitude" : 12.8568,
      "contributor_id" : null
    },
    "geometry" : {
      "type" : "Point",
      "coordinates" : [ 12.8568, 42.7222 ]
    },
    "id" : "45901692"
  }, {
    "type" : "Feature",
    "properties" : {
      "depth_km" : 10.3,
      "author" : "SURVEY-INGV",
      "catalog" : null,
      "latitude" : 42.8693,
      "event_id" : 45901662,
      "contributor" : null,
      "mag_type" : "ML",
      "event_location_name" : "3 km SE Sellano (PG)",
      "magnitude" : 0.5,
      "time" : "2026-05-18 03:57:50Z",
      "mag_author" : null,
      "longitude" : 12.9482,
      "contributor_id" : null
    },
    "geometry" : {
      "type" : "Point",
      "coordinates" : [ 12.9482, 42.8693 ]
    },
    "id" : "45901662"
  }, {
    "type" : "Feature",
    "properties" : {
      "depth_km" : 6.6,
      "author" : "SURVEY-INGV",
      "catalog" : null,
      "latitude" : 43.6287,
      "event_id" : 45901602,
      "contributor" : null,
      "mag_type" : "ML",
      "event_location_name" : "3 km S Borgo Pace (PU)",
      "magnitude" : 0.8,
      "time" : "2026-05-18 03:40:49Z",
      "mag_author" : null,
      "longitude" : 12.2863,
      "contributor_id" : null
    },
    "geometry" : {
      "type" : "Point",
      "coordinates" : [ 12.2863, 43.6287 ]
    },
    "id" : "45901602"
  }, {
    "type" : "Feature",
    "properties" : {
      "depth_km" : 17.9,
      "author" : "SURVEY-INGV",
      "catalog" : null,
      "latitude" : 41.6937,
      "event_id" : 45901472,
      "contributor" : null,
      "mag_type" : "ML",
      "event_location_name" : "3 km SW Bagnoli del Trigno (IS)",
      "magnitude" : 1.1,
      "time" : "2026-05-18 01:38:30Z",
      "mag_author" : null,
      "longitude" : 14.4317,
      "contributor_id" : null
    },
    "geometry" : {
      "type" : "Point",
      "coordinates" : [ 14.4317, 41.6937 ]
    },
    "id" : "45901472"
  }, {
    "type" : "Feature",
    "properties" : {
      "depth_km" : 8.7,
      "author" : "SURVEY-INGV",
      "catalog" : null,
      "latitude" : 43.4202,
      "event_id" : 45901432,
      "contributor" : null,
      "mag_type" : "ML",
      "event_location_name" : "3 km E Genga (AN)",
      "magnitude" : 0.5,
      "time" : "2026-05-18 00:49:36Z",
      "mag_author" : null,
      "longitude" : 12.9695,
      "contributor_id" : null
    },
    "geometry" : {
      "type" : "Point",
      "coordinates" : [ 12.9695, 43.4202 ]
    },
    "id" : "45901432"
  }, {
    "type" : "Feature",
    "properties" : {
      "depth_km" : 13.2,
      "author" : "SURVEY-INGV",
      "catalog" : null,
      "latitude" : 43.1087,
      "event_id" : 45901372,
      "contributor" : null,
      "mag_type" : "ML",
      "event_location_name" : "4 km SE Camerino (MC)",
      "magnitude" : 0.7,
      "time" : "2026-05-18 00:43:38Z",
      "mag_author" : null,
      "longitude" : 13.0998,
      "contributor_id" : null
    },
    "geometry" : {
      "type" : "Point",
      "coordinates" : [ 13.0998, 43.1087 ]
    },
    "id" : "45901372"
  }, {
    "type" : "Feature",
    "properties" : {
      "depth_km" : 10.5,
      "author" : "SURVEY-INGV",
      "catalog" : null,
      "latitude" : 42.8835,
      "event_id" : 45901332,
      "contributor" : null,
      "mag_type" : "ML",
      "event_location_name" : "2 km SW Castelsantangelo sul Nera (MC)",
      "magnitude" : 1.0,
      "time" : "2026-05-18 00:39:38Z",
      "mag_author" : null,
      "longitude" : 13.1347,
      "contributor_id" : null
    },
    "geometry" : {
      "type" : "Point",
      "coordinates" : [ 13.1347, 42.8835 ]
    },
    "id" : "45901332"
  }, {
    "type" : "Feature",
    "properties" : {
      "depth_km" : 10.5,
      "author" : "SURVEY-INGV",
      "catalog" : null,
      "latitude" : 42.8835,
      "event_id" : 45901332,
      "contributor" : null,
      "mag_type" : "ML",
      "event_location_name" : "2 km SW Castelsantangelo sul Nera (MC)",
      "magnitude" : 1.0,
      "time" : "2026-05-18 00:39:38Z",
      "mag_author" : null,
      "longitude" : 13.1347,
      "contributor_id" : null
    },
    "geometry" : {
      "type" : "Point",
      "coordinates" : [ 13.1347, 42.8835 ]
    },
    "id" : "45901332"
  }, {
    "type" : "Feature",
    "properties" : {
      "depth_km" : 9.6,
      "author" : "SURVEY-INGV",
      "catalog" : null,
      "latitude" : 42.8853,
      "event_id" : 45901302,
      "contributor" : null,
      "mag_type" : "ML",
      "event_location_name" : "2 km SW Castelsantangelo sul Nera (MC)",
      "magnitude" : 0.9,
      "time" : "2026-05-18 00:39:08Z",
      "mag_author" : null,
      "longitude" : 13.13,
      "contributor_id" : null
    },
    "geometry" : {
      "type" : "Point",
      "coordinates" : [ 13.13, 42.8853 ]
    },
    "id" : "45901302"
  }, {
    "type" : "Feature",
    "properties" : {
      "depth_km" : 2.6,
      "author" : "SURVEY-INGV-OV#SiSmi",
      "catalog" : null,
      "latitude" : 40.832833,
      "event_id" : 45901232,
      "contributor" : null,
      "mag_type" : "Md",
      "event_location_name" : "Campi Flegrei",
      "magnitude" : 1.3,
      "time" : "2026-05-17 23:58:06Z",
      "mag_author" : null,
      "longitude" : 14.118833,
      "contributor_id" : null
    },
    "geometry" : {
      "type" : "Point",
      "coordinates" : [ 14.118833, 40.832833 ]
    },
    "id" : "45901232"
  }, {
    "type" : "Feature",
    "properties" : {
      "depth_km" : 8.3,
      "author" : "SURVEY-INGV",
      "catalog" : null,
      "latitude" : 42.9537,
      "event_id" : 45901172,
      "contributor" : null,
      "mag_type" : "ML",
      "event_location_name" : "4 km E Ussita (MC)",
      "magnitude" : 0.8,
      "time" : "2026-05-17 23:15:26Z",
      "mag_author" : null,
      "longitude" : 13.1923,
      "contributor_id" : null
    },
    "geometry" : {
      "type" : "Point",
      "coordinates" : [ 13.1923, 42.9537 ]
    },
    "id" : "45901172"
  }, {
    "type" : "Feature",
    "properties" : {
      "depth_km" : 2.42,
      "author" : "SURVEY-INGV-OV#SiSmi",
      "catalog" : null,
      "latitude" : 40.828,
      "event_id" : 45900972,
      "contributor" : null,
      "mag_type" : "Md",
      "event_location_name" : "Campi Flegrei",
      "magnitude" : 2.3,
      "time" : "2026-05-17 22:57:34Z",
      "mag_author" : null,
      "longitude" : 14.137333,
      "contributor_id" : null
    },
    "geometry" : {
      "type" : "Point",
      "coordinates" : [ 14.137333, 40.828 ]
    },
    "id" : "45900972"
  }, {
    "type" : "Feature",
    "properties" : {
      "depth_km" : 9.6,
      "author" : "SURVEY-INGV",
      "catalog" : null,
      "latitude" : 43.4552,
      "event_id" : 45900842,
      "contributor" : null,
      "mag_type" : "ML",
      "event_location_name" : "5 km W Pietralunga (PG)",
      "magnitude" : 1.0,
      "time" : "2026-05-17 22:29:34Z",
      "mag_author" : null,
      "longitude" : 12.372,
      "contributor_id" : null
    },
    "geometry" : {
      "type" : "Point",
      "coordinates" : [ 12.372, 43.4552 ]
    },
    "id" : "45900842"
  }, {
    "type" : "Feature",
    "properties" : {
      "depth_km" : 9.8,
      "author" : "SURVEY-INGV",
      "catalog" : null,
      "latitude" : 38.1353,
      "event_id" : 45900772,
      "contributor" : null,
      "mag_type" : "ML",
      "event_location_name" : "Costa Siciliana nord-orientale (Messina)",
      "magnitude" : 1.7,
      "time" : "2026-05-17 22:20:55Z",
      "mag_author" : null,
      "longitude" : 15.0977,
      "contributor_id" : null
    },
    "geometry" : {
      "type" : "Point",
      "coordinates" : [ 15.0977, 38.1353 ]
    },
    "id" : "45900772"
  }, {
    "type" : "Feature",
    "properties" : {
      "depth_km" : 10.2,
      "author" : "SURVEY-INGV",
      "catalog" : null,
      "latitude" : 43.0707,
      "event_id" : 45900752,
      "contributor" : null,
      "mag_type" : "ML",
      "event_location_name" : "2 km SW Muccia (MC)",
      "magnitude" : 1.1,
      "time" : "2026-05-17 21:57:34Z",
      "mag_author" : null,
      "longitude" : 13.036,
      "contributor_id" : null
    },
    "geometry" : {
      "type" : "Point",
      "coordinates" : [ 13.036, 43.0707 ]
    },
    "id" : "45900752"
  }, {
    "type" : "Feature",
    "properties" : {
      "depth_km" : 9.8,
      "author" : "SURVEY-INGV",
      "catalog" : null,
      "latitude" : 38.9578,
      "event_id" : 45900712,
      "contributor" : null,
      "mag_type" : "ML",
      "event_location_name" : "3 km SE Lamezia Terme (CZ)",
      "magnitude" : 0.6,
      "time" : "2026-05-17 21:34:48Z",
      "mag_author" : null,
      "longitude" : 16.3378,
      "contributor_id" : null
    },
    "geometry" : {
      "type" : "Point",
      "coordinates" : [ 16.3378, 38.9578 ]
    },
    "id" : "45900712"
  }, {
    "type" : "Feature",
    "properties" : {
      "depth_km" : 106.0,
      "author" : "SURVEY-INGV",
      "catalog" : null,
      "latitude" : 38.2892,
      "event_id" : 45900632,
      "contributor" : null,
      "mag_type" : "ML",
      "event_location_name" : "Costa Siciliana nord-orientale (Messina)",
      "magnitude" : 2.4,
      "time" : "2026-05-17 21:12:04Z",
      "mag_author" : null,
      "longitude" : 15.2003,
      "contributor_id" : null
    },
    "geometry" : {
      "type" : "Point",
      "coordinates" : [ 15.2003, 38.2892 ]
    },
    "id" : "45900632"
  }, {
    "type" : "Feature",
    "properties" : {
      "depth_km" : 106.0,
      "author" : "SURVEY-INGV",
      "catalog" : null,
      "latitude" : 38.2892,
      "event_id" : 45900632,
      "contributor" : null,
      "mag_type" : "ML",
      "event_location_name" : "Costa Siciliana nord-orientale (Messina)",
      "magnitude" : 2.4,
      "time" : "2026-05-17 21:12:04Z",
      "mag_author" : null,
      "longitude" : 15.2003,
      "contributor_id" : null
    },
    "geometry" : {
      "type" : "Point",
      "coordinates" : [ 15.2003, 38.2892 ]
    },
    "id" : "45900632"
  }, {
    "type" : "Feature",
    "properties" : {
      "depth_km" : 8.7,
      "author" : "SURVEY-INGV",
      "catalog" : null,
      "latitude" : 43.7653,
      "event_id" : 45900602,
      "contributor" : null,
      "mag_type" : "ML",
      "event_location_name" : "5 km SW Verghereto (FC)",
      "magnitude" : 0.9,
      "time" : "2026-05-17 21:03:39Z",
      "mag_author" : null,
      "longitude" : 11.964,
      "contributor_id" : null
    },
    "geometry" : {
      "type" : "Point",
      "coordinates" : [ 11.964, 43.7653 ]
    },
    "id" : "45900602"
  }, {
    "type" : "Feature",
    "properties" : {
      "depth_km" : 8.3,
      "author" : "SURVEY-INGV",
      "catalog" : null,
      "latitude" : 43.7237,
      "event_id" : 45900542,
      "contributor" : null,
      "mag_type" : "ML",
      "event_location_name" : "3 km N Chiusi della Verna (AR)",
      "magnitude" : 0.9,
      "time" : "2026-05-17 20:42:40Z",
      "mag_author" : null,
      "longitude" : 11.9283,
      "contributor_id" : null
    },
    "geometry" : {
      "type" : "Point",
      "coordinates" : [ 11.9283, 43.7237 ]
    },
    "id" : "45900542"
  }, {
    "type" : "Feature",
    "properties" : {
      "depth_km" : 4.7,
      "author" : "SURVEY-INGV",
      "catalog" : null,
      "latitude" : 45.8013,
      "event_id" : 45900362,
      "contributor" : null,
      "mag_type" : "ML",
      "event_location_name" : "6 km SE Oyace (AO)",
      "magnitude" : 0.5,
      "time" : "2026-05-17 19:11:09Z",
      "mag_author" : null,
      "longitude" : 7.416,
      "contributor_id" : null
    },
    "geometry" : {
      "type" : "Point",
      "coordinates" : [ 7.416, 45.8013 ]
    },
    "id" : "45900362"
  }, {
    "type" : "Feature",
    "properties" : {
      "depth_km" : 4.7,
      "author" : "SURVEY-INGV",
      "catalog" : null,
      "latitude" : 45.8013,
      "event_id" : 45900362,
      "contributor" : null,
      "mag_type" : "ML",
      "event_location_name" : "6 km SE Oyace (AO)",
      "magnitude" : 0.5,
      "time" : "2026-05-17 19:11:09Z",
      "mag_author" : null,
      "longitude" : 7.416,
      "contributor_id" : null
    },
    "geometry" : {
      "type" : "Point",
      "coordinates" : [ 7.416, 45.8013 ]
    },
    "id" : "45900362"
  }, {
    "type" : "Feature",
    "properties" : {
      "depth_km" : 8.1,
      "author" : "SURVEY-INGV",
      "catalog" : null,
      "latitude" : 44.4013,
      "event_id" : 45900202,
      "contributor" : null,
      "mag_type" : "ML",
      "event_location_name" : "2 km SW Monterosso Grana (CN)",
      "magnitude" : 0.7,
      "time" : "2026-05-17 18:19:46Z",
      "mag_author" : null,
      "longitude" : 7.3058,
      "contributor_id" : null
    },
    "geometry" : {
      "type" : "Point",
      "coordinates" : [ 7.3058, 44.4013 ]
    },
    "id" : "45900202"
  }, {
    "type" : "Feature",
    "properties" : {
      "depth_km" : 12.1,
      "author" : "SURVEY-INGV",
      "catalog" : null,
      "latitude" : 46.4642,
      "event_id" : 45900162,
      "contributor" : null,
      "mag_type" : "ML",
      "event_location_name" : "6 km NW Pozza di Fassa (TN)",
      "magnitude" : 1.1,
      "time" : "2026-05-17 18:11:40Z",
      "mag_author" : null,
      "longitude" : 11.622,
      "contributor_id" : null
    },
    "geometry" : {
      "type" : "Point",
      "coordinates" : [ 11.622, 46.4642 ]
    },
    "id" : "45900162"
  }, {
    "type" : "Feature",
    "properties" : {
      "depth_km" : 11.1,
      "author" : "SURVEY-INGV",
      "catalog" : null,
      "latitude" : 43.5067,
      "event_id" : 45899852,
      "contributor" : null,
      "mag_type" : "ML",
      "event_location_name" : "6 km NE Città di Castello (PG)",
      "magnitude" : 0.6,
      "time" : "2026-05-17 17:06:31Z",
      "mag_author" : null,
      "longitude" : 12.2812,
      "contributor_id" : null
    },
    "geometry" : {
      "type" : "Point",
      "coordinates" : [ 12.2812, 43.5067 ]
    },
    "id" : "45899852"
  }, {
    "type" : "Feature",
    "properties" : {
      "depth_km" : 11.1,
      "author" : "SURVEY-INGV",
      "catalog" : null,
      "latitude" : 43.5067,
      "event_id" : 45899852,
      "contributor" : null,
      "mag_type" : "ML",
      "event_location_name" : "6 km NE Città di Castello (PG)",
      "magnitude" : 0.6,
      "time" : "2026-05-17 17:06:31Z",
      "mag_author" : null,
      "longitude" : 12.2812,
      "contributor_id" : null
    },
    "geometry" : {
      "type" : "Point",
      "coordinates" : [ 12.2812, 43.5067 ]
    },
    "id" : "45899852"
  }, {
    "type" : "Feature",
    "properties" : {
      "depth_km" : 15.5,
      "author" : "SURVEY-INGV",
      "catalog" : null,
      "latitude" : 43.3677,
      "event_id" : 45899782,
      "contributor" : null,
      "mag_type" : "ML",
      "event_location_name" : "5 km NE Sigillo (PG)",
      "magnitude" : 0.8,
      "time" : "2026-05-17 16:49:42Z",
      "mag_author" : null,
      "longitude" : 12.7783,
      "contributor_id" : null
    },
    "geometry" : {
      "type" : "Point",
      "coordinates" : [ 12.7783, 43.3677 ]
    },
    "id" : "45899782"
  }, {
    "type" : "Feature",
    "properties" : {
      "depth_km" : 12.5,
      "author" : "SURVEY-INGV",
      "catalog" : null,
      "latitude" : 44.5428,
      "event_id" : 45899622,
      "contributor" : null,
      "mag_type" : "ML",
      "event_location_name" : "Confine Italia-Francia (FRANCIA)",
      "magnitude" : 1.1,
      "time" : "2026-05-17 16:27:25Z",
      "mag_author" : null,
      "longitude" : 6.646,
      "contributor_id" : null
    },
    "geometry" : {
      "type" : "Point",
      "coordinates" : [ 6.646, 44.5428 ]
    },
    "id" : "45899622"
  }, {
    "type" : "Feature",
    "properties" : {
      "depth_km" : 8.4,
      "author" : "SURVEY-INGV",
      "catalog" : null,
      "latitude" : 42.9362,
      "event_id" : 45899602,
      "contributor" : null,
      "mag_type" : "ML",
      "event_location_name" : "5 km W Visso (MC)",
      "magnitude" : 0.4,
      "time" : "2026-05-17 16:23:59Z",
      "mag_author" : null,
      "longitude" : 13.0248,
      "contributor_id" : null
    },
    "geometry" : {
      "type" : "Point",
      "coordinates" : [ 13.0248, 42.9362 ]
    },
    "id" : "45899602"
  }, {
    "type" : "Feature",
    "properties" : {
      "depth_km" : 11.4,
      "author" : "SURVEY-INGV",
      "catalog" : null,
      "latitude" : 42.9313,
      "event_id" : 45899522,
      "contributor" : null,
      "mag_type" : "ML",
      "event_location_name" : "6 km NW Sellano (PG)",
      "magnitude" : 0.5,
      "time" : "2026-05-17 16:05:22Z",
      "mag_author" : null,
      "longitude" : 12.8817,
      "contributor_id" : null
    },
    "geometry" : {
      "type" : "Point",
      "coordinates" : [ 12.8817, 42.9313 ]
    },
    "id" : "45899522"
  }, {
    "type" : "Feature",
    "properties" : {
      "depth_km" : 11.0,
      "author" : "SURVEY-INGV",
      "catalog" : null,
      "latitude" : 43.2197,
      "event_id" : 45899272,
      "contributor" : null,
      "mag_type" : "ML",
      "event_location_name" : "7 km N Valfabbrica (PG)",
      "magnitude" : 1.0,
      "time" : "2026-05-17 15:33:33Z",
      "mag_author" : null,
      "longitude" : 12.6137,
      "contributor_id" : null
    },
    "geometry" : {
      "type" : "Point",
      "coordinates" : [ 12.6137, 43.2197 ]
    },
    "id" : "45899272"
  }, {
    "type" : "Feature",
    "properties" : {
      "depth_km" : 12.7,
      "author" : "SURVEY-INGV",
      "catalog" : null,
      "latitude" : 43.0068,
      "event_id" : 45899092,
      "contributor" : null,
      "mag_type" : "Md",
      "event_location_name" : "2 km NE Monte Cavallo (MC)",
      "magnitude" : 1.0,
      "time" : "2026-05-17 15:01:07Z",
      "mag_author" : null,
      "longitude" : 13.012,
      "contributor_id" : null
    },
    "geometry" : {
      "type" : "Point",
      "coordinates" : [ 13.012, 43.0068 ]
    },
    "id" : "45899092"
  }, {
    "type" : "Feature",
    "properties" : {
      "depth_km" : 9.6,
      "author" : "SURVEY-INGV",
      "catalog" : null,
      "latitude" : 43.3958,
      "event_id" : 45898682,
      "contributor" : null,
      "mag_type" : "ML",
      "event_location_name" : "5 km NW Gubbio (PG)",
      "magnitude" : 0.6,
      "time" : "2026-05-17 14:16:49Z",
      "mag_author" : null,
      "longitude" : 12.5518,
      "contributor_id" : null
    },
    "geometry" : {
      "type" : "Point",
      "coordinates" : [ 12.5518, 43.3958 ]
    },
    "id" : "45898682"
  }, {
    "type" : "Feature",
    "properties" : {
      "depth_km" : 11.0,
      "author" : "SURVEY-INGV",
      "catalog" : null,
      "latitude" : 42.8863,
      "event_id" : 45898562,
      "contributor" : null,
      "mag_type" : "ML",
      "event_location_name" : "2 km E Sellano (PG)",
      "magnitude" : 1.1,
      "time" : "2026-05-17 14:02:48Z",
      "mag_author" : null,
      "longitude" : 12.9557,
      "contributor_id" : null
    },
    "geometry" : {
      "type" : "Point",
      "coordinates" : [ 12.9557, 42.8863 ]
    },
    "id" : "45898562"
  }, {
    "type" : "Feature",
    "properties" : {
      "depth_km" : 10.2,
      "author" : "SURVEY-INGV",
      "catalog" : null,
      "latitude" : 38.1372,
      "event_id" : 45898502,
      "contributor" : null,
      "mag_type" : "ML",
      "event_location_name" : "Costa Siciliana nord-orientale (Messina)",
      "magnitude" : 1.8,
      "time" : "2026-05-17 13:57:51Z",
      "mag_author" : null,
      "longitude" : 15.0937,
      "contributor_id" : null
    },
    "geometry" : {
      "type" : "Point",
      "coordinates" : [ 15.0937, 38.1372 ]
    },
    "id" : "45898502"
  }, {
    "type" : "Feature",
    "properties" : {
      "depth_km" : 16.8,
      "author" : "SURVEY-INGV",
      "catalog" : null,
      "latitude" : 43.1712,
      "event_id" : 45898412,
      "contributor" : null,
      "mag_type" : "ML",
      "event_location_name" : "6 km W Fiuminata (MC)",
      "magnitude" : 0.5,
      "time" : "2026-05-17 13:47:26Z",
      "mag_author" : null,
      "longitude" : 12.866,
      "contributor_id" : null
    },
    "geometry" : {
      "type" : "Point",
      "coordinates" : [ 12.866, 43.1712 ]
    },
    "id" : "45898412"
  }, {
    "type" : "Feature",
    "properties" : {
      "depth_km" : 10.9,
      "author" : "SURVEY-INGV",
      "catalog" : null,
      "latitude" : 42.4593,
      "event_id" : 45898142,
      "contributor" : null,
      "mag_type" : "ML",
      "event_location_name" : "1 km S Cantalice (RI)",
      "magnitude" : 2.0,
      "time" : "2026-05-17 13:11:56Z",
      "mag_author" : null,
      "longitude" : 12.9055,
      "contributor_id" : null
    },
    "geometry" : {
      "type" : "Point",
      "coordinates" : [ 12.9055, 42.4593 ]
    },
    "id" : "45898142"
  }, {
    "type" : "Feature",
    "properties" : {
      "depth_km" : 5.0,
      "author" : "SURVEY-INGV",
      "catalog" : null,
      "latitude" : 43.4775,
      "event_id" : 45897972,
      "contributor" : null,
      "mag_type" : "ML",
      "event_location_name" : "4 km SE Arcevia (AN)",
      "magnitude" : 0.8,
      "time" : "2026-05-17 12:52:55Z",
      "mag_author" : null,
      "longitude" : 12.9807,
      "contributor_id" : null
    },
    "geometry" : {
      "type" : "Point",
      "coordinates" : [ 12.9807, 43.4775 ]
    },
    "id" : "45897972"
  }, {
    "type" : "Feature",
    "properties" : {
      "depth_km" : 5.0,
      "author" : "SURVEY-INGV",
      "catalog" : null,
      "latitude" : 43.4775,
      "event_id" : 45897972,
      "contributor" : null,
      "mag_type" : "ML",
      "event_location_name" : "4 km SE Arcevia (AN)",
      "magnitude" : 0.8,
      "time" : "2026-05-17 12:52:55Z",
      "mag_author" : null,
      "longitude" : 12.9807,
      "contributor_id" : null
    },
    "geometry" : {
      "type" : "Point",
      "coordinates" : [ 12.9807, 43.4775 ]
    },
    "id" : "45897972"
  }, {
    "type" : "Feature",
    "properties" : {
      "depth_km" : 8.8,
      "author" : "SURVEY-INGV",
      "catalog" : null,
      "latitude" : 45.8183,
      "event_id" : 45897952,
      "contributor" : null,
      "mag_type" : "ML",
      "event_location_name" : "5 km SE Oyace (AO)",
      "magnitude" : 0.4,
      "time" : "2026-05-17 12:51:28Z",
      "mag_author" : null,
      "longitude" : 7.4208,
      "contributor_id" : null
    },
    "geometry" : {
      "type" : "Point",
      "coordinates" : [ 7.4208, 45.8183 ]
    },
    "id" : "45897952"
  }, {
    "type" : "Feature",
    "properties" : {
      "depth_km" : 11.9,
      "author" : "SURVEY-INGV",
      "catalog" : null,
      "latitude" : 42.9527,
      "event_id" : 45897892,
      "contributor" : null,
      "mag_type" : "ML",
      "event_location_name" : "5 km SE Monte Cavallo (MC)",
      "magnitude" : 1.2,
      "time" : "2026-05-17 12:41:10Z",
      "mag_author" : null,
      "longitude" : 13.027,
      "contributor_id" : null
    },
    "geometry" : {
      "type" : "Point",
      "coordinates" : [ 13.027, 42.9527 ]
    },
    "id" : "45897892"
  }, {
    "type" : "Feature",
    "properties" : {
      "depth_km" : 8.2,
      "author" : "SURVEY-INGV",
      "catalog" : null,
      "latitude" : 43.1023,
      "event_id" : 45897532,
      "contributor" : null,
      "mag_type" : "ML",
      "event_location_name" : "3 km NE Serravalle di Chienti (MC)",
      "magnitude" : 0.2,
      "time" : "2026-05-17 11:01:10Z",
      "mag_author" : null,
      "longitude" : 12.966,
      "contributor_id" : null
    },
    "geometry" : {
      "type" : "Point",
      "coordinates" : [ 12.966, 43.1023 ]
    },
    "id" : "45897532"
  }, {
    "type" : "Feature",
    "properties" : {
      "depth_km" : 12.0,
      "author" : "SURVEY-INGV",
      "catalog" : null,
      "latitude" : 43.3657,
      "event_id" : 45897472,
      "contributor" : null,
      "mag_type" : "ML",
      "event_location_name" : "4 km NE Sigillo (PG)",
      "magnitude" : 0.3,
      "time" : "2026-05-17 10:57:35Z",
      "mag_author" : null,
      "longitude" : 12.7727,
      "contributor_id" : null
    },
    "geometry" : {
      "type" : "Point",
      "coordinates" : [ 12.7727, 43.3657 ]
    },
    "id" : "45897472"
  }, {
    "type" : "Feature",
    "properties" : {
      "depth_km" : 10.1,
      "author" : "SURVEY-INGV",
      "catalog" : null,
      "latitude" : 42.8797,
      "event_id" : 45897222,
      "contributor" : null,
      "mag_type" : "ML",
      "event_location_name" : "2 km E Trevi (PG)",
      "magnitude" : 0.8,
      "time" : "2026-05-17 09:32:38Z",
      "mag_author" : null,
      "longitude" : 12.7673,
      "contributor_id" : null
    },
    "geometry" : {
      "type" : "Point",
      "coordinates" : [ 12.7673, 42.8797 ]
    },
    "id" : "45897222"
  }, {
    "type" : "Feature",
    "properties" : {
      "depth_km" : 10.1,
      "author" : "SURVEY-INGV",
      "catalog" : null,
      "latitude" : 42.8797,
      "event_id" : 45897222,
      "contributor" : null,
      "mag_type" : "ML",
      "event_location_name" : "2 km E Trevi (PG)",
      "magnitude" : 0.8,
      "time" : "2026-05-17 09:32:38Z",
      "mag_author" : null,
      "longitude" : 12.7673,
      "contributor_id" : null
    },
    "geometry" : {
      "type" : "Point",
      "coordinates" : [ 12.7673, 42.8797 ]
    },
    "id" : "45897222"
  }, {
    "type" : "Feature",
    "properties" : {
      "depth_km" : 10.7,
      "author" : "SURVEY-INGV",
      "catalog" : null,
      "latitude" : 44.5025,
      "event_id" : 45897182,
      "contributor" : null,
      "mag_type" : "ML",
      "event_location_name" : "8 km W Acceglio (CN)",
      "magnitude" : 1.3,
      "time" : "2026-05-17 09:26:24Z",
      "mag_author" : null,
      "longitude" : 6.8997,
      "contributor_id" : null
    },
    "geometry" : {
      "type" : "Point",
      "coordinates" : [ 6.8997, 44.5025 ]
    },
    "id" : "45897182"
  }, {
    "type" : "Feature",
    "properties" : {
      "depth_km" : 14.2,
      "author" : "SURVEY-INGV",
      "catalog" : null,
      "latitude" : 41.2282,
      "event_id" : 45896802,
      "contributor" : null,
      "mag_type" : "ML",
      "event_location_name" : "1 km N Buonalbergo (BN)",
      "magnitude" : 1.3,
      "time" : "2026-05-17 08:15:15Z",
      "mag_author" : null,
      "longitude" : 14.9778,
      "contributor_id" : null
    },
    "geometry" : {
      "type" : "Point",
      "coordinates" : [ 14.9778, 41.2282 ]
    },
    "id" : "45896802"
  }, {
    "type" : "Feature",
    "properties" : {
      "depth_km" : 8.5,
      "author" : "SURVEY-INGV",
      "catalog" : null,
      "latitude" : 41.5712,
      "event_id" : 45896542,
      "contributor" : null,
      "mag_type" : "ML",
      "event_location_name" : "2 km SW Belmonte Castello (FR)",
      "magnitude" : 1.6,
      "time" : "2026-05-17 07:16:31Z",
      "mag_author" : null,
      "longitude" : 13.7952,
      "contributor_id" : null
    },
    "geometry" : {
      "type" : "Point",
      "coordinates" : [ 13.7952, 41.5712 ]
    },
    "id" : "45896542"
  }, {
    "type" : "Feature",
    "properties" : {
      "depth_km" : 10.8,
      "author" : "SURVEY-INGV",
      "catalog" : null,
      "latitude" : 43.1422,
      "event_id" : 45896472,
      "contributor" : null,
      "mag_type" : "ML",
      "event_location_name" : "5 km SE Pioraco (MC)",
      "magnitude" : 0.8,
      "time" : "2026-05-17 07:07:23Z",
      "mag_author" : null,
      "longitude" : 13.011,
      "contributor_id" : null
    },
    "geometry" : {
      "type" : "Point",
      "coordinates" : [ 13.011, 43.1422 ]
    },
    "id" : "45896472"
  }, {
    "type" : "Feature",
    "properties" : {
      "depth_km" : 3.5,
      "author" : "SURVEY-INGV",
      "catalog" : null,
      "latitude" : 43.0645,
      "event_id" : 45896402,
      "contributor" : null,
      "mag_type" : "ML",
      "event_location_name" : "Pievebovigliana (MC)",
      "magnitude" : 0.5,
      "time" : "2026-05-17 06:51:48Z",
      "mag_author" : null,
      "longitude" : 13.0908,
      "contributor_id" : null
    },
    "geometry" : {
      "type" : "Point",
      "coordinates" : [ 13.0908, 43.0645 ]
    },
    "id" : "45896402"
  }, {
    "type" : "Feature",
    "properties" : {
      "depth_km" : 6.4,
      "author" : "SURVEY-INGV",
      "catalog" : null,
      "latitude" : 42.3723,
      "event_id" : 45896362,
      "contributor" : null,
      "mag_type" : "ML",
      "event_location_name" : "4 km S Rieti (RI)",
      "magnitude" : 0.8,
      "time" : "2026-05-17 06:29:21Z",
      "mag_author" : null,
      "longitude" : 12.8533,
      "contributor_id" : null
    },
    "geometry" : {
      "type" : "Point",
      "coordinates" : [ 12.8533, 42.3723 ]
    },
    "id" : "45896362"
  }, {
    "type" : "Feature",
    "properties" : {
      "depth_km" : 9.9,
      "author" : "SURVEY-INGV",
      "catalog" : null,
      "latitude" : 39.6602,
      "event_id" : 45896142,
      "contributor" : null,
      "mag_type" : "ML",
      "event_location_name" : "Greece [Land]",
      "magnitude" : 3.8,
      "time" : "2026-05-17 06:18:17Z",
      "mag_author" : null,
      "longitude" : 20.6138,
      "contributor_id" : null
    },
    "geometry" : {
      "type" : "Point",
      "coordinates" : [ 20.6138, 39.6602 ]
    },
    "id" : "45896142"
  }, {
    "type" : "Feature",
    "properties" : {
      "depth_km" : 14.0,
      "author" : "SURVEY-INGV",
      "catalog" : null,
      "latitude" : 42.8362,
      "event_id" : 45896032,
      "contributor" : null,
      "mag_type" : "ML",
      "event_location_name" : "7 km W Montegallo (AP)",
      "magnitude" : 0.9,
      "time" : "2026-05-17 05:57:02Z",
      "mag_author" : null,
      "longitude" : 13.245,
      "contributor_id" : null
    },
    "geometry" : {
      "type" : "Point",
      "coordinates" : [ 13.245, 42.8362 ]
    },
    "id" : "45896032"
  }, {
    "type" : "Feature",
    "properties" : {
      "depth_km" : 9.7,
      "author" : "SURVEY-INGV",
      "catalog" : null,
      "latitude" : 43.5937,
      "event_id" : 45895962,
      "contributor" : null,
      "mag_type" : "ML",
      "event_location_name" : "6 km N Anghiari (AR)",
      "magnitude" : 0.7,
      "time" : "2026-05-17 04:28:56Z",
      "mag_author" : null,
      "longitude" : 12.0362,
      "contributor_id" : null
    },
    "geometry" : {
      "type" : "Point",
      "coordinates" : [ 12.0362, 43.5937 ]
    },
    "id" : "45895962"
  }, {
    "type" : "Feature",
    "properties" : {
      "depth_km" : 16.3,
      "author" : "SURVEY-INGV",
      "catalog" : null,
      "latitude" : 43.3987,
      "event_id" : 45895902,
      "contributor" : null,
      "mag_type" : "ML",
      "event_location_name" : "3 km E Scheggia e Pascelupo (PG)",
      "magnitude" : 0.8,
      "time" : "2026-05-17 04:26:41Z",
      "mag_author" : null,
      "longitude" : 12.71,
      "contributor_id" : null
    },
    "geometry" : {
      "type" : "Point",
      "coordinates" : [ 12.71, 43.3987 ]
    },
    "id" : "45895902"
  }, {
    "type" : "Feature",
    "properties" : {
      "depth_km" : 12.2,
      "author" : "SURVEY-INGV",
      "catalog" : null,
      "latitude" : 43.658,
      "event_id" : 45895862,
      "contributor" : null,
      "mag_type" : "ML",
      "event_location_name" : "3 km NW Caprese Michelangelo (AR)",
      "magnitude" : 1.5,
      "time" : "2026-05-17 04:25:41Z",
      "mag_author" : null,
      "longitude" : 11.9593,
      "contributor_id" : null
    },
    "geometry" : {
      "type" : "Point",
      "coordinates" : [ 11.9593, 43.658 ]
    },
    "id" : "45895862"
  }, {
    "type" : "Feature",
    "properties" : {
      "depth_km" : 9.9,
      "author" : "SURVEY-INGV",
      "catalog" : null,
      "latitude" : 43.6378,
      "event_id" : 45895802,
      "contributor" : null,
      "mag_type" : "ML",
      "event_location_name" : "1 km SE Caprese Michelangelo (AR)",
      "magnitude" : 0.8,
      "time" : "2026-05-17 04:08:30Z",
      "mag_author" : null,
      "longitude" : 11.995,
      "contributor_id" : null
    },
    "geometry" : {
      "type" : "Point",
      "coordinates" : [ 11.995, 43.6378 ]
    },
    "id" : "45895802"
  }, {
    "type" : "Feature",
    "properties" : {
      "depth_km" : 10.8,
      "author" : "SURVEY-INGV",
      "catalog" : null,
      "latitude" : 43.6508,
      "event_id" : 45895772,
      "contributor" : null,
      "mag_type" : "ML",
      "event_location_name" : "1 km NE Caprese Michelangelo (AR)",
      "magnitude" : 0.8,
      "time" : "2026-05-17 04:05:40Z",
      "mag_author" : null,
      "longitude" : 11.9932,
      "contributor_id" : null
    },
    "geometry" : {
      "type" : "Point",
      "coordinates" : [ 11.9932, 43.6508 ]
    },
    "id" : "45895772"
  }, {
    "type" : "Feature",
    "properties" : {
      "depth_km" : 9.2,
      "author" : "SURVEY-INGV",
      "catalog" : null,
      "latitude" : 43.6375,
      "event_id" : 45895732,
      "contributor" : null,
      "mag_type" : "ML",
      "event_location_name" : "1 km S Caprese Michelangelo (AR)",
      "magnitude" : 0.9,
      "time" : "2026-05-17 04:04:40Z",
      "mag_author" : null,
      "longitude" : 11.9862,
      "contributor_id" : null
    },
    "geometry" : {
      "type" : "Point",
      "coordinates" : [ 11.9862, 43.6375 ]
    },
    "id" : "45895732"
  }, {
    "type" : "Feature",
    "properties" : {
      "depth_km" : 10.9,
      "author" : "SURVEY-INGV",
      "catalog" : null,
      "latitude" : 43.6745,
      "event_id" : 45895652,
      "contributor" : null,
      "mag_type" : "ML",
      "event_location_name" : "3 km N Caprese Michelangelo (AR)",
      "magnitude" : 1.0,
      "time" : "2026-05-17 03:52:28Z",
      "mag_author" : null,
      "longitude" : 11.984,
      "contributor_id" : null
    },
    "geometry" : {
      "type" : "Point",
      "coordinates" : [ 11.984, 43.6745 ]
    },
    "id" : "45895652"
  }, {
    "type" : "Feature",
    "properties" : {
      "depth_km" : 9.2,
      "author" : "SURVEY-INGV",
      "catalog" : null,
      "latitude" : 43.665,
      "event_id" : 45895602,
      "contributor" : null,
      "mag_type" : "ML",
      "event_location_name" : "2 km N Caprese Michelangelo (AR)",
      "magnitude" : 1.2,
      "time" : "2026-05-17 03:36:34Z",
      "mag_author" : null,
      "longitude" : 11.9838,
      "contributor_id" : null
    },
    "geometry" : {
      "type" : "Point",
      "coordinates" : [ 11.9838, 43.665 ]
    },
    "id" : "45895602"
  }, {
    "type" : "Feature",
    "properties" : {
      "depth_km" : 6.2,
      "author" : "SURVEY-INGV",
      "catalog" : null,
      "latitude" : 43.4385,
      "event_id" : 45895552,
      "contributor" : null,
      "mag_type" : "ML",
      "event_location_name" : "1 km S Serra San Quirico (AN)",
      "magnitude" : 0.5,
      "time" : "2026-05-17 03:33:41Z",
      "mag_author" : null,
      "longitude" : 13.0127,
      "contributor_id" : null
    },
    "geometry" : {
      "type" : "Point",
      "coordinates" : [ 13.0127, 43.4385 ]
    },
    "id" : "45895552"
  }, {
    "type" : "Feature",
    "properties" : {
      "depth_km" : 13.3,
      "author" : "SURVEY-INGV",
      "catalog" : null,
      "latitude" : 43.6522,
      "event_id" : 45895512,
      "contributor" : null,
      "mag_type" : "ML",
      "event_location_name" : "2 km W Caprese Michelangelo (AR)",
      "magnitude" : 1.0,
      "time" : "2026-05-17 03:24:45Z",
      "mag_author" : null,
      "longitude" : 11.9575,
      "contributor_id" : null
    },
    "geometry" : {
      "type" : "Point",
      "coordinates" : [ 11.9575, 43.6522 ]
    },
    "id" : "45895512"
  }, {
    "type" : "Feature",
    "properties" : {
      "depth_km" : 10.6,
      "author" : "SURVEY-INGV",
      "catalog" : null,
      "latitude" : 43.6687,
      "event_id" : 45895382,
      "contributor" : null,
      "mag_type" : "ML",
      "event_location_name" : "3 km N Caprese Michelangelo (AR)",
      "magnitude" : 1.9,
      "time" : "2026-05-17 03:18:26Z",
      "mag_author" : null,
      "longitude" : 11.9807,
      "contributor_id" : null
    },
    "geometry" : {
      "type" : "Point",
      "coordinates" : [ 11.9807, 43.6687 ]
    },
    "id" : "45895382"
  }, {
    "type" : "Feature",
    "properties" : {
      "depth_km" : 10.2,
      "author" : "SURVEY-INGV",
      "catalog" : null,
      "latitude" : 43.6548,
      "event_id" : 45895302,
      "contributor" : null,
      "mag_type" : "ML",
      "event_location_name" : "2 km NW Caprese Michelangelo (AR)",
      "magnitude" : 1.5,
      "time" : "2026-05-17 03:16:12Z",
      "mag_author" : null,
      "longitude" : 11.9718,
      "contributor_id" : null
    },
    "geometry" : {
      "type" : "Point",
      "coordinates" : [ 11.9718, 43.6548 ]
    },
    "id" : "45895302"
  }, {
    "type" : "Feature",
    "properties" : {
      "depth_km" : 10.0,
      "author" : "SURVEY-INGV",
      "catalog" : null,
      "latitude" : 42.9007,
      "event_id" : 45895142,
      "contributor" : null,
      "mag_type" : "ML",
      "event_location_name" : "4 km E Sellano (PG)",
      "magnitude" : 0.9,
      "time" : "2026-05-17 02:27:31Z",
      "mag_author" : null,
      "longitude" : 12.9755,
      "contributor_id" : null
    },
    "geometry" : {
      "type" : "Point",
      "coordinates" : [ 12.9755, 42.9007 ]
    },
    "id" : "45895142"
  }, {
    "type" : "Feature",
    "properties" : {
      "depth_km" : 20.6,
      "author" : "SURVEY-INGV",
      "catalog" : null,
      "latitude" : 41.2222,
      "event_id" : 45895122,
      "contributor" : null,
      "mag_type" : "ML",
      "event_location_name" : "1 km W Buonalbergo (BN)",
      "magnitude" : 1.7,
      "time" : "2026-05-17 01:49:22Z",
      "mag_author" : null,
      "longitude" : 14.9717,
      "contributor_id" : null
    },
    "geometry" : {
      "type" : "Point",
      "coordinates" : [ 14.9717, 41.2222 ]
    },
    "id" : "45895122"
  }, {
    "type" : "Feature",
    "properties" : {
      "depth_km" : 12.4,
      "author" : "SURVEY-INGV",
      "catalog" : null,
      "latitude" : 42.4657,
      "event_id" : 45895022,
      "contributor" : null,
      "mag_type" : "ML",
      "event_location_name" : "7 km E Pizzoli (AQ)",
      "magnitude" : 1.2,
      "time" : "2026-05-17 00:53:33Z",
      "mag_author" : null,
      "longitude" : 13.37,
      "contributor_id" : null
    },
    "geometry" : {
      "type" : "Point",
      "coordinates" : [ 13.37, 42.4657 ]
    },
    "id" : "45895022"
  }, {
    "type" : "Feature",
    "properties" : {
      "depth_km" : 8.6,
      "author" : "SURVEY-INGV",
      "catalog" : null,
      "latitude" : 42.849,
      "event_id" : 45894942,
      "contributor" : null,
      "mag_type" : "ML",
      "event_location_name" : "7 km W Montegallo (AP)",
      "magnitude" : 1.1,
      "time" : "2026-05-17 00:22:59Z",
      "mag_author" : null,
      "longitude" : 13.2472,
      "contributor_id" : null
    },
    "geometry" : {
      "type" : "Point",
      "coordinates" : [ 13.2472, 42.849 ]
    },
    "id" : "45894942"
  }, {
    "type" : "Feature",
    "properties" : {
      "depth_km" : 10.0,
      "author" : "SURVEY-INGV",
      "catalog" : null,
      "latitude" : 43.4663,
      "event_id" : 45894862,
      "contributor" : null,
      "mag_type" : "ML",
      "event_location_name" : "8 km E Città di Castello (PG)",
      "magnitude" : 1.0,
      "time" : "2026-05-16 23:08:30Z",
      "mag_author" : null,
      "longitude" : 12.3342,
      "contributor_id" : null
    },
    "geometry" : {
      "type" : "Point",
      "coordinates" : [ 12.3342, 43.4663 ]
    },
    "id" : "45894862"
  }, {
    "type" : "Feature",
    "properties" : {
      "depth_km" : 10.0,
      "author" : "SURVEY-INGV",
      "catalog" : null,
      "latitude" : 43.4663,
      "event_id" : 45894862,
      "contributor" : null,
      "mag_type" : "ML",
      "event_location_name" : "8 km E Città di Castello (PG)",
      "magnitude" : 1.0,
      "time" : "2026-05-16 23:08:30Z",
      "mag_author" : null,
      "longitude" : 12.3342,
      "contributor_id" : null
    },
    "geometry" : {
      "type" : "Point",
      "coordinates" : [ 12.3342, 43.4663 ]
    },
    "id" : "45894862"
  }, {
    "type" : "Feature",
    "properties" : {
      "depth_km" : 21.9,
      "author" : "SURVEY-INGV",
      "catalog" : null,
      "latitude" : 39.3615,
      "event_id" : 45894822,
      "contributor" : null,
      "mag_type" : "ML",
      "event_location_name" : "9 km SW Bocchigliero (CS)",
      "magnitude" : 1.2,
      "time" : "2026-05-16 22:50:39Z",
      "mag_author" : null,
      "longitude" : 16.6848,
      "contributor_id" : null
    },
    "geometry" : {
      "type" : "Point",
      "coordinates" : [ 16.6848, 39.3615 ]
    },
    "id" : "45894822"
  }, {
    "type" : "Feature",
    "properties" : {
      "depth_km" : 9.6,
      "author" : "SURVEY-INGV",
      "catalog" : null,
      "latitude" : 42.9752,
      "event_id" : 45894782,
      "contributor" : null,
      "mag_type" : "ML",
      "event_location_name" : "4 km SW Monte Cavallo (MC)",
      "magnitude" : 1.3,
      "time" : "2026-05-16 22:38:07Z",
      "mag_author" : null,
      "longitude" : 12.9652,
      "contributor_id" : null
    },
    "geometry" : {
      "type" : "Point",
      "coordinates" : [ 12.9652, 42.9752 ]
    },
    "id" : "45894782"
  }, {
    "type" : "Feature",
    "properties" : {
      "depth_km" : 10.6,
      "author" : "SURVEY-INGV",
      "catalog" : null,
      "latitude" : 42.7288,
      "event_id" : 45894652,
      "contributor" : null,
      "mag_type" : "ML",
      "event_location_name" : "3 km W Spoleto (PG)",
      "magnitude" : 1.0,
      "time" : "2026-05-16 21:34:10Z",
      "mag_author" : null,
      "longitude" : 12.7,
      "contributor_id" : null
    },
    "geometry" : {
      "type" : "Point",
      "coordinates" : [ 12.7, 42.7288 ]
    },
    "id" : "45894652"
  }, {
    "type" : "Feature",
    "properties" : {
      "depth_km" : 10.4,
      "author" : "SURVEY-INGV",
      "catalog" : null,
      "latitude" : 42.7652,
      "event_id" : 45894462,
      "contributor" : null,
      "mag_type" : "ML",
      "event_location_name" : "6 km N Poggiodomo (PG)",
      "magnitude" : 1.2,
      "time" : "2026-05-16 20:00:06Z",
      "mag_author" : null,
      "longitude" : 12.9415,
      "contributor_id" : null
    },
    "geometry" : {
      "type" : "Point",
      "coordinates" : [ 12.9415, 42.7652 ]
    },
    "id" : "45894462"
  }, {
    "type" : "Feature",
    "properties" : {
      "depth_km" : 17.4,
      "author" : "SURVEY-INGV",
      "catalog" : null,
      "latitude" : 43.4535,
      "event_id" : 45894402,
      "contributor" : null,
      "mag_type" : "ML",
      "event_location_name" : "2 km W Serra San Quirico (AN)",
      "magnitude" : 1.0,
      "time" : "2026-05-16 19:50:40Z",
      "mag_author" : null,
      "longitude" : 12.9868,
      "contributor_id" : null
    },
    "geometry" : {
      "type" : "Point",
      "coordinates" : [ 12.9868, 43.4535 ]
    },
    "id" : "45894402"
  }, {
    "type" : "Feature",
    "properties" : {
      "depth_km" : 5.2,
      "author" : "SURVEY-INGV",
      "catalog" : null,
      "latitude" : 44.667,
      "event_id" : 45894262,
      "contributor" : null,
      "mag_type" : "ML",
      "event_location_name" : "4 km SE Portomaggiore (FE)",
      "magnitude" : 2.5,
      "time" : "2026-05-16 18:51:13Z",
      "mag_author" : null,
      "longitude" : 11.8222,
      "contributor_id" : null
    },
    "geometry" : {
      "type" : "Point",
      "coordinates" : [ 11.8222, 44.667 ]
    },
    "id" : "45894262"
  }, {
    "type" : "Feature",
    "properties" : {
      "depth_km" : 9.6,
      "author" : "SURVEY-INGV",
      "catalog" : null,
      "latitude" : 42.9817,
      "event_id" : 45893182,
      "contributor" : null,
      "mag_type" : "ML",
      "event_location_name" : "3 km W Monte Cavallo (MC)",
      "magnitude" : 1.4,
      "time" : "2026-05-16 15:41:34Z",
      "mag_author" : null,
      "longitude" : 12.9662,
      "contributor_id" : null
    },
    "geometry" : {
      "type" : "Point",
      "coordinates" : [ 12.9662, 42.9817 ]
    },
    "id" : "45893182"
  }, {
    "type" : "Feature",
    "properties" : {
      "depth_km" : 12.4,
      "author" : "SURVEY-INGV",
      "catalog" : null,
      "latitude" : 38.111,
      "event_id" : 45892752,
      "contributor" : null,
      "mag_type" : "ML",
      "event_location_name" : "2 km E Falcone (ME)",
      "magnitude" : 1.8,
      "time" : "2026-05-16 15:10:20Z",
      "mag_author" : null,
      "longitude" : 15.1028,
      "contributor_id" : null
    },
    "geometry" : {
      "type" : "Point",
      "coordinates" : [ 15.1028, 38.111 ]
    },
    "id" : "45892752"
  }, {
    "type" : "Feature",
    "properties" : {
      "depth_km" : 67.969,
      "author" : "SURVEY-INGV-A",
      "catalog" : null,
      "latitude" : 17.2336,
      "event_id" : 45892562,
      "contributor" : null,
      "mag_type" : "Mwp",
      "event_location_name" : "Antigua & Barbuda [Sea]",
      "magnitude" : 6.0,
      "time" : "2026-05-16 14:50:08Z",
      "mag_author" : null,
      "longitude" : -61.3383,
      "contributor_id" : null
    },
    "geometry" : {
      "type" : "Point",
      "coordinates" : [ -61.3383, 17.2336 ]
    },
    "id" : "45892562"
  }, {
    "type" : "Feature",
    "properties" : {
      "depth_km" : 31.3,
      "author" : "SURVEY-INGV",
      "catalog" : null,
      "latitude" : 39.4488,
      "event_id" : 45892422,
      "contributor" : null,
      "mag_type" : "ML",
      "event_location_name" : "3 km S Mandatoriccio (CS)",
      "magnitude" : 1.9,
      "time" : "2026-05-16 14:50:04Z",
      "mag_author" : null,
      "longitude" : 16.8293,
      "contributor_id" : null
    },
    "geometry" : {
      "type" : "Point",
      "coordinates" : [ 16.8293, 39.4488 ]
    },
    "id" : "45892422"
  }, {
    "type" : "Feature",
    "properties" : {
      "depth_km" : 10.3,
      "author" : "SURVEY-INGV",
      "catalog" : null,
      "latitude" : 37.9135,
      "event_id" : 45892032,
      "contributor" : null,
      "mag_type" : "ML",
      "event_location_name" : "6 km NW Maniace (CT)",
      "magnitude" : 1.8,
      "time" : "2026-05-16 14:28:12Z",
      "mag_author" : null,
      "longitude" : 14.7793,
      "contributor_id" : null
    },
    "geometry" : {
      "type" : "Point",
      "coordinates" : [ 14.7793, 37.9135 ]
    },
    "id" : "45892032"
  }, {
    "type" : "Feature",
    "properties" : {
      "depth_km" : 14.3,
      "author" : "SURVEY-INGV",
      "catalog" : null,
      "latitude" : 43.0313,
      "event_id" : 45891682,
      "contributor" : null,
      "mag_type" : "ML",
      "event_location_name" : "5 km NW Monte Cavallo (MC)",
      "magnitude" : 1.2,
      "time" : "2026-05-16 13:58:07Z",
      "mag_author" : null,
      "longitude" : 12.9715,
      "contributor_id" : null
    },
    "geometry" : {
      "type" : "Point",
      "coordinates" : [ 12.9715, 43.0313 ]
    },
    "id" : "45891682"
  }, {
    "type" : "Feature",
    "properties" : {
      "depth_km" : 9.3,
      "author" : "SURVEY-INGV",
      "catalog" : null,
      "latitude" : 42.8293,
      "event_id" : 45891242,
      "contributor" : null,
      "mag_type" : "ML",
      "event_location_name" : "4 km NE Norcia (PG)",
      "magnitude" : 0.5,
      "time" : "2026-05-16 13:08:04Z",
      "mag_author" : null,
      "longitude" : 13.1153,
      "contributor_id" : null
    },
    "geometry" : {
      "type" : "Point",
      "coordinates" : [ 13.1153, 42.8293 ]
    },
    "id" : "45891242"
  }, {
    "type" : "Feature",
    "properties" : {
      "depth_km" : 13.0,
      "author" : "SURVEY-INGV",
      "catalog" : null,
      "latitude" : 42.8875,
      "event_id" : 45891162,
      "contributor" : null,
      "mag_type" : "ML",
      "event_location_name" : "3 km W Sellano (PG)",
      "magnitude" : 1.0,
      "time" : "2026-05-16 13:02:03Z",
      "mag_author" : null,
      "longitude" : 12.8892,
      "contributor_id" : null
    },
    "geometry" : {
      "type" : "Point",
      "coordinates" : [ 12.8892, 42.8875 ]
    },
    "id" : "45891162"
  }, {
    "type" : "Feature",
    "properties" : {
      "depth_km" : 13.0,
      "author" : "SURVEY-INGV",
      "catalog" : null,
      "latitude" : 42.8875,
      "event_id" : 45891162,
      "contributor" : null,
      "mag_type" : "ML",
      "event_location_name" : "3 km W Sellano (PG)",
      "magnitude" : 1.0,
      "time" : "2026-05-16 13:02:03Z",
      "mag_author" : null,
      "longitude" : 12.8892,
      "contributor_id" : null
    },
    "geometry" : {
      "type" : "Point",
      "coordinates" : [ 12.8892, 42.8875 ]
    },
    "id" : "45891162"
  }, {
    "type" : "Feature",
    "properties" : {
      "depth_km" : 9.7,
      "author" : "SURVEY-INGV",
      "catalog" : null,
      "latitude" : 43.4752,
      "event_id" : 45890602,
      "contributor" : null,
      "mag_type" : "ML",
      "event_location_name" : "4 km E Città di Castello (PG)",
      "magnitude" : 1.1,
      "time" : "2026-05-16 12:37:52Z",
      "mag_author" : null,
      "longitude" : 12.2883,
      "contributor_id" : null
    },
    "geometry" : {
      "type" : "Point",
      "coordinates" : [ 12.2883, 43.4752 ]
    },
    "id" : "45890602"
  }, {
    "type" : "Feature",
    "properties" : {
      "depth_km" : 7.3,
      "author" : "SURVEY-INGV",
      "catalog" : null,
      "latitude" : 43.475,
      "event_id" : 45890532,
      "contributor" : null,
      "mag_type" : "ML",
      "event_location_name" : "5 km E Città di Castello (PG)",
      "magnitude" : 0.8,
      "time" : "2026-05-16 12:35:37Z",
      "mag_author" : null,
      "longitude" : 12.2983,
      "contributor_id" : null
    },
    "geometry" : {
      "type" : "Point",
      "coordinates" : [ 12.2983, 43.475 ]
    },
    "id" : "45890532"
  }, {
    "type" : "Feature",
    "properties" : {
      "depth_km" : 11.9,
      "author" : "SURVEY-INGV",
      "catalog" : null,
      "latitude" : 42.9648,
      "event_id" : 45889852,
      "contributor" : null,
      "mag_type" : "ML",
      "event_location_name" : "8 km W Monte Cavallo (MC)",
      "magnitude" : 1.1,
      "time" : "2026-05-16 11:52:37Z",
      "mag_author" : null,
      "longitude" : 12.9142,
      "contributor_id" : null
    },
    "geometry" : {
      "type" : "Point",
      "coordinates" : [ 12.9142, 42.9648 ]
    },
    "id" : "45889852"
  }, {
    "type" : "Feature",
    "properties" : {
      "depth_km" : 8.5,
      "author" : "SURVEY-INGV",
      "catalog" : null,
      "latitude" : 43.4757,
      "event_id" : 45889232,
      "contributor" : null,
      "mag_type" : "ML",
      "event_location_name" : "5 km E Città di Castello (PG)",
      "magnitude" : 0.6,
      "time" : "2026-05-16 11:18:43Z",
      "mag_author" : null,
      "longitude" : 12.295,
      "contributor_id" : null
    },
    "geometry" : {
      "type" : "Point",
      "coordinates" : [ 12.295, 43.4757 ]
    },
    "id" : "45889232"
  }, {
    "type" : "Feature",
    "properties" : {
      "depth_km" : 9.5,
      "author" : "SURVEY-INGV",
      "catalog" : null,
      "latitude" : 43.471,
      "event_id" : 45889092,
      "contributor" : null,
      "mag_type" : "ML",
      "event_location_name" : "5 km E Città di Castello (PG)",
      "magnitude" : 1.4,
      "time" : "2026-05-16 11:08:18Z",
      "mag_author" : null,
      "longitude" : 12.2965,
      "contributor_id" : null
    },
    "geometry" : {
      "type" : "Point",
      "coordinates" : [ 12.2965, 43.471 ]
    },
    "id" : "45889092"
  }, {
    "type" : "Feature",
    "properties" : {
      "depth_km" : 9.9,
      "author" : "SURVEY-INGV",
      "catalog" : null,
      "latitude" : 43.3092,
      "event_id" : 45888612,
      "contributor" : null,
      "mag_type" : "ML",
      "event_location_name" : "6 km SW Fabriano (AN)",
      "magnitude" : 1.5,
      "time" : "2026-05-16 10:38:11Z",
      "mag_author" : null,
      "longitude" : 12.8492,
      "contributor_id" : null
    },
    "geometry" : {
      "type" : "Point",
      "coordinates" : [ 12.8492, 43.3092 ]
    },
    "id" : "45888612"
  }, {
    "type" : "Feature",
    "properties" : {
      "depth_km" : 8.9,
      "author" : "SURVEY-INGV",
      "catalog" : null,
      "latitude" : 42.7912,
      "event_id" : 45888252,
      "contributor" : null,
      "mag_type" : "ML",
      "event_location_name" : "8 km W Arquata del Tronto (AP)",
      "magnitude" : 1.3,
      "time" : "2026-05-16 10:09:13Z",
      "mag_author" : null,
      "longitude" : 13.1977,
      "contributor_id" : null
    },
    "geometry" : {
      "type" : "Point",
      "coordinates" : [ 13.1977, 42.7912 ]
    },
    "id" : "45888252"
  }, {
    "type" : "Feature",
    "properties" : {
      "depth_km" : 9.5,
      "author" : "SURVEY-INGV",
      "catalog" : null,
      "latitude" : 43.6463,
      "event_id" : 45887682,
      "contributor" : null,
      "mag_type" : "ML",
      "event_location_name" : "1 km W Mercatello sul Metauro (PU)",
      "magnitude" : 0.9,
      "time" : "2026-05-16 09:29:38Z",
      "mag_author" : null,
      "longitude" : 12.3292,
      "contributor_id" : null
    },
    "geometry" : {
      "type" : "Point",
      "coordinates" : [ 12.3292, 43.6463 ]
    },
    "id" : "45887682"
  }, {
    "type" : "Feature",
    "properties" : {
      "depth_km" : 9.7,
      "author" : "SURVEY-INGV",
      "catalog" : null,
      "latitude" : 41.9905,
      "event_id" : 45887202,
      "contributor" : null,
      "mag_type" : "ML",
      "event_location_name" : "3 km NW Luco dei Marsi (AQ)",
      "magnitude" : 1.4,
      "time" : "2026-05-16 08:35:40Z",
      "mag_author" : null,
      "longitude" : 13.4507,
      "contributor_id" : null
    },
    "geometry" : {
      "type" : "Point",
      "coordinates" : [ 13.4507, 41.9905 ]
    },
    "id" : "45887202"
  }, {
    "type" : "Feature",
    "properties" : {
      "depth_km" : 25.1,
      "author" : "SURVEY-INGV",
      "catalog" : null,
      "latitude" : 43.0808,
      "event_id" : 45886542,
      "contributor" : null,
      "mag_type" : "ML",
      "event_location_name" : "2 km NE Gualdo (MC)",
      "magnitude" : 1.7,
      "time" : "2026-05-16 07:32:11Z",
      "mag_author" : null,
      "longitude" : 13.3557,
      "contributor_id" : null
    },
    "geometry" : {
      "type" : "Point",
      "coordinates" : [ 13.3557, 43.0808 ]
    },
    "id" : "45886542"
  }, {
    "type" : "Feature",
    "properties" : {
      "depth_km" : 8.4,
      "author" : "SURVEY-INGV",
      "catalog" : null,
      "latitude" : 41.4727,
      "event_id" : 45886462,
      "contributor" : null,
      "mag_type" : "ML",
      "event_location_name" : "4 km N Pignataro Interamna (FR)",
      "magnitude" : 1.4,
      "time" : "2026-05-16 07:27:18Z",
      "mag_author" : null,
      "longitude" : 13.7872,
      "contributor_id" : null
    },
    "geometry" : {
      "type" : "Point",
      "coordinates" : [ 13.7872, 41.4727 ]
    },
    "id" : "45886462"
  }, {
    "type" : "Feature",
    "properties" : {
      "depth_km" : 7.6,
      "author" : "SURVEY-INGV",
      "catalog" : null,
      "latitude" : 38.1837,
      "event_id" : 45886302,
      "contributor" : null,
      "mag_type" : "ML",
      "event_location_name" : "5 km E Santo Stefano in Aspromonte (RC)",
      "magnitude" : 0.9,
      "time" : "2026-05-16 07:13:48Z",
      "mag_author" : null,
      "longitude" : 15.8485,
      "contributor_id" : null
    },
    "geometry" : {
      "type" : "Point",
      "coordinates" : [ 15.8485, 38.1837 ]
    },
    "id" : "45886302"
  }, {
    "type" : "Feature",
    "properties" : {
      "depth_km" : 9.9,
      "author" : "SURVEY-INGV",
      "catalog" : null,
      "latitude" : 43.464,
      "event_id" : 45885172,
      "contributor" : null,
      "mag_type" : "ML",
      "event_location_name" : "7 km E Città di Castello (PG)",
      "magnitude" : 0.5,
      "time" : "2026-05-16 05:37:39Z",
      "mag_author" : null,
      "longitude" : 12.3277,
      "contributor_id" : null
    },
    "geometry" : {
      "type" : "Point",
      "coordinates" : [ 12.3277, 43.464 ]
    },
    "id" : "45885172"
  }, {
    "type" : "Feature",
    "properties" : {
      "depth_km" : 33.2,
      "author" : "SURVEY-INGV",
      "catalog" : null,
      "latitude" : 39.0508,
      "event_id" : 45884442,
      "contributor" : null,
      "mag_type" : "ML",
      "event_location_name" : "5 km NW Sersale (CZ)",
      "magnitude" : 1.4,
      "time" : "2026-05-16 03:29:24Z",
      "mag_author" : null,
      "longitude" : 16.6972,
      "contributor_id" : null
    },
    "geometry" : {
      "type" : "Point",
      "coordinates" : [ 16.6972, 39.0508 ]
    },
    "id" : "45884442"
  }, {
    "type" : "Feature",
    "properties" : {
      "depth_km" : 13.1,
      "author" : "SURVEY-INGV",
      "catalog" : null,
      "latitude" : 43.3622,
      "event_id" : 45884042,
      "contributor" : null,
      "mag_type" : "ML",
      "event_location_name" : "1 km E Costacciaro (PG)",
      "magnitude" : 0.6,
      "time" : "2026-05-16 02:23:44Z",
      "mag_author" : null,
      "longitude" : 12.7203,
      "contributor_id" : null
    },
    "geometry" : {
      "type" : "Point",
      "coordinates" : [ 12.7203, 43.3622 ]
    },
    "id" : "45884042"
  }, {
    "type" : "Feature",
    "properties" : {
      "depth_km" : 10.5,
      "author" : "SURVEY-INGV",
      "catalog" : null,
      "latitude" : 42.7932,
      "event_id" : 45883862,
      "contributor" : null,
      "mag_type" : "ML",
      "event_location_name" : "5 km W Arquata del Tronto (AP)",
      "magnitude" : 1.1,
      "time" : "2026-05-16 01:59:50Z",
      "mag_author" : null,
      "longitude" : 13.2443,
      "contributor_id" : null
    },
    "geometry" : {
      "type" : "Point",
      "coordinates" : [ 13.2443, 42.7932 ]
    },
    "id" : "45883862"
  }, {
    "type" : "Feature",
    "properties" : {
      "depth_km" : 4.57,
      "author" : "SURVEY-INGV-OV#SiSmi",
      "catalog" : null,
      "latitude" : 40.798333,
      "event_id" : 45883792,
      "contributor" : null,
      "mag_type" : "Md",
      "event_location_name" : "Campi Flegrei",
      "magnitude" : 1.0,
      "time" : "2026-05-16 01:58:40Z",
      "mag_author" : null,
      "longitude" : 14.117167,
      "contributor_id" : null
    },
    "geometry" : {
      "type" : "Point",
      "coordinates" : [ 14.117167, 40.798333 ]
    },
    "id" : "45883792"
  }, {
    "type" : "Feature",
    "properties" : {
      "depth_km" : 16.1,
      "author" : "SURVEY-INGV",
      "catalog" : null,
      "latitude" : 38.0755,
      "event_id" : 45883672,
      "contributor" : null,
      "mag_type" : "ML",
      "event_location_name" : "2 km N Raccuja (ME)",
      "magnitude" : 1.5,
      "time" : "2026-05-16 01:26:22Z",
      "mag_author" : null,
      "longitude" : 14.9092,
      "contributor_id" : null
    },
    "geometry" : {
      "type" : "Point",
      "coordinates" : [ 14.9092, 38.0755 ]
    },
    "id" : "45883672"
  }, {
    "type" : "Feature",
    "properties" : {
      "depth_km" : 13.9,
      "author" : "SURVEY-INGV",
      "catalog" : null,
      "latitude" : 42.7238,
      "event_id" : 45883622,
      "contributor" : null,
      "mag_type" : "ML",
      "event_location_name" : "6 km SE Arquata del Tronto (AP)",
      "magnitude" : 0.7,
      "time" : "2026-05-16 01:24:04Z",
      "mag_author" : null,
      "longitude" : 13.3317,
      "contributor_id" : null
    },
    "geometry" : {
      "type" : "Point",
      "coordinates" : [ 13.3317, 42.7238 ]
    },
    "id" : "45883622"
  }, {
    "type" : "Feature",
    "properties" : {
      "depth_km" : 10.8,
      "author" : "SURVEY-INGV",
      "catalog" : null,
      "latitude" : 42.946,
      "event_id" : 45883472,
      "contributor" : null,
      "mag_type" : "ML",
      "event_location_name" : "1 km E Ussita (MC)",
      "magnitude" : 0.7,
      "time" : "2026-05-16 00:49:54Z",
      "mag_author" : null,
      "longitude" : 13.149,
      "contributor_id" : null
    },
    "geometry" : {
      "type" : "Point",
      "coordinates" : [ 13.149, 42.946 ]
    },
    "id" : "45883472"
  }, {
    "type" : "Feature",
    "properties" : {
      "depth_km" : 35.9,
      "author" : "SURVEY-INGV",
      "catalog" : null,
      "latitude" : 37.6833,
      "event_id" : 45883442,
      "contributor" : null,
      "mag_type" : "ML",
      "event_location_name" : "Costa Calabra sud-orientale (Reggio di Calabria)",
      "magnitude" : 1.8,
      "time" : "2026-05-16 00:47:47Z",
      "mag_author" : null,
      "longitude" : 16.0915,
      "contributor_id" : null
    },
    "geometry" : {
      "type" : "Point",
      "coordinates" : [ 16.0915, 37.6833 ]
    },
    "id" : "45883442"
  }, {
    "type" : "Feature",
    "properties" : {
      "depth_km" : 10.9,
      "author" : "SURVEY-INGV",
      "catalog" : null,
      "latitude" : 42.7268,
      "event_id" : 45883392,
      "contributor" : null,
      "mag_type" : "ML",
      "event_location_name" : "6 km SE Arquata del Tronto (AP)",
      "magnitude" : 0.7,
      "time" : "2026-05-16 00:38:13Z",
      "mag_author" : null,
      "longitude" : 13.3242,
      "contributor_id" : null
    },
    "geometry" : {
      "type" : "Point",
      "coordinates" : [ 13.3242, 42.7268 ]
    },
    "id" : "45883392"
  }, {
    "type" : "Feature",
    "properties" : {
      "depth_km" : 13.0,
      "author" : "SURVEY-INGV",
      "catalog" : null,
      "latitude" : 42.7255,
      "event_id" : 45883352,
      "contributor" : null,
      "mag_type" : "ML",
      "event_location_name" : "6 km SW Acquasanta Terme (AP)",
      "magnitude" : 0.8,
      "time" : "2026-05-15 23:42:03Z",
      "mag_author" : null,
      "longitude" : 13.3597,
      "contributor_id" : null
    },
    "geometry" : {
      "type" : "Point",
      "coordinates" : [ 13.3597, 42.7255 ]
    },
    "id" : "45883352"
  }, {
    "type" : "Feature",
    "properties" : {
      "depth_km" : 10.4,
      "author" : "SURVEY-INGV",
      "catalog" : null,
      "latitude" : 43.2932,
      "event_id" : 45883302,
      "contributor" : null,
      "mag_type" : "ML",
      "event_location_name" : "7 km S Gubbio (PG)",
      "magnitude" : 0.7,
      "time" : "2026-05-15 22:42:24Z",
      "mag_author" : null,
      "longitude" : 12.5582,
      "contributor_id" : null
    },
    "geometry" : {
      "type" : "Point",
      "coordinates" : [ 12.5582, 43.2932 ]
    },
    "id" : "45883302"
  }, {
    "type" : "Feature",
    "properties" : {
      "depth_km" : 10.2,
      "author" : "SURVEY-INGV",
      "catalog" : null,
      "latitude" : 42.7547,
      "event_id" : 45883232,
      "contributor" : null,
      "mag_type" : "ML",
      "event_location_name" : "4 km S Norcia (PG)",
      "magnitude" : 0.9,
      "time" : "2026-05-15 22:21:50Z",
      "mag_author" : null,
      "longitude" : 13.08,
      "contributor_id" : null
    },
    "geometry" : {
      "type" : "Point",
      "coordinates" : [ 13.08, 42.7547 ]
    },
    "id" : "45883232"
  }, {
    "type" : "Feature",
    "properties" : {
      "depth_km" : 10.5,
      "author" : "SURVEY-INGV",
      "catalog" : null,
      "latitude" : 42.889,
      "event_id" : 45883202,
      "contributor" : null,
      "mag_type" : "ML",
      "event_location_name" : "2 km E Castelsantangelo sul Nera (MC)",
      "magnitude" : 1.1,
      "time" : "2026-05-15 21:59:26Z",
      "mag_author" : null,
      "longitude" : 13.1775,
      "contributor_id" : null
    },
    "geometry" : {
      "type" : "Point",
      "coordinates" : [ 13.1775, 42.889 ]
    },
    "id" : "45883202"
  }, {
    "type" : "Feature",
    "properties" : {
      "depth_km" : 10.5,
      "author" : "SURVEY-INGV",
      "catalog" : null,
      "latitude" : 42.889,
      "event_id" : 45883202,
      "contributor" : null,
      "mag_type" : "ML",
      "event_location_name" : "2 km E Castelsantangelo sul Nera (MC)",
      "magnitude" : 1.1,
      "time" : "2026-05-15 21:59:26Z",
      "mag_author" : null,
      "longitude" : 13.1775,
      "contributor_id" : null
    },
    "geometry" : {
      "type" : "Point",
      "coordinates" : [ 13.1775, 42.889 ]
    },
    "id" : "45883202"
  }, {
    "type" : "Feature",
    "properties" : {
      "depth_km" : 11.8,
      "author" : "SURVEY-INGV",
      "catalog" : null,
      "latitude" : 46.4272,
      "event_id" : 45883132,
      "contributor" : null,
      "mag_type" : "ML",
      "event_location_name" : "2 km N Tolmezzo (UD)",
      "magnitude" : 0.6,
      "time" : "2026-05-15 21:42:37Z",
      "mag_author" : null,
      "longitude" : 13.0202,
      "contributor_id" : null
    },
    "geometry" : {
      "type" : "Point",
      "coordinates" : [ 13.0202, 46.4272 ]
    },
    "id" : "45883132"
  }, {
    "type" : "Feature",
    "properties" : {
      "depth_km" : 12.1,
      "author" : "SURVEY-INGV",
      "catalog" : null,
      "latitude" : 43.0693,
      "event_id" : 45883052,
      "contributor" : null,
      "mag_type" : "ML",
      "event_location_name" : "2 km SW Muccia (MC)",
      "magnitude" : 1.2,
      "time" : "2026-05-15 21:37:09Z",
      "mag_author" : null,
      "longitude" : 13.0268,
      "contributor_id" : null
    },
    "geometry" : {
      "type" : "Point",
      "coordinates" : [ 13.0268, 43.0693 ]
    },
    "id" : "45883052"
  }, {
    "type" : "Feature",
    "properties" : {
      "depth_km" : 10.6,
      "author" : "SURVEY-INGV",
      "catalog" : null,
      "latitude" : 42.8128,
      "event_id" : 45883002,
      "contributor" : null,
      "mag_type" : "ML",
      "event_location_name" : "2 km NE Norcia (PG)",
      "magnitude" : 1.0,
      "time" : "2026-05-15 21:19:30Z",
      "mag_author" : null,
      "longitude" : 13.1028,
      "contributor_id" : null
    },
    "geometry" : {
      "type" : "Point",
      "coordinates" : [ 13.1028, 42.8128 ]
    },
    "id" : "45883002"
  }, {
    "type" : "Feature",
    "properties" : {
      "depth_km" : 14.2,
      "author" : "SURVEY-INGV",
      "catalog" : null,
      "latitude" : 43.4042,
      "event_id" : 45882962,
      "contributor" : null,
      "mag_type" : "ML",
      "event_location_name" : "5 km SW Sassoferrato (AN)",
      "magnitude" : 0.6,
      "time" : "2026-05-15 21:15:50Z",
      "mag_author" : null,
      "longitude" : 12.8173,
      "contributor_id" : null
    },
    "geometry" : {
      "type" : "Point",
      "coordinates" : [ 12.8173, 43.4042 ]
    },
    "id" : "45882962"
  }, {
    "type" : "Feature",
    "properties" : {
      "depth_km" : 34.8,
      "author" : "SURVEY-INGV",
      "catalog" : null,
      "latitude" : 39.0538,
      "event_id" : 45882792,
      "contributor" : null,
      "mag_type" : "ML",
      "event_location_name" : "5 km NE Magisano (CZ)",
      "magnitude" : 2.1,
      "time" : "2026-05-15 20:41:56Z",
      "mag_author" : null,
      "longitude" : 16.6623,
      "contributor_id" : null
    },
    "geometry" : {
      "type" : "Point",
      "coordinates" : [ 16.6623, 39.0538 ]
    },
    "id" : "45882792"
  }, {
    "type" : "Feature",
    "properties" : {
      "depth_km" : 10.7,
      "author" : "SURVEY-INGV",
      "catalog" : null,
      "latitude" : 40.7913,
      "event_id" : 45882682,
      "contributor" : null,
      "mag_type" : "ML",
      "event_location_name" : "3 km W Laviano (SA)",
      "magnitude" : 1.8,
      "time" : "2026-05-15 19:36:22Z",
      "mag_author" : null,
      "longitude" : 15.2683,
      "contributor_id" : null
    },
    "geometry" : {
      "type" : "Point",
      "coordinates" : [ 15.2683, 40.7913 ]
    },
    "id" : "45882682"
  }, {
    "type" : "Feature",
    "properties" : {
      "depth_km" : 10.0,
      "author" : "SURVEY-INGV",
      "catalog" : null,
      "latitude" : 43.1283,
      "event_id" : 45882612,
      "contributor" : null,
      "mag_type" : "ML",
      "event_location_name" : "2 km NE Nocera Umbra (PG)",
      "magnitude" : 0.5,
      "time" : "2026-05-15 19:26:52Z",
      "mag_author" : null,
      "longitude" : 12.8087,
      "contributor_id" : null
    },
    "geometry" : {
      "type" : "Point",
      "coordinates" : [ 12.8087, 43.1283 ]
    },
    "id" : "45882612"
  }, {
    "type" : "Feature",
    "properties" : {
      "depth_km" : 12.7,
      "author" : "SURVEY-INGV",
      "catalog" : null,
      "latitude" : 42.651,
      "event_id" : 45882392,
      "contributor" : null,
      "mag_type" : "ML",
      "event_location_name" : "3 km NW Amatrice (RI)",
      "magnitude" : 1.0,
      "time" : "2026-05-15 18:14:51Z",
      "mag_author" : null,
      "longitude" : 13.2593,
      "contributor_id" : null
    },
    "geometry" : {
      "type" : "Point",
      "coordinates" : [ 13.2593, 42.651 ]
    },
    "id" : "45882392"
  }, {
    "type" : "Feature",
    "properties" : {
      "depth_km" : 7.4,
      "author" : "SURVEY-INGV",
      "catalog" : null,
      "latitude" : 38.0407,
      "event_id" : 45882302,
      "contributor" : null,
      "mag_type" : "ML",
      "event_location_name" : "3 km W Tripi (ME)",
      "magnitude" : 1.0,
      "time" : "2026-05-15 18:09:48Z",
      "mag_author" : null,
      "longitude" : 15.074,
      "contributor_id" : null
    },
    "geometry" : {
      "type" : "Point",
      "coordinates" : [ 15.074, 38.0407 ]
    },
    "id" : "45882302"
  }, {
    "type" : "Feature",
    "properties" : {
      "depth_km" : 11.1,
      "author" : "SURVEY-INGV",
      "catalog" : null,
      "latitude" : 43.3012,
      "event_id" : 45881942,
      "contributor" : null,
      "mag_type" : "ML",
      "event_location_name" : "2 km E Fossato di Vico (PG)",
      "magnitude" : 0.5,
      "time" : "2026-05-15 17:13:43Z",
      "mag_author" : null,
      "longitude" : 12.7812,
      "contributor_id" : null
    },
    "geometry" : {
      "type" : "Point",
      "coordinates" : [ 12.7812, 43.3012 ]
    },
    "id" : "45881942"
  }, {
    "type" : "Feature",
    "properties" : {
      "depth_km" : 32.6,
      "author" : "SURVEY-INGV",
      "catalog" : null,
      "latitude" : 44.4467,
      "event_id" : 45881892,
      "contributor" : null,
      "mag_type" : "ML",
      "event_location_name" : "1 km N Prignano sulla Secchia (MO)",
      "magnitude" : 1.8,
      "time" : "2026-05-15 17:13:09Z",
      "mag_author" : null,
      "longitude" : 10.6888,
      "contributor_id" : null
    },
    "geometry" : {
      "type" : "Point",
      "coordinates" : [ 10.6888, 44.4467 ]
    },
    "id" : "45881892"
  }, {
    "type" : "Feature",
    "properties" : {
      "depth_km" : 10.3,
      "author" : "SURVEY-INGV",
      "catalog" : null,
      "latitude" : 42.038,
      "event_id" : 45881272,
      "contributor" : null,
      "mag_type" : "ML",
      "event_location_name" : "4 km E Avezzano (AQ)",
      "magnitude" : 1.3,
      "time" : "2026-05-15 16:17:45Z",
      "mag_author" : null,
      "longitude" : 13.4797,
      "contributor_id" : null
    },
    "geometry" : {
      "type" : "Point",
      "coordinates" : [ 13.4797, 42.038 ]
    },
    "id" : "45881272"
  }, {
    "type" : "Feature",
    "properties" : {
      "depth_km" : 9.8,
      "author" : "SURVEY-INGV",
      "catalog" : null,
      "latitude" : 38.1277,
      "event_id" : 45881162,
      "contributor" : null,
      "mag_type" : "ML",
      "event_location_name" : "Costa Siciliana nord-orientale (Messina)",
      "magnitude" : 2.3,
      "time" : "2026-05-15 16:11:08Z",
      "mag_author" : null,
      "longitude" : 15.1022,
      "contributor_id" : null
    },
    "geometry" : {
      "type" : "Point",
      "coordinates" : [ 15.1022, 38.1277 ]
    },
    "id" : "45881162"
  }, {
    "type" : "Feature",
    "properties" : {
      "depth_km" : 10.0,
      "author" : "SURVEY-INGV",
      "catalog" : null,
      "latitude" : 38.1363,
      "event_id" : 45880892,
      "contributor" : null,
      "mag_type" : "ML",
      "event_location_name" : "Costa Siciliana nord-orientale (Messina)",
      "magnitude" : 2.4,
      "time" : "2026-05-15 15:45:09Z",
      "mag_author" : null,
      "longitude" : 15.0975,
      "contributor_id" : null
    },
    "geometry" : {
      "type" : "Point",
      "coordinates" : [ 15.0975, 38.1363 ]
    },
    "id" : "45880892"
  }, {
    "type" : "Feature",
    "properties" : {
      "depth_km" : 8.8,
      "author" : "SURVEY-INGV",
      "catalog" : null,
      "latitude" : 43.1382,
      "event_id" : 45880742,
      "contributor" : null,
      "mag_type" : "ML",
      "event_location_name" : "1 km SW Sefro (MC)",
      "magnitude" : 0.6,
      "time" : "2026-05-15 15:32:42Z",
      "mag_author" : null,
      "longitude" : 12.9443,
      "contributor_id" : null
    },
    "geometry" : {
      "type" : "Point",
      "coordinates" : [ 12.9443, 43.1382 ]
    },
    "id" : "45880742"
  }, {
    "type" : "Feature",
    "properties" : {
      "depth_km" : 5.1,
      "author" : "SURVEY-INGV",
      "catalog" : null,
      "latitude" : 39.8577,
      "event_id" : 45880132,
      "contributor" : null,
      "mag_type" : "ML",
      "event_location_name" : "4 km S Mormanno (CS)",
      "magnitude" : 0.8,
      "time" : "2026-05-15 14:33:17Z",
      "mag_author" : null,
      "longitude" : 15.9993,
      "contributor_id" : null
    },
    "geometry" : {
      "type" : "Point",
      "coordinates" : [ 15.9993, 39.8577 ]
    },
    "id" : "45880132"
  }, {
    "type" : "Feature",
    "properties" : {
      "depth_km" : 12.5,
      "author" : "SURVEY-INGV",
      "catalog" : null,
      "latitude" : 43.1415,
      "event_id" : 45880062,
      "contributor" : null,
      "mag_type" : "ML",
      "event_location_name" : "2 km E Sefro (MC)",
      "magnitude" : 0.8,
      "time" : "2026-05-15 14:28:46Z",
      "mag_author" : null,
      "longitude" : 12.969,
      "contributor_id" : null
    },
    "geometry" : {
      "type" : "Point",
      "coordinates" : [ 12.969, 43.1415 ]
    },
    "id" : "45880062"
  }, {
    "type" : "Feature",
    "properties" : {
      "depth_km" : 12.5,
      "author" : "SURVEY-INGV",
      "catalog" : null,
      "latitude" : 43.1415,
      "event_id" : 45880062,
      "contributor" : null,
      "mag_type" : "ML",
      "event_location_name" : "2 km E Sefro (MC)",
      "magnitude" : 0.8,
      "time" : "2026-05-15 14:28:46Z",
      "mag_author" : null,
      "longitude" : 12.969,
      "contributor_id" : null
    },
    "geometry" : {
      "type" : "Point",
      "coordinates" : [ 12.969, 43.1415 ]
    },
    "id" : "45880062"
  }, {
    "type" : "Feature",
    "properties" : {
      "depth_km" : 12.5,
      "author" : "SURVEY-INGV",
      "catalog" : null,
      "latitude" : 43.1415,
      "event_id" : 45880062,
      "contributor" : null,
      "mag_type" : "ML",
      "event_location_name" : "2 km E Sefro (MC)",
      "magnitude" : 0.8,
      "time" : "2026-05-15 14:28:46Z",
      "mag_author" : null,
      "longitude" : 12.969,
      "contributor_id" : null
    },
    "geometry" : {
      "type" : "Point",
      "coordinates" : [ 12.969, 43.1415 ]
    },
    "id" : "45880062"
  }, {
    "type" : "Feature",
    "properties" : {
      "depth_km" : 11.0,
      "author" : "SURVEY-INGV",
      "catalog" : null,
      "latitude" : 38.1277,
      "event_id" : 45879912,
      "contributor" : null,
      "mag_type" : "ML",
      "event_location_name" : "Costa Siciliana nord-orientale (Messina)",
      "magnitude" : 2.1,
      "time" : "2026-05-15 14:15:17Z",
      "mag_author" : null,
      "longitude" : 15.1003,
      "contributor_id" : null
    },
    "geometry" : {
      "type" : "Point",
      "coordinates" : [ 15.1003, 38.1277 ]
    },
    "id" : "45879912"
  }, {
    "type" : "Feature",
    "properties" : {
      "depth_km" : 5.7,
      "author" : "SURVEY-INGV",
      "catalog" : null,
      "latitude" : 43.4023,
      "event_id" : 45878932,
      "contributor" : null,
      "mag_type" : "ML",
      "event_location_name" : "7 km NW Gubbio (PG)",
      "magnitude" : 0.7,
      "time" : "2026-05-15 12:17:58Z",
      "mag_author" : null,
      "longitude" : 12.5148,
      "contributor_id" : null
    },
    "geometry" : {
      "type" : "Point",
      "coordinates" : [ 12.5148, 43.4023 ]
    },
    "id" : "45878932"
  }, {
    "type" : "Feature",
    "properties" : {
      "depth_km" : 8.3,
      "author" : "SURVEY-INGV",
      "catalog" : null,
      "latitude" : 38.649,
      "event_id" : 45878752,
      "contributor" : null,
      "mag_type" : "ML",
      "event_location_name" : "1 km W Vallelonga (VV)",
      "magnitude" : 1.0,
      "time" : "2026-05-15 12:03:48Z",
      "mag_author" : null,
      "longitude" : 16.2893,
      "contributor_id" : null
    },
    "geometry" : {
      "type" : "Point",
      "coordinates" : [ 16.2893, 38.649 ]
    },
    "id" : "45878752"
  }, {
    "type" : "Feature",
    "properties" : {
      "depth_km" : 10.8,
      "author" : "SURVEY-INGV",
      "catalog" : null,
      "latitude" : 43.1607,
      "event_id" : 45878632,
      "contributor" : null,
      "mag_type" : "ML",
      "event_location_name" : "3 km N Camerino (MC)",
      "magnitude" : 0.7,
      "time" : "2026-05-15 11:58:02Z",
      "mag_author" : null,
      "longitude" : 13.0597,
      "contributor_id" : null
    },
    "geometry" : {
      "type" : "Point",
      "coordinates" : [ 13.0597, 43.1607 ]
    },
    "id" : "45878632"
  }, {
    "type" : "Feature",
    "properties" : {
      "depth_km" : 10.3,
      "author" : "SURVEY-INGV",
      "catalog" : null,
      "latitude" : 42.977,
      "event_id" : 45878462,
      "contributor" : null,
      "mag_type" : "ML",
      "event_location_name" : "2 km S Monte Cavallo (MC)",
      "magnitude" : 0.8,
      "time" : "2026-05-15 11:42:27Z",
      "mag_author" : null,
      "longitude" : 13.0077,
      "contributor_id" : null
    },
    "geometry" : {
      "type" : "Point",
      "coordinates" : [ 13.0077, 42.977 ]
    },
    "id" : "45878462"
  }, {
    "type" : "Feature",
    "properties" : {
      "depth_km" : 77.734,
      "author" : "SURVEY-INGV-A",
      "catalog" : null,
      "latitude" : 38.6824,
      "event_id" : 45878052,
      "contributor" : null,
      "mag_type" : "Mwp",
      "event_location_name" : "Near east coast of eastern Honshu, Japan [Sea: Japan]",
      "magnitude" : 6.6,
      "time" : "2026-05-15 11:22:06Z",
      "mag_author" : null,
      "longitude" : 142.026,
      "contributor_id" : null
    },
    "geometry" : {
      "type" : "Point",
      "coordinates" : [ 142.026, 38.6824 ]
    },
    "id" : "45878052"
  }, {
    "type" : "Feature",
    "properties" : {
      "depth_km" : 10.5,
      "author" : "SURVEY-INGV",
      "catalog" : null,
      "latitude" : 38.1263,
      "event_id" : 45876452,
      "contributor" : null,
      "mag_type" : "ML",
      "event_location_name" : "Costa Siciliana nord-orientale (Messina)",
      "magnitude" : 1.5,
      "time" : "2026-05-15 09:29:56Z",
      "mag_author" : null,
      "longitude" : 15.1023,
      "contributor_id" : null
    },
    "geometry" : {
      "type" : "Point",
      "coordinates" : [ 15.1023, 38.1263 ]
    },
    "id" : "45876452"
  }, {
    "type" : "Feature",
    "properties" : {
      "depth_km" : 14.4,
      "author" : "SURVEY-INGV",
      "catalog" : null,
      "latitude" : 43.4755,
      "event_id" : 45875582,
      "contributor" : null,
      "mag_type" : "ML",
      "event_location_name" : "3 km SW Serra Sant'Abbondio (PU)",
      "magnitude" : 1.3,
      "time" : "2026-05-15 08:00:50Z",
      "mag_author" : null,
      "longitude" : 12.7388,
      "contributor_id" : null
    },
    "geometry" : {
      "type" : "Point",
      "coordinates" : [ 12.7388, 43.4755 ]
    },
    "id" : "45875582"
  }, {
    "type" : "Feature",
    "properties" : {
      "depth_km" : 11.1,
      "author" : "SURVEY-INGV",
      "catalog" : null,
      "latitude" : 42.9295,
      "event_id" : 45874992,
      "contributor" : null,
      "mag_type" : "ML",
      "event_location_name" : "2 km E Visso (MC)",
      "magnitude" : 0.7,
      "time" : "2026-05-15 07:18:37Z",
      "mag_author" : null,
      "longitude" : 13.1147,
      "contributor_id" : null
    },
    "geometry" : {
      "type" : "Point",
      "coordinates" : [ 13.1147, 42.9295 ]
    },
    "id" : "45874992"
  }, {
    "type" : "Feature",
    "properties" : {
      "depth_km" : 7.2,
      "author" : "SURVEY-INGV",
      "catalog" : null,
      "latitude" : 43.5328,
      "event_id" : 45874412,
      "contributor" : null,
      "mag_type" : "ML",
      "event_location_name" : "4 km SW Apecchio (PU)",
      "magnitude" : 0.5,
      "time" : "2026-05-15 06:12:43Z",
      "mag_author" : null,
      "longitude" : 12.3817,
      "contributor_id" : null
    },
    "geometry" : {
      "type" : "Point",
      "coordinates" : [ 12.3817, 43.5328 ]
    },
    "id" : "45874412"
  }, {
    "type" : "Feature",
    "properties" : {
      "depth_km" : 10.2,
      "author" : "SURVEY-INGV",
      "catalog" : null,
      "latitude" : 42.6037,
      "event_id" : 45874102,
      "contributor" : null,
      "mag_type" : "ML",
      "event_location_name" : "5 km E Cittareale (RI)",
      "magnitude" : 0.9,
      "time" : "2026-05-15 05:38:33Z",
      "mag_author" : null,
      "longitude" : 13.214,
      "contributor_id" : null
    },
    "geometry" : {
      "type" : "Point",
      "coordinates" : [ 13.214, 42.6037 ]
    },
    "id" : "45874102"
  }, {
    "type" : "Feature",
    "properties" : {
      "depth_km" : 2.9,
      "author" : "SURVEY-INGV-OV#SiSmi",
      "catalog" : null,
      "latitude" : 40.839,
      "event_id" : 45873972,
      "contributor" : null,
      "mag_type" : "Md",
      "event_location_name" : "Campi Flegrei",
      "magnitude" : 1.0,
      "time" : "2026-05-15 05:30:51Z",
      "mag_author" : null,
      "longitude" : 14.114667,
      "contributor_id" : null
    },
    "geometry" : {
      "type" : "Point",
      "coordinates" : [ 14.114667, 40.839 ]
    },
    "id" : "45873972"
  }, {
    "type" : "Feature",
    "properties" : {
      "depth_km" : 7.2,
      "author" : "SURVEY-INGV",
      "catalog" : null,
      "latitude" : 42.7897,
      "event_id" : 45873822,
      "contributor" : null,
      "mag_type" : "ML",
      "event_location_name" : "3 km E Norcia (PG)",
      "magnitude" : 1.6,
      "time" : "2026-05-15 05:18:01Z",
      "mag_author" : null,
      "longitude" : 13.1278,
      "contributor_id" : null
    },
    "geometry" : {
      "type" : "Point",
      "coordinates" : [ 13.1278, 42.7897 ]
    },
    "id" : "45873822"
  }, {
    "type" : "Feature",
    "properties" : {
      "depth_km" : 11.6,
      "author" : "SURVEY-INGV",
      "catalog" : null,
      "latitude" : 41.7045,
      "event_id" : 45873772,
      "contributor" : null,
      "mag_type" : "ML",
      "event_location_name" : "3 km SW Ariccia (RM)",
      "magnitude" : 1.7,
      "time" : "2026-05-15 05:15:19Z",
      "mag_author" : null,
      "longitude" : 12.6372,
      "contributor_id" : null
    },
    "geometry" : {
      "type" : "Point",
      "coordinates" : [ 12.6372, 41.7045 ]
    },
    "id" : "45873772"
  }, {
    "type" : "Feature",
    "properties" : {
      "depth_km" : 10.9,
      "author" : "SURVEY-INGV",
      "catalog" : null,
      "latitude" : 38.3927,
      "event_id" : 45873572,
      "contributor" : null,
      "mag_type" : "ML",
      "event_location_name" : "Costa Siciliana nord-orientale (Messina)",
      "magnitude" : 2.2,
      "time" : "2026-05-15 04:58:08Z",
      "mag_author" : null,
      "longitude" : 14.5893,
      "contributor_id" : null
    },
    "geometry" : {
      "type" : "Point",
      "coordinates" : [ 14.5893, 38.3927 ]
    },
    "id" : "45873572"
  }, {
    "type" : "Feature",
    "properties" : {
      "depth_km" : 12.4,
      "author" : "SURVEY-INGV",
      "catalog" : null,
      "latitude" : 42.5748,
      "event_id" : 45873502,
      "contributor" : null,
      "mag_type" : "Md",
      "event_location_name" : "6 km N Montereale (AQ)",
      "magnitude" : 0.7,
      "time" : "2026-05-15 04:56:11Z",
      "mag_author" : null,
      "longitude" : 13.2427,
      "contributor_id" : null
    },
    "geometry" : {
      "type" : "Point",
      "coordinates" : [ 13.2427, 42.5748 ]
    },
    "id" : "45873502"
  }, {
    "type" : "Feature",
    "properties" : {
      "depth_km" : 10.0,
      "author" : "SURVEY-INGV",
      "catalog" : null,
      "latitude" : 46.0018,
      "event_id" : 45873372,
      "contributor" : null,
      "mag_type" : "ML",
      "event_location_name" : "Confine Italia-Svizzera (SVIZZERA)",
      "magnitude" : 1.6,
      "time" : "2026-05-15 04:33:50Z",
      "mag_author" : null,
      "longitude" : 7.6117,
      "contributor_id" : null
    },
    "geometry" : {
      "type" : "Point",
      "coordinates" : [ 7.6117, 46.0018 ]
    },
    "id" : "45873372"
  }, {
    "type" : "Feature",
    "properties" : {
      "depth_km" : 8.2,
      "author" : "SURVEY-INGV",
      "catalog" : null,
      "latitude" : 43.4195,
      "event_id" : 45873302,
      "contributor" : null,
      "mag_type" : "ML",
      "event_location_name" : "8 km E Pietralunga (PG)",
      "magnitude" : 0.3,
      "time" : "2026-05-15 04:01:20Z",
      "mag_author" : null,
      "longitude" : 12.532,
      "contributor_id" : null
    },
    "geometry" : {
      "type" : "Point",
      "coordinates" : [ 12.532, 43.4195 ]
    },
    "id" : "45873302"
  }, {
    "type" : "Feature",
    "properties" : {
      "depth_km" : 8.7,
      "author" : "SURVEY-INGV",
      "catalog" : null,
      "latitude" : 43.6513,
      "event_id" : 45873232,
      "contributor" : null,
      "mag_type" : "ML",
      "event_location_name" : "2 km S Pieve Santo Stefano (AR)",
      "magnitude" : 0.5,
      "time" : "2026-05-15 03:29:05Z",
      "mag_author" : null,
      "longitude" : 12.0357,
      "contributor_id" : null
    },
    "geometry" : {
      "type" : "Point",
      "coordinates" : [ 12.0357, 43.6513 ]
    },
    "id" : "45873232"
  }, {
    "type" : "Feature",
    "properties" : {
      "depth_km" : 10.0,
      "author" : "SURVEY-INGV",
      "catalog" : null,
      "latitude" : 42.5448,
      "event_id" : 45873102,
      "contributor" : null,
      "mag_type" : "ML",
      "event_location_name" : "5 km NW Posta (RI)",
      "magnitude" : 1.9,
      "time" : "2026-05-15 01:34:41Z",
      "mag_author" : null,
      "longitude" : 13.0495,
      "contributor_id" : null
    },
    "geometry" : {
      "type" : "Point",
      "coordinates" : [ 13.0495, 42.5448 ]
    },
    "id" : "45873102"
  }, {
    "type" : "Feature",
    "properties" : {
      "depth_km" : 11.1,
      "author" : "SURVEY-INGV",
      "catalog" : null,
      "latitude" : 42.5642,
      "event_id" : 45873062,
      "contributor" : null,
      "mag_type" : "ML",
      "event_location_name" : "6 km NW Posta (RI)",
      "magnitude" : 1.6,
      "time" : "2026-05-15 01:33:57Z",
      "mag_author" : null,
      "longitude" : 13.0485,
      "contributor_id" : null
    },
    "geometry" : {
      "type" : "Point",
      "coordinates" : [ 13.0485, 42.5642 ]
    },
    "id" : "45873062"
  }, {
    "type" : "Feature",
    "properties" : {
      "depth_km" : 10.8,
      "author" : "SURVEY-INGV",
      "catalog" : null,
      "latitude" : 42.5633,
      "event_id" : 45873022,
      "contributor" : null,
      "mag_type" : "ML",
      "event_location_name" : "6 km NW Posta (RI)",
      "magnitude" : 1.4,
      "time" : "2026-05-15 01:33:14Z",
      "mag_author" : null,
      "longitude" : 13.0518,
      "contributor_id" : null
    },
    "geometry" : {
      "type" : "Point",
      "coordinates" : [ 13.0518, 42.5633 ]
    },
    "id" : "45873022"
  }, {
    "type" : "Feature",
    "properties" : {
      "depth_km" : 11.5,
      "author" : "SURVEY-INGV",
      "catalog" : null,
      "latitude" : 42.578,
      "event_id" : 45872882,
      "contributor" : null,
      "mag_type" : "ML",
      "event_location_name" : "6 km N Montereale (AQ)",
      "magnitude" : 0.9,
      "time" : "2026-05-14 22:50:19Z",
      "mag_author" : null,
      "longitude" : 13.2402,
      "contributor_id" : null
    },
    "geometry" : {
      "type" : "Point",
      "coordinates" : [ 13.2402, 42.578 ]
    },
    "id" : "45872882"
  }, {
    "type" : "Feature",
    "properties" : {
      "depth_km" : 14.5,
      "author" : "SURVEY-INGV",
      "catalog" : null,
      "latitude" : 42.489,
      "event_id" : 45871632,
      "contributor" : null,
      "mag_type" : "ML",
      "event_location_name" : "4 km SE Capitignano (AQ)",
      "magnitude" : 1.8,
      "time" : "2026-05-14 21:59:30Z",
      "mag_author" : null,
      "longitude" : 13.3337,
      "contributor_id" : null
    },
    "geometry" : {
      "type" : "Point",
      "coordinates" : [ 13.3337, 42.489 ]
    },
    "id" : "45871632"
  }, {
    "type" : "Feature",
    "properties" : {
      "depth_km" : 13.8,
      "author" : "SURVEY-INGV",
      "catalog" : null,
      "latitude" : 42.484,
      "event_id" : 45870532,
      "contributor" : null,
      "mag_type" : "ML",
      "event_location_name" : "4 km SE Capitignano (AQ)",
      "magnitude" : 1.7,
      "time" : "2026-05-14 21:53:44Z",
      "mag_author" : null,
      "longitude" : 13.3218,
      "contributor_id" : null
    },
    "geometry" : {
      "type" : "Point",
      "coordinates" : [ 13.3218, 42.484 ]
    },
    "id" : "45870532"
  }, {
    "type" : "Feature",
    "properties" : {
      "depth_km" : 8.6,
      "author" : "SURVEY-INGV",
      "catalog" : null,
      "latitude" : 38.3492,
      "event_id" : 45870302,
      "contributor" : null,
      "mag_type" : "ML",
      "event_location_name" : "1 km SE Cittanova (RC)",
      "magnitude" : 1.0,
      "time" : "2026-05-14 21:50:46Z",
      "mag_author" : null,
      "longitude" : 16.0957,
      "contributor_id" : null
    },
    "geometry" : {
      "type" : "Point",
      "coordinates" : [ 16.0957, 38.3492 ]
    },
    "id" : "45870302"
  }, {
    "type" : "Feature",
    "properties" : {
      "depth_km" : 5.5,
      "author" : "SURVEY-INGV",
      "catalog" : null,
      "latitude" : 46.3088,
      "event_id" : 45865352,
      "contributor" : null,
      "mag_type" : "ML",
      "event_location_name" : "3 km W Tramonti di Sopra (PN)",
      "magnitude" : 0.8,
      "time" : "2026-05-14 19:04:41Z",
      "mag_author" : null,
      "longitude" : 12.7557,
      "contributor_id" : null
    },
    "geometry" : {
      "type" : "Point",
      "coordinates" : [ 12.7557, 46.3088 ]
    },
    "id" : "45865352"
  }, {
    "type" : "Feature",
    "properties" : {
      "depth_km" : 9.5,
      "author" : "SURVEY-INGV",
      "catalog" : null,
      "latitude" : 40.5043,
      "event_id" : 45862832,
      "contributor" : null,
      "mag_type" : "ML",
      "event_location_name" : "3 km S Petina (SA)",
      "magnitude" : 0.8,
      "time" : "2026-05-14 18:37:53Z",
      "mag_author" : null,
      "longitude" : 15.3733,
      "contributor_id" : null
    },
    "geometry" : {
      "type" : "Point",
      "coordinates" : [ 15.3733, 40.5043 ]
    },
    "id" : "45862832"
  }, {
    "type" : "Feature",
    "properties" : {
      "depth_km" : 129.297,
      "author" : "SURVEY-INGV-A",
      "catalog" : null,
      "latitude" : -6.19102,
      "event_id" : 45861542,
      "contributor" : null,
      "mag_type" : "Mwp",
      "event_location_name" : "Indonesia [Sea]",
      "magnitude" : 6.2,
      "time" : "2026-05-14 17:53:13Z",
      "mag_author" : null,
      "longitude" : 130.426,
      "contributor_id" : null
    },
    "geometry" : {
      "type" : "Point",
      "coordinates" : [ 130.426, -6.19102 ]
    },
    "id" : "45861542"
  }, {
    "type" : "Feature",
    "properties" : {
      "depth_km" : 2.2,
      "author" : "SURVEY-INGV",
      "catalog" : null,
      "latitude" : 40.3792,
      "event_id" : 45861182,
      "contributor" : null,
      "mag_type" : "ML",
      "event_location_name" : "Golfo di Salerno (Salerno)",
      "magnitude" : 1.9,
      "time" : "2026-05-14 16:58:25Z",
      "mag_author" : null,
      "longitude" : 14.7738,
      "contributor_id" : null
    },
    "geometry" : {
      "type" : "Point",
      "coordinates" : [ 14.7738, 40.3792 ]
    },
    "id" : "45861182"
  }, {
    "type" : "Feature",
    "properties" : {
      "depth_km" : 2.15,
      "author" : "SURVEY-INGV-OV#SiSmi",
      "catalog" : null,
      "latitude" : 40.8315,
      "event_id" : 45861022,
      "contributor" : null,
      "mag_type" : "Md",
      "event_location_name" : "Campi Flegrei",
      "magnitude" : 1.0,
      "time" : "2026-05-14 16:38:04Z",
      "mag_author" : null,
      "longitude" : 14.125,
      "contributor_id" : null
    },
    "geometry" : {
      "type" : "Point",
      "coordinates" : [ 14.125, 40.8315 ]
    },
    "id" : "45861022"
  }, {
    "type" : "Feature",
    "properties" : {
      "depth_km" : 3.9,
      "author" : "SURVEY-INGV",
      "catalog" : null,
      "latitude" : 43.0257,
      "event_id" : 45860752,
      "contributor" : null,
      "mag_type" : "ML",
      "event_location_name" : "1 km S Fiordimonte (MC)",
      "magnitude" : 0.6,
      "time" : "2026-05-14 16:01:37Z",
      "mag_author" : null,
      "longitude" : 13.0943,
      "contributor_id" : null
    },
    "geometry" : {
      "type" : "Point",
      "coordinates" : [ 13.0943, 43.0257 ]
    },
    "id" : "45860752"
  }, {
    "type" : "Feature",
    "properties" : {
      "depth_km" : 10.7,
      "author" : "SURVEY-INGV",
      "catalog" : null,
      "latitude" : 38.1563,
      "event_id" : 45860232,
      "contributor" : null,
      "mag_type" : "ML",
      "event_location_name" : "Costa Siciliana nord-orientale (Messina)",
      "magnitude" : 2.3,
      "time" : "2026-05-14 14:48:04Z",
      "mag_author" : null,
      "longitude" : 15.0953,
      "contributor_id" : null
    },
    "geometry" : {
      "type" : "Point",
      "coordinates" : [ 15.0953, 38.1563 ]
    },
    "id" : "45860232"
  }, {
    "type" : "Feature",
    "properties" : {
      "depth_km" : 10.9,
      "author" : "SURVEY-INGV",
      "catalog" : null,
      "latitude" : 42.8748,
      "event_id" : 45859582,
      "contributor" : null,
      "mag_type" : "ML",
      "event_location_name" : "2 km S Sellano (PG)",
      "magnitude" : 1.2,
      "time" : "2026-05-14 13:48:03Z",
      "mag_author" : null,
      "longitude" : 12.9272,
      "contributor_id" : null
    },
    "geometry" : {
      "type" : "Point",
      "coordinates" : [ 12.9272, 42.8748 ]
    },
    "id" : "45859582"
  }, {
    "type" : "Feature",
    "properties" : {
      "depth_km" : 8.6,
      "author" : "SURVEY-INGV",
      "catalog" : null,
      "latitude" : 43.1657,
      "event_id" : 45859432,
      "contributor" : null,
      "mag_type" : "ML",
      "event_location_name" : "3 km NW Monterotondo Marittimo (GR)",
      "magnitude" : 1.9,
      "time" : "2026-05-14 13:37:08Z",
      "mag_author" : null,
      "longitude" : 10.8272,
      "contributor_id" : null
    },
    "geometry" : {
      "type" : "Point",
      "coordinates" : [ 10.8272, 43.1657 ]
    },
    "id" : "45859432"
  }, {
    "type" : "Feature",
    "properties" : {
      "depth_km" : 8.6,
      "author" : "SURVEY-INGV",
      "catalog" : null,
      "latitude" : 43.1657,
      "event_id" : 45859432,
      "contributor" : null,
      "mag_type" : "ML",
      "event_location_name" : "3 km NW Monterotondo Marittimo (GR)",
      "magnitude" : 1.9,
      "time" : "2026-05-14 13:37:08Z",
      "mag_author" : null,
      "longitude" : 10.8272,
      "contributor_id" : null
    },
    "geometry" : {
      "type" : "Point",
      "coordinates" : [ 10.8272, 43.1657 ]
    },
    "id" : "45859432"
  }, {
    "type" : "Feature",
    "properties" : {
      "depth_km" : 9.7,
      "author" : "SURVEY-INGV",
      "catalog" : null,
      "latitude" : 38.1388,
      "event_id" : 45859322,
      "contributor" : null,
      "mag_type" : "ML",
      "event_location_name" : "Costa Siciliana nord-orientale (Messina)",
      "magnitude" : 2.0,
      "time" : "2026-05-14 13:35:19Z",
      "mag_author" : null,
      "longitude" : 15.101,
      "contributor_id" : null
    },
    "geometry" : {
      "type" : "Point",
      "coordinates" : [ 15.101, 38.1388 ]
    },
    "id" : "45859322"
  }, {
    "type" : "Feature",
    "properties" : {
      "depth_km" : 20.3,
      "author" : "SURVEY-INGV",
      "catalog" : null,
      "latitude" : 43.1458,
      "event_id" : 45858322,
      "contributor" : null,
      "mag_type" : "ML",
      "event_location_name" : "1 km N Caldarola (MC)",
      "magnitude" : 1.3,
      "time" : "2026-05-14 12:44:38Z",
      "mag_author" : null,
      "longitude" : 13.2248,
      "contributor_id" : null
    },
    "geometry" : {
      "type" : "Point",
      "coordinates" : [ 13.2248, 43.1458 ]
    },
    "id" : "45858322"
  }, {
    "type" : "Feature",
    "properties" : {
      "depth_km" : 9.5,
      "author" : "SURVEY-INGV",
      "catalog" : null,
      "latitude" : 38.1322,
      "event_id" : 45857782,
      "contributor" : null,
      "mag_type" : "ML",
      "event_location_name" : "Costa Siciliana nord-orientale (Messina)",
      "magnitude" : 2.3,
      "time" : "2026-05-14 12:02:25Z",
      "mag_author" : null,
      "longitude" : 15.0987,
      "contributor_id" : null
    },
    "geometry" : {
      "type" : "Point",
      "coordinates" : [ 15.0987, 38.1322 ]
    },
    "id" : "45857782"
  }, {
    "type" : "Feature",
    "properties" : {
      "depth_km" : 8.7,
      "author" : "SURVEY-INGV",
      "catalog" : null,
      "latitude" : 38.0842,
      "event_id" : 45857512,
      "contributor" : null,
      "mag_type" : "ML",
      "event_location_name" : "3 km S Rodì Milici (ME)",
      "magnitude" : 1.9,
      "time" : "2026-05-14 11:48:57Z",
      "mag_author" : null,
      "longitude" : 15.1747,
      "contributor_id" : null
    },
    "geometry" : {
      "type" : "Point",
      "coordinates" : [ 15.1747, 38.0842 ]
    },
    "id" : "45857512"
  }, {
    "type" : "Feature",
    "properties" : {
      "depth_km" : 9.8,
      "author" : "SURVEY-INGV",
      "catalog" : null,
      "latitude" : 42.9528,
      "event_id" : 45856702,
      "contributor" : null,
      "mag_type" : "ML",
      "event_location_name" : "3 km E Ussita (MC)",
      "magnitude" : 1.1,
      "time" : "2026-05-14 10:38:51Z",
      "mag_author" : null,
      "longitude" : 13.1808,
      "contributor_id" : null
    },
    "geometry" : {
      "type" : "Point",
      "coordinates" : [ 13.1808, 42.9528 ]
    },
    "id" : "45856702"
  }, {
    "type" : "Feature",
    "properties" : {
      "depth_km" : 10.7,
      "author" : "SURVEY-INGV",
      "catalog" : null,
      "latitude" : 42.9322,
      "event_id" : 45856662,
      "contributor" : null,
      "mag_type" : "ML",
      "event_location_name" : "5 km NE Sellano (PG)",
      "magnitude" : 1.0,
      "time" : "2026-05-14 10:36:50Z",
      "mag_author" : null,
      "longitude" : 12.9492,
      "contributor_id" : null
    },
    "geometry" : {
      "type" : "Point",
      "coordinates" : [ 12.9492, 42.9322 ]
    },
    "id" : "45856662"
  }, {
    "type" : "Feature",
    "properties" : {
      "depth_km" : 18.9,
      "author" : "SURVEY-INGV",
      "catalog" : null,
      "latitude" : 43.1523,
      "event_id" : 45856402,
      "contributor" : null,
      "mag_type" : "ML",
      "event_location_name" : "2 km SE Belforte del Chienti (MC)",
      "magnitude" : 0.9,
      "time" : "2026-05-14 10:07:16Z",
      "mag_author" : null,
      "longitude" : 13.2458,
      "contributor_id" : null
    },
    "geometry" : {
      "type" : "Point",
      "coordinates" : [ 13.2458, 43.1523 ]
    },
    "id" : "45856402"
  }, {
    "type" : "Feature",
    "properties" : {
      "depth_km" : 14.0,
      "author" : "SURVEY-INGV",
      "catalog" : null,
      "latitude" : 42.4233,
      "event_id" : 45855392,
      "contributor" : null,
      "mag_type" : "ML",
      "event_location_name" : "1 km N Antrodoco (RI)",
      "magnitude" : 1.7,
      "time" : "2026-05-14 09:10:06Z",
      "mag_author" : null,
      "longitude" : 13.0827,
      "contributor_id" : null
    },
    "geometry" : {
      "type" : "Point",
      "coordinates" : [ 13.0827, 42.4233 ]
    },
    "id" : "45855392"
  }, {
    "type" : "Feature",
    "properties" : {
      "depth_km" : 13.2,
      "author" : "SURVEY-INGV",
      "catalog" : null,
      "latitude" : 43.3618,
      "event_id" : 45854732,
      "contributor" : null,
      "mag_type" : "ML",
      "event_location_name" : "4 km E Potenza Picena (MC)",
      "magnitude" : 1.7,
      "time" : "2026-05-14 08:06:45Z",
      "mag_author" : null,
      "longitude" : 13.6702,
      "contributor_id" : null
    },
    "geometry" : {
      "type" : "Point",
      "coordinates" : [ 13.6702, 43.3618 ]
    },
    "id" : "45854732"
  }, {
    "type" : "Feature",
    "properties" : {
      "depth_km" : 10.1,
      "author" : "SURVEY-INGV",
      "catalog" : null,
      "latitude" : 46.1263,
      "event_id" : 45854462,
      "contributor" : null,
      "mag_type" : "ML",
      "event_location_name" : "Confine Italia-Svizzera (SVIZZERA)",
      "magnitude" : 0.6,
      "time" : "2026-05-14 07:34:01Z",
      "mag_author" : null,
      "longitude" : 7.5132,
      "contributor_id" : null
    },
    "geometry" : {
      "type" : "Point",
      "coordinates" : [ 7.5132, 46.1263 ]
    },
    "id" : "45854462"
  }, {
    "type" : "Feature",
    "properties" : {
      "depth_km" : 10.3,
      "author" : "SURVEY-INGV",
      "catalog" : null,
      "latitude" : 43.3152,
      "event_id" : 45854262,
      "contributor" : null,
      "mag_type" : "ML",
      "event_location_name" : "6 km SE Gubbio (PG)",
      "magnitude" : 1.3,
      "time" : "2026-05-14 07:10:20Z",
      "mag_author" : null,
      "longitude" : 12.6333,
      "contributor_id" : null
    },
    "geometry" : {
      "type" : "Point",
      "coordinates" : [ 12.6333, 43.3152 ]
    },
    "id" : "45854262"
  }, {
    "type" : "Feature",
    "properties" : {
      "depth_km" : 11.3,
      "author" : "SURVEY-INGV",
      "catalog" : null,
      "latitude" : 42.4262,
      "event_id" : 45854222,
      "contributor" : null,
      "mag_type" : "ML",
      "event_location_name" : "1 km NW Antrodoco (RI)",
      "magnitude" : 0.8,
      "time" : "2026-05-14 06:58:55Z",
      "mag_author" : null,
      "longitude" : 13.0758,
      "contributor_id" : null
    },
    "geometry" : {
      "type" : "Point",
      "coordinates" : [ 13.0758, 42.4262 ]
    },
    "id" : "45854222"
  }, {
    "type" : "Feature",
    "properties" : {
      "depth_km" : 11.1,
      "author" : "SURVEY-INGV",
      "catalog" : null,
      "latitude" : 42.4278,
      "event_id" : 45853962,
      "contributor" : null,
      "mag_type" : "ML",
      "event_location_name" : "1 km NE Antrodoco (RI)",
      "magnitude" : 1.7,
      "time" : "2026-05-14 06:29:01Z",
      "mag_author" : null,
      "longitude" : 13.0893,
      "contributor_id" : null
    },
    "geometry" : {
      "type" : "Point",
      "coordinates" : [ 13.0893, 42.4278 ]
    },
    "id" : "45853962"
  }, {
    "type" : "Feature",
    "properties" : {
      "depth_km" : 11.6,
      "author" : "SURVEY-INGV",
      "catalog" : null,
      "latitude" : 42.4268,
      "event_id" : 45853762,
      "contributor" : null,
      "mag_type" : "ML",
      "event_location_name" : "1 km NW Antrodoco (RI)",
      "magnitude" : 0.6,
      "time" : "2026-05-14 06:13:26Z",
      "mag_author" : null,
      "longitude" : 13.0717,
      "contributor_id" : null
    },
    "geometry" : {
      "type" : "Point",
      "coordinates" : [ 13.0717, 42.4268 ]
    },
    "id" : "45853762"
  }, {
    "type" : "Feature",
    "properties" : {
      "depth_km" : 13.0,
      "author" : "SURVEY-INGV",
      "catalog" : null,
      "latitude" : 42.9645,
      "event_id" : 45853462,
      "contributor" : null,
      "mag_type" : "ML",
      "event_location_name" : "4 km N Visso (MC)",
      "magnitude" : 1.2,
      "time" : "2026-05-14 05:21:01Z",
      "mag_author" : null,
      "longitude" : 13.0883,
      "contributor_id" : null
    },
    "geometry" : {
      "type" : "Point",
      "coordinates" : [ 13.0883, 42.9645 ]
    },
    "id" : "45853462"
  }, {
    "type" : "Feature",
    "properties" : {
      "depth_km" : 9.5,
      "author" : "SURVEY-INGV",
      "catalog" : null,
      "latitude" : 38.1338,
      "event_id" : 45853382,
      "contributor" : null,
      "mag_type" : "ML",
      "event_location_name" : "Costa Siciliana nord-orientale (Messina)",
      "magnitude" : 2.3,
      "time" : "2026-05-14 05:14:24Z",
      "mag_author" : null,
      "longitude" : 15.0998,
      "contributor_id" : null
    },
    "geometry" : {
      "type" : "Point",
      "coordinates" : [ 15.0998, 38.1338 ]
    },
    "id" : "45853382"
  }, {
    "type" : "Feature",
    "properties" : {
      "depth_km" : 10.1,
      "author" : "SURVEY-INGV",
      "catalog" : null,
      "latitude" : 38.1278,
      "event_id" : 45853262,
      "contributor" : null,
      "mag_type" : "ML",
      "event_location_name" : "Costa Siciliana nord-orientale (Messina)",
      "magnitude" : 2.8,
      "time" : "2026-05-14 04:59:35Z",
      "mag_author" : null,
      "longitude" : 15.0988,
      "contributor_id" : null
    },
    "geometry" : {
      "type" : "Point",
      "coordinates" : [ 15.0988, 38.1278 ]
    },
    "id" : "45853262"
  }, {
    "type" : "Feature",
    "properties" : {
      "depth_km" : 12.0,
      "author" : "SURVEY-INGV",
      "catalog" : null,
      "latitude" : 42.4228,
      "event_id" : 45853102,
      "contributor" : null,
      "mag_type" : "ML",
      "event_location_name" : "1 km NE Antrodoco (RI)",
      "magnitude" : 1.5,
      "time" : "2026-05-14 03:45:55Z",
      "mag_author" : null,
      "longitude" : 13.084,
      "contributor_id" : null
    },
    "geometry" : {
      "type" : "Point",
      "coordinates" : [ 13.084, 42.4228 ]
    },
    "id" : "45853102"
  }, {
    "type" : "Feature",
    "properties" : {
      "depth_km" : 9.7,
      "author" : "SURVEY-INGV",
      "catalog" : null,
      "latitude" : 42.9447,
      "event_id" : 45853032,
      "contributor" : null,
      "mag_type" : "ML",
      "event_location_name" : "7 km NW Sellano (PG)",
      "magnitude" : 0.7,
      "time" : "2026-05-14 03:35:54Z",
      "mag_author" : null,
      "longitude" : 12.8797,
      "contributor_id" : null
    },
    "geometry" : {
      "type" : "Point",
      "coordinates" : [ 12.8797, 42.9447 ]
    },
    "id" : "45853032"
  }, {
    "type" : "Feature",
    "properties" : {
      "depth_km" : 25.4,
      "author" : "SURVEY-INGV",
      "catalog" : null,
      "latitude" : 43.1273,
      "event_id" : 45853012,
      "contributor" : null,
      "mag_type" : "ML",
      "event_location_name" : "3 km SE Ripe San Ginesio (MC)",
      "magnitude" : 1.2,
      "time" : "2026-05-14 02:46:23Z",
      "mag_author" : null,
      "longitude" : 13.3943,
      "contributor_id" : null
    },
    "geometry" : {
      "type" : "Point",
      "coordinates" : [ 13.3943, 43.1273 ]
    },
    "id" : "45853012"
  }, {
    "type" : "Feature",
    "properties" : {
      "depth_km" : 10.0,
      "author" : "SURVEY-INGV",
      "catalog" : null,
      "latitude" : 45.8918,
      "event_id" : 45852972,
      "contributor" : null,
      "mag_type" : "ML",
      "event_location_name" : "V3 Monte Bianco (ITALIA, FRANCIA, SVIZZERA)",
      "magnitude" : 1.6,
      "time" : "2026-05-14 02:29:37Z",
      "mag_author" : null,
      "longitude" : 7.0802,
      "contributor_id" : null
    },
    "geometry" : {
      "type" : "Point",
      "coordinates" : [ 7.0802, 45.8918 ]
    },
    "id" : "45852972"
  }, {
    "type" : "Feature",
    "properties" : {
      "depth_km" : 8.3,
      "author" : "SURVEY-INGV",
      "catalog" : null,
      "latitude" : 43.2987,
      "event_id" : 45852912,
      "contributor" : null,
      "mag_type" : "ML",
      "event_location_name" : "6 km S Gubbio (PG)",
      "magnitude" : 0.6,
      "time" : "2026-05-14 02:28:02Z",
      "mag_author" : null,
      "longitude" : 12.5702,
      "contributor_id" : null
    },
    "geometry" : {
      "type" : "Point",
      "coordinates" : [ 12.5702, 43.2987 ]
    },
    "id" : "45852912"
  }, {
    "type" : "Feature",
    "properties" : {
      "depth_km" : 12.6,
      "author" : "SURVEY-INGV",
      "catalog" : null,
      "latitude" : 42.896,
      "event_id" : 45852872,
      "contributor" : null,
      "mag_type" : "ML",
      "event_location_name" : "3 km E Sellano (PG)",
      "magnitude" : 1.2,
      "time" : "2026-05-14 02:25:38Z",
      "mag_author" : null,
      "longitude" : 12.966,
      "contributor_id" : null
    },
    "geometry" : {
      "type" : "Point",
      "coordinates" : [ 12.966, 42.896 ]
    },
    "id" : "45852872"
  }, {
    "type" : "Feature",
    "properties" : {
      "depth_km" : 7.9,
      "author" : "SURVEY-INGV",
      "catalog" : null,
      "latitude" : 43.4233,
      "event_id" : 45852822,
      "contributor" : null,
      "mag_type" : "ML",
      "event_location_name" : "3 km E Genga (AN)",
      "magnitude" : 0.6,
      "time" : "2026-05-14 02:24:40Z",
      "mag_author" : null,
      "longitude" : 12.9678,
      "contributor_id" : null
    },
    "geometry" : {
      "type" : "Point",
      "coordinates" : [ 12.9678, 43.4233 ]
    },
    "id" : "45852822"
  }, {
    "type" : "Feature",
    "properties" : {
      "depth_km" : 10.4,
      "author" : "SURVEY-INGV",
      "catalog" : null,
      "latitude" : 43.3672,
      "event_id" : 45852752,
      "contributor" : null,
      "mag_type" : "ML",
      "event_location_name" : "Potenza Picena (MC)",
      "magnitude" : 1.1,
      "time" : "2026-05-14 01:25:13Z",
      "mag_author" : null,
      "longitude" : 13.619,
      "contributor_id" : null
    },
    "geometry" : {
      "type" : "Point",
      "coordinates" : [ 13.619, 43.3672 ]
    },
    "id" : "45852752"
  }, {
    "type" : "Feature",
    "properties" : {
      "depth_km" : 10.8,
      "author" : "SURVEY-INGV",
      "catalog" : null,
      "latitude" : 38.1118,
      "event_id" : 45852692,
      "contributor" : null,
      "mag_type" : "ML",
      "event_location_name" : "1 km W Rodì Milici (ME)",
      "magnitude" : 2.0,
      "time" : "2026-05-14 00:56:34Z",
      "mag_author" : null,
      "longitude" : 15.1553,
      "contributor_id" : null
    },
    "geometry" : {
      "type" : "Point",
      "coordinates" : [ 15.1553, 38.1118 ]
    },
    "id" : "45852692"
  }, {
    "type" : "Feature",
    "properties" : {
      "depth_km" : 10.5,
      "author" : "SURVEY-INGV",
      "catalog" : null,
      "latitude" : 38.1172,
      "event_id" : 45852612,
      "contributor" : null,
      "mag_type" : "ML",
      "event_location_name" : "2 km W Rodì Milici (ME)",
      "magnitude" : 2.2,
      "time" : "2026-05-14 00:49:39Z",
      "mag_author" : null,
      "longitude" : 15.1523,
      "contributor_id" : null
    },
    "geometry" : {
      "type" : "Point",
      "coordinates" : [ 15.1523, 38.1172 ]
    },
    "id" : "45852612"
  }, {
    "type" : "Feature",
    "properties" : {
      "depth_km" : 10.8,
      "author" : "SURVEY-INGV",
      "catalog" : null,
      "latitude" : 42.856,
      "event_id" : 45852582,
      "contributor" : null,
      "mag_type" : "ML",
      "event_location_name" : "4 km S Sellano (PG)",
      "magnitude" : 0.6,
      "time" : "2026-05-14 00:28:40Z",
      "mag_author" : null,
      "longitude" : 12.9143,
      "contributor_id" : null
    },
    "geometry" : {
      "type" : "Point",
      "coordinates" : [ 12.9143, 42.856 ]
    },
    "id" : "45852582"
  }, {
    "type" : "Feature",
    "properties" : {
      "depth_km" : 7.8,
      "author" : "SURVEY-INGV",
      "catalog" : null,
      "latitude" : 42.6402,
      "event_id" : 45852542,
      "contributor" : null,
      "mag_type" : "ML",
      "event_location_name" : "4 km NE Cittareale (RI)",
      "magnitude" : 0.5,
      "time" : "2026-05-14 00:12:02Z",
      "mag_author" : null,
      "longitude" : 13.2035,
      "contributor_id" : null
    },
    "geometry" : {
      "type" : "Point",
      "coordinates" : [ 13.2035, 42.6402 ]
    },
    "id" : "45852542"
  }, {
    "type" : "Feature",
    "properties" : {
      "depth_km" : 7.3,
      "author" : "SURVEY-INGV",
      "catalog" : null,
      "latitude" : 42.872,
      "event_id" : 45852482,
      "contributor" : null,
      "mag_type" : "ML",
      "event_location_name" : "6 km E Castelsantangelo sul Nera (MC)",
      "magnitude" : 1.2,
      "time" : "2026-05-13 22:57:02Z",
      "mag_author" : null,
      "longitude" : 13.2187,
      "contributor_id" : null
    },
    "geometry" : {
      "type" : "Point",
      "coordinates" : [ 13.2187, 42.872 ]
    },
    "id" : "45852482"
  }, {
    "type" : "Feature",
    "properties" : {
      "depth_km" : 7.5,
      "author" : "SURVEY-INGV",
      "catalog" : null,
      "latitude" : 42.8727,
      "event_id" : 45852452,
      "contributor" : null,
      "mag_type" : "ML",
      "event_location_name" : "6 km E Castelsantangelo sul Nera (MC)",
      "magnitude" : 0.9,
      "time" : "2026-05-13 22:53:20Z",
      "mag_author" : null,
      "longitude" : 13.2142,
      "contributor_id" : null
    },
    "geometry" : {
      "type" : "Point",
      "coordinates" : [ 13.2142, 42.8727 ]
    },
    "id" : "45852452"
  }, {
    "type" : "Feature",
    "properties" : {
      "depth_km" : 0.51,
      "author" : "SURVEY-INGV-OV#SiSmi",
      "catalog" : null,
      "latitude" : 40.8205,
      "event_id" : 45852432,
      "contributor" : null,
      "mag_type" : "Md",
      "event_location_name" : "Vesuvio",
      "magnitude" : 1.3,
      "time" : "2026-05-13 22:52:25Z",
      "mag_author" : null,
      "longitude" : 14.428833,
      "contributor_id" : null
    },
    "geometry" : {
      "type" : "Point",
      "coordinates" : [ 14.428833, 40.8205 ]
    },
    "id" : "45852432"
  }, {
    "type" : "Feature",
    "properties" : {
      "depth_km" : 8.5,
      "author" : "SURVEY-INGV",
      "catalog" : null,
      "latitude" : 42.869,
      "event_id" : 45852402,
      "contributor" : null,
      "mag_type" : "ML",
      "event_location_name" : "7 km E Castelsantangelo sul Nera (MC)",
      "magnitude" : 0.6,
      "time" : "2026-05-13 22:52:00Z",
      "mag_author" : null,
      "longitude" : 13.2252,
      "contributor_id" : null
    },
    "geometry" : {
      "type" : "Point",
      "coordinates" : [ 13.2252, 42.869 ]
    },
    "id" : "45852402"
  }, {
    "type" : "Feature",
    "properties" : {
      "depth_km" : 8.4,
      "author" : "SURVEY-INGV",
      "catalog" : null,
      "latitude" : 44.0718,
      "event_id" : 45852372,
      "contributor" : null,
      "mag_type" : "ML",
      "event_location_name" : "Confine Italia-Francia (FRANCIA)",
      "magnitude" : 1.0,
      "time" : "2026-05-13 22:50:13Z",
      "mag_author" : null,
      "longitude" : 7.2982,
      "contributor_id" : null
    },
    "geometry" : {
      "type" : "Point",
      "coordinates" : [ 7.2982, 44.0718 ]
    },
    "id" : "45852372"
  }, {
    "type" : "Feature",
    "properties" : {
      "depth_km" : 13.4,
      "author" : "SURVEY-INGV",
      "catalog" : null,
      "latitude" : 43.0177,
      "event_id" : 45852322,
      "contributor" : null,
      "mag_type" : "ML",
      "event_location_name" : "5 km NW Monte Cavallo (MC)",
      "magnitude" : 0.8,
      "time" : "2026-05-13 22:14:54Z",
      "mag_author" : null,
      "longitude" : 12.9497,
      "contributor_id" : null
    },
    "geometry" : {
      "type" : "Point",
      "coordinates" : [ 12.9497, 43.0177 ]
    },
    "id" : "45852322"
  }, {
    "type" : "Feature",
    "properties" : {
      "depth_km" : 12.5,
      "author" : "SURVEY-INGV",
      "catalog" : null,
      "latitude" : 43.3567,
      "event_id" : 45852262,
      "contributor" : null,
      "mag_type" : "ML",
      "event_location_name" : "2 km SE Potenza Picena (MC)",
      "magnitude" : 1.6,
      "time" : "2026-05-13 21:47:47Z",
      "mag_author" : null,
      "longitude" : 13.6463,
      "contributor_id" : null
    },
    "geometry" : {
      "type" : "Point",
      "coordinates" : [ 13.6463, 43.3567 ]
    },
    "id" : "45852262"
  }, {
    "type" : "Feature",
    "properties" : {
      "depth_km" : 9.0,
      "author" : "SURVEY-INGV",
      "catalog" : null,
      "latitude" : 43.1257,
      "event_id" : 45852242,
      "contributor" : null,
      "mag_type" : "ML",
      "event_location_name" : "5 km SW Valfabbrica (PG)",
      "magnitude" : 1.1,
      "time" : "2026-05-13 21:25:28Z",
      "mag_author" : null,
      "longitude" : 12.5587,
      "contributor_id" : null
    },
    "geometry" : {
      "type" : "Point",
      "coordinates" : [ 12.5587, 43.1257 ]
    },
    "id" : "45852242"
  }, {
    "type" : "Feature",
    "properties" : {
      "depth_km" : 9.3,
      "author" : "SURVEY-INGV",
      "catalog" : null,
      "latitude" : 43.0407,
      "event_id" : 45852152,
      "contributor" : null,
      "mag_type" : "ML",
      "event_location_name" : "7 km SW Serravalle di Chienti (MC)",
      "magnitude" : 0.7,
      "time" : "2026-05-13 21:10:40Z",
      "mag_author" : null,
      "longitude" : 12.8777,
      "contributor_id" : null
    },
    "geometry" : {
      "type" : "Point",
      "coordinates" : [ 12.8777, 43.0407 ]
    },
    "id" : "45852152"
  }, {
    "type" : "Feature",
    "properties" : {
      "depth_km" : 9.3,
      "author" : "SURVEY-INGV",
      "catalog" : null,
      "latitude" : 43.0407,
      "event_id" : 45852152,
      "contributor" : null,
      "mag_type" : "ML",
      "event_location_name" : "7 km SW Serravalle di Chienti (MC)",
      "magnitude" : 0.7,
      "time" : "2026-05-13 21:10:40Z",
      "mag_author" : null,
      "longitude" : 12.8777,
      "contributor_id" : null
    },
    "geometry" : {
      "type" : "Point",
      "coordinates" : [ 12.8777, 43.0407 ]
    },
    "id" : "45852152"
  }, {
    "type" : "Feature",
    "properties" : {
      "depth_km" : 13.0,
      "author" : "SURVEY-INGV",
      "catalog" : null,
      "latitude" : 42.8802,
      "event_id" : 45851812,
      "contributor" : null,
      "mag_type" : "ML",
      "event_location_name" : "3 km E Sellano (PG)",
      "magnitude" : 0.7,
      "time" : "2026-05-13 19:19:51Z",
      "mag_author" : null,
      "longitude" : 12.9665,
      "contributor_id" : null
    },
    "geometry" : {
      "type" : "Point",
      "coordinates" : [ 12.9665, 42.8802 ]
    },
    "id" : "45851812"
  }, {
    "type" : "Feature",
    "properties" : {
      "depth_km" : 9.6,
      "author" : "SURVEY-INGV",
      "catalog" : null,
      "latitude" : 42.9098,
      "event_id" : 45851762,
      "contributor" : null,
      "mag_type" : "ML",
      "event_location_name" : "2 km NW Sellano (PG)",
      "magnitude" : 0.9,
      "time" : "2026-05-13 19:18:44Z",
      "mag_author" : null,
      "longitude" : 12.9143,
      "contributor_id" : null
    },
    "geometry" : {
      "type" : "Point",
      "coordinates" : [ 12.9143, 42.9098 ]
    },
    "id" : "45851762"
  }, {
    "type" : "Feature",
    "properties" : {
      "depth_km" : 5.35,
      "author" : "SURVEY-INGV-CT#SeismPicker_SO-OE",
      "catalog" : null,
      "latitude" : 37.743,
      "event_id" : 45851642,
      "contributor" : null,
      "mag_type" : "ML",
      "event_location_name" : "2 km N Milo (CT)",
      "magnitude" : 1.2,
      "time" : "2026-05-13 18:34:04Z",
      "mag_author" : null,
      "longitude" : 15.111,
      "contributor_id" : null
    },
    "geometry" : {
      "type" : "Point",
      "coordinates" : [ 15.111, 37.743 ]
    },
    "id" : "45851642"
  }, {
    "type" : "Feature",
    "properties" : {
      "depth_km" : 4.31,
      "author" : "SURVEY-INGV-CT#SeismPicker_SO-OE",
      "catalog" : null,
      "latitude" : 37.754,
      "event_id" : 45851532,
      "contributor" : null,
      "mag_type" : "ML",
      "event_location_name" : "3 km N Milo (CT)",
      "magnitude" : 1.1,
      "time" : "2026-05-13 18:24:47Z",
      "mag_author" : null,
      "longitude" : 15.105,
      "contributor_id" : null
    },
    "geometry" : {
      "type" : "Point",
      "coordinates" : [ 15.105, 37.754 ]
    },
    "id" : "45851532"
  }, {
    "type" : "Feature",
    "properties" : {
      "depth_km" : 17.0,
      "author" : "SURVEY-INGV",
      "catalog" : null,
      "latitude" : 43.3552,
      "event_id" : 45851472,
      "contributor" : null,
      "mag_type" : "ML",
      "event_location_name" : "Costa Marchigiana Maceratese (Macerata)",
      "magnitude" : 1.2,
      "time" : "2026-05-13 18:06:34Z",
      "mag_author" : null,
      "longitude" : 13.7127,
      "contributor_id" : null
    },
    "geometry" : {
      "type" : "Point",
      "coordinates" : [ 13.7127, 43.3552 ]
    },
    "id" : "45851472"
  }, {
    "type" : "Feature",
    "properties" : {
      "depth_km" : 8.5,
      "author" : "SURVEY-INGV",
      "catalog" : null,
      "latitude" : 44.7297,
      "event_id" : 45851392,
      "contributor" : null,
      "mag_type" : "ML",
      "event_location_name" : "Confine Italia-Francia (FRANCIA)",
      "magnitude" : 0.7,
      "time" : "2026-05-13 18:04:21Z",
      "mag_author" : null,
      "longitude" : 6.7738,
      "contributor_id" : null
    },
    "geometry" : {
      "type" : "Point",
      "coordinates" : [ 6.7738, 44.7297 ]
    },
    "id" : "45851392"
  }, {
    "type" : "Feature",
    "properties" : {
      "depth_km" : 6.39,
      "author" : "SURVEY-INGV-CT#SeismPicker_SO-OE",
      "catalog" : null,
      "latitude" : 37.765,
      "event_id" : 45851372,
      "contributor" : null,
      "mag_type" : "ML",
      "event_location_name" : "2 km N Sant'Alfio (CT)",
      "magnitude" : 1.4,
      "time" : "2026-05-13 18:02:05Z",
      "mag_author" : null,
      "longitude" : 15.141,
      "contributor_id" : null
    },
    "geometry" : {
      "type" : "Point",
      "coordinates" : [ 15.141, 37.765 ]
    },
    "id" : "45851372"
  }, {
    "type" : "Feature",
    "properties" : {
      "depth_km" : 13.1,
      "author" : "SURVEY-INGV",
      "catalog" : null,
      "latitude" : 43.2358,
      "event_id" : 45851302,
      "contributor" : null,
      "mag_type" : "ML",
      "event_location_name" : "1 km S Gagliole (MC)",
      "magnitude" : 1.0,
      "time" : "2026-05-13 17:48:20Z",
      "mag_author" : null,
      "longitude" : 13.0672,
      "contributor_id" : null
    },
    "geometry" : {
      "type" : "Point",
      "coordinates" : [ 13.0672, 43.2358 ]
    },
    "id" : "45851302"
  }, {
    "type" : "Feature",
    "properties" : {
      "depth_km" : 9.2,
      "author" : "SURVEY-INGV",
      "catalog" : null,
      "latitude" : 43.4113,
      "event_id" : 45850912,
      "contributor" : null,
      "mag_type" : "ML",
      "event_location_name" : "8 km E Pietralunga (PG)",
      "magnitude" : 1.1,
      "time" : "2026-05-13 16:08:53Z",
      "mag_author" : null,
      "longitude" : 12.5197,
      "contributor_id" : null
    },
    "geometry" : {
      "type" : "Point",
      "coordinates" : [ 12.5197, 43.4113 ]
    },
    "id" : "45850912"
  }, {
    "type" : "Feature",
    "properties" : {
      "depth_km" : 8.3,
      "author" : "SURVEY-INGV",
      "catalog" : null,
      "latitude" : 43.4072,
      "event_id" : 45850802,
      "contributor" : null,
      "mag_type" : "ML",
      "event_location_name" : "8 km NW Gubbio (PG)",
      "magnitude" : 1.5,
      "time" : "2026-05-13 15:56:07Z",
      "mag_author" : null,
      "longitude" : 12.52,
      "contributor_id" : null
    },
    "geometry" : {
      "type" : "Point",
      "coordinates" : [ 12.52, 43.4072 ]
    },
    "id" : "45850802"
  }, {
    "type" : "Feature",
    "properties" : {
      "depth_km" : 19.3,
      "author" : "SURVEY-INGV",
      "catalog" : null,
      "latitude" : 41.7422,
      "event_id" : 45850602,
      "contributor" : null,
      "mag_type" : "ML",
      "event_location_name" : "5 km W Sora (FR)",
      "magnitude" : 1.5,
      "time" : "2026-05-13 15:28:02Z",
      "mag_author" : null,
      "longitude" : 13.5618,
      "contributor_id" : null
    },
    "geometry" : {
      "type" : "Point",
      "coordinates" : [ 13.5618, 41.7422 ]
    },
    "id" : "45850602"
  }, {
    "type" : "Feature",
    "properties" : {
      "depth_km" : 10.9,
      "author" : "SURVEY-INGV",
      "catalog" : null,
      "latitude" : 42.8003,
      "event_id" : 45850472,
      "contributor" : null,
      "mag_type" : "ML",
      "event_location_name" : "7 km S Roccafluvione (AP)",
      "magnitude" : 0.8,
      "time" : "2026-05-13 15:18:15Z",
      "mag_author" : null,
      "longitude" : 13.4857,
      "contributor_id" : null
    },
    "geometry" : {
      "type" : "Point",
      "coordinates" : [ 13.4857, 42.8003 ]
    },
    "id" : "45850472"
  }, {
    "type" : "Feature",
    "properties" : {
      "depth_km" : 9.0,
      "author" : "SURVEY-INGV",
      "catalog" : null,
      "latitude" : 44.2842,
      "event_id" : 45849872,
      "contributor" : null,
      "mag_type" : "ML",
      "event_location_name" : "2 km SE Villafranca in Lunigiana (MS)",
      "magnitude" : 1.8,
      "time" : "2026-05-13 14:20:08Z",
      "mag_author" : null,
      "longitude" : 9.9677,
      "contributor_id" : null
    },
    "geometry" : {
      "type" : "Point",
      "coordinates" : [ 9.9677, 44.2842 ]
    },
    "id" : "45849872"
  }, {
    "type" : "Feature",
    "properties" : {
      "depth_km" : 10.4,
      "author" : "SURVEY-INGV",
      "catalog" : null,
      "latitude" : 42.769,
      "event_id" : 45849542,
      "contributor" : null,
      "mag_type" : "ML",
      "event_location_name" : "7 km E Norcia (PG)",
      "magnitude" : 1.0,
      "time" : "2026-05-13 13:29:36Z",
      "mag_author" : null,
      "longitude" : 13.1725,
      "contributor_id" : null
    },
    "geometry" : {
      "type" : "Point",
      "coordinates" : [ 13.1725, 42.769 ]
    },
    "id" : "45849542"
  }, {
    "type" : "Feature",
    "properties" : {
      "depth_km" : 10.9,
      "author" : "SURVEY-INGV",
      "catalog" : null,
      "latitude" : 42.7788,
      "event_id" : 45849402,
      "contributor" : null,
      "mag_type" : "ML",
      "event_location_name" : "5 km W Arquata del Tronto (AP)",
      "magnitude" : 1.2,
      "time" : "2026-05-13 13:12:51Z",
      "mag_author" : null,
      "longitude" : 13.2393,
      "contributor_id" : null
    },
    "geometry" : {
      "type" : "Point",
      "coordinates" : [ 13.2393, 42.7788 ]
    },
    "id" : "45849402"
  }, {
    "type" : "Feature",
    "properties" : {
      "depth_km" : 6.3,
      "author" : "SURVEY-INGV",
      "catalog" : null,
      "latitude" : 43.4317,
      "event_id" : 45849022,
      "contributor" : null,
      "mag_type" : "ML",
      "event_location_name" : "3 km SW Serra San Quirico (AN)",
      "magnitude" : 0.6,
      "time" : "2026-05-13 12:29:49Z",
      "mag_author" : null,
      "longitude" : 12.9852,
      "contributor_id" : null
    },
    "geometry" : {
      "type" : "Point",
      "coordinates" : [ 12.9852, 43.4317 ]
    },
    "id" : "45849022"
  }, {
    "type" : "Feature",
    "properties" : {
      "depth_km" : 13.4,
      "author" : "SURVEY-INGV",
      "catalog" : null,
      "latitude" : 43.06,
      "event_id" : 45847722,
      "contributor" : null,
      "mag_type" : "ML",
      "event_location_name" : "3 km E Serravalle di Chienti (MC)",
      "magnitude" : 0.7,
      "time" : "2026-05-13 10:44:27Z",
      "mag_author" : null,
      "longitude" : 12.9877,
      "contributor_id" : null
    },
    "geometry" : {
      "type" : "Point",
      "coordinates" : [ 12.9877, 43.06 ]
    },
    "id" : "45847722"
  }, {
    "type" : "Feature",
    "properties" : {
      "depth_km" : 9.6,
      "author" : "SURVEY-INGV",
      "catalog" : null,
      "latitude" : 39.3462,
      "event_id" : 45845902,
      "contributor" : null,
      "mag_type" : "ML",
      "event_location_name" : "11 km NW San Giovanni in Fiore (CS)",
      "magnitude" : 0.8,
      "time" : "2026-05-13 08:33:12Z",
      "mag_author" : null,
      "longitude" : 16.6427,
      "contributor_id" : null
    },
    "geometry" : {
      "type" : "Point",
      "coordinates" : [ 16.6427, 39.3462 ]
    },
    "id" : "45845902"
  }, {
    "type" : "Feature",
    "properties" : {
      "depth_km" : 11.6,
      "author" : "SURVEY-INGV",
      "catalog" : null,
      "latitude" : 43.9908,
      "event_id" : 45845772,
      "contributor" : null,
      "mag_type" : "ML",
      "event_location_name" : "6 km N Pistoia (PT)",
      "magnitude" : 1.1,
      "time" : "2026-05-13 08:22:38Z",
      "mag_author" : null,
      "longitude" : 10.9103,
      "contributor_id" : null
    },
    "geometry" : {
      "type" : "Point",
      "coordinates" : [ 10.9103, 43.9908 ]
    },
    "id" : "45845772"
  }, {
    "type" : "Feature",
    "properties" : {
      "depth_km" : 12.2,
      "author" : "SURVEY-INGV",
      "catalog" : null,
      "latitude" : 43.0162,
      "event_id" : 45844752,
      "contributor" : null,
      "mag_type" : "ML",
      "event_location_name" : "3 km NW Monte Cavallo (MC)",
      "magnitude" : 1.2,
      "time" : "2026-05-13 07:03:59Z",
      "mag_author" : null,
      "longitude" : 12.9795,
      "contributor_id" : null
    },
    "geometry" : {
      "type" : "Point",
      "coordinates" : [ 12.9795, 43.0162 ]
    },
    "id" : "45844752"
  }, {
    "type" : "Feature",
    "properties" : {
      "depth_km" : 11.2,
      "author" : "SURVEY-INGV",
      "catalog" : null,
      "latitude" : 42.8163,
      "event_id" : 45844642,
      "contributor" : null,
      "mag_type" : "ML",
      "event_location_name" : "2 km W Cerreto di Spoleto (PG)",
      "magnitude" : 1.1,
      "time" : "2026-05-13 06:54:10Z",
      "mag_author" : null,
      "longitude" : 12.8958,
      "contributor_id" : null
    },
    "geometry" : {
      "type" : "Point",
      "coordinates" : [ 12.8958, 42.8163 ]
    },
    "id" : "45844642"
  }, {
    "type" : "Feature",
    "properties" : {
      "depth_km" : 11.3,
      "author" : "SURVEY-INGV",
      "catalog" : null,
      "latitude" : 42.7908,
      "event_id" : 45844442,
      "contributor" : null,
      "mag_type" : "ML",
      "event_location_name" : "8 km E Norcia (PG)",
      "magnitude" : 1.1,
      "time" : "2026-05-13 06:34:19Z",
      "mag_author" : null,
      "longitude" : 13.194,
      "contributor_id" : null
    },
    "geometry" : {
      "type" : "Point",
      "coordinates" : [ 13.194, 42.7908 ]
    },
    "id" : "45844442"
  }, {
    "type" : "Feature",
    "properties" : {
      "depth_km" : 11.0,
      "author" : "SURVEY-INGV",
      "catalog" : null,
      "latitude" : 45.8063,
      "event_id" : 45843902,
      "contributor" : null,
      "mag_type" : "Md",
      "event_location_name" : "7 km SE Oyace (AO)",
      "magnitude" : 1.2,
      "time" : "2026-05-13 05:20:42Z",
      "mag_author" : null,
      "longitude" : 7.4518,
      "contributor_id" : null
    },
    "geometry" : {
      "type" : "Point",
      "coordinates" : [ 7.4518, 45.8063 ]
    },
    "id" : "45843902"
  }, {
    "type" : "Feature",
    "properties" : {
      "depth_km" : 13.5,
      "author" : "SURVEY-INGV",
      "catalog" : null,
      "latitude" : 39.0048,
      "event_id" : 45843652,
      "contributor" : null,
      "mag_type" : "ML",
      "event_location_name" : "Costa Calabra sud-occidentale (Catanzaro, Vibo Valentia, Reggio di Calabria)",
      "magnitude" : 1.5,
      "time" : "2026-05-13 04:51:46Z",
      "mag_author" : null,
      "longitude" : 16.0438,
      "contributor_id" : null
    },
    "geometry" : {
      "type" : "Point",
      "coordinates" : [ 16.0438, 39.0048 ]
    },
    "id" : "45843652"
  }, {
    "type" : "Feature",
    "properties" : {
      "depth_km" : 11.0,
      "author" : "SURVEY-INGV",
      "catalog" : null,
      "latitude" : 42.761,
      "event_id" : 45843332,
      "contributor" : null,
      "mag_type" : "ML",
      "event_location_name" : "7 km SE Norcia (PG)",
      "magnitude" : 1.0,
      "time" : "2026-05-13 03:05:41Z",
      "mag_author" : null,
      "longitude" : 13.1718,
      "contributor_id" : null
    },
    "geometry" : {
      "type" : "Point",
      "coordinates" : [ 13.1718, 42.761 ]
    },
    "id" : "45843332"
  }, {
    "type" : "Feature",
    "properties" : {
      "depth_km" : 8.4,
      "author" : "SURVEY-INGV",
      "catalog" : null,
      "latitude" : 42.9473,
      "event_id" : 45843292,
      "contributor" : null,
      "mag_type" : "ML",
      "event_location_name" : "2 km E Ussita (MC)",
      "magnitude" : 1.6,
      "time" : "2026-05-13 03:03:16Z",
      "mag_author" : null,
      "longitude" : 13.161,
      "contributor_id" : null
    },
    "geometry" : {
      "type" : "Point",
      "coordinates" : [ 13.161, 42.9473 ]
    },
    "id" : "45843292"
  }, {
    "type" : "Feature",
    "properties" : {
      "depth_km" : 9.7,
      "author" : "SURVEY-INGV",
      "catalog" : null,
      "latitude" : 38.5327,
      "event_id" : 45843202,
      "contributor" : null,
      "mag_type" : "ML",
      "event_location_name" : "Isole Eolie (Messina)",
      "magnitude" : 1.6,
      "time" : "2026-05-13 02:41:13Z",
      "mag_author" : null,
      "longitude" : 14.2592,
      "contributor_id" : null
    },
    "geometry" : {
      "type" : "Point",
      "coordinates" : [ 14.2592, 38.5327 ]
    },
    "id" : "45843202"
  }, {
    "type" : "Feature",
    "properties" : {
      "depth_km" : 5.0,
      "author" : "SURVEY-INGV",
      "catalog" : null,
      "latitude" : 45.9545,
      "event_id" : 45843142,
      "contributor" : null,
      "mag_type" : "ML",
      "event_location_name" : "Slovenia (SLOVENIA)",
      "magnitude" : 2.3,
      "time" : "2026-05-13 02:19:51Z",
      "mag_author" : null,
      "longitude" : 15.0062,
      "contributor_id" : null
    },
    "geometry" : {
      "type" : "Point",
      "coordinates" : [ 15.0062, 45.9545 ]
    },
    "id" : "45843142"
  }, {
    "type" : "Feature",
    "properties" : {
      "depth_km" : 10.5,
      "author" : "SURVEY-INGV",
      "catalog" : null,
      "latitude" : 45.8953,
      "event_id" : 45843022,
      "contributor" : null,
      "mag_type" : "ML",
      "event_location_name" : "12 km NW Saint-Rhémy-en-Bosses (AO)",
      "magnitude" : 1.6,
      "time" : "2026-05-13 00:11:03Z",
      "mag_author" : null,
      "longitude" : 7.0698,
      "contributor_id" : null
    },
    "geometry" : {
      "type" : "Point",
      "coordinates" : [ 7.0698, 45.8953 ]
    },
    "id" : "45843022"
  }, {
    "type" : "Feature",
    "properties" : {
      "depth_km" : 7.9,
      "author" : "SURVEY-INGV",
      "catalog" : null,
      "latitude" : 42.8248,
      "event_id" : 45842972,
      "contributor" : null,
      "mag_type" : "ML",
      "event_location_name" : "8 km NW Arquata del Tronto (AP)",
      "magnitude" : 1.4,
      "time" : "2026-05-13 00:09:34Z",
      "mag_author" : null,
      "longitude" : 13.2242,
      "contributor_id" : null
    },
    "geometry" : {
      "type" : "Point",
      "coordinates" : [ 13.2242, 42.8248 ]
    },
    "id" : "45842972"
  }, {
    "type" : "Feature",
    "properties" : {
      "depth_km" : 36.6,
      "author" : "SURVEY-INGV",
      "catalog" : null,
      "latitude" : 39.0208,
      "event_id" : 45842952,
      "contributor" : null,
      "mag_type" : "ML",
      "event_location_name" : "2 km N Zagarise (CZ)",
      "magnitude" : 1.2,
      "time" : "2026-05-13 00:05:21Z",
      "mag_author" : null,
      "longitude" : 16.6573,
      "contributor_id" : null
    },
    "geometry" : {
      "type" : "Point",
      "coordinates" : [ 16.6573, 39.0208 ]
    },
    "id" : "45842952"
  }, {
    "type" : "Feature",
    "properties" : {
      "depth_km" : 10.4,
      "author" : "SURVEY-INGV",
      "catalog" : null,
      "latitude" : 43.1545,
      "event_id" : 45842922,
      "contributor" : null,
      "mag_type" : "ML",
      "event_location_name" : "6 km NW Nocera Umbra (PG)",
      "magnitude" : 1.2,
      "time" : "2026-05-12 23:50:30Z",
      "mag_author" : null,
      "longitude" : 12.7532,
      "contributor_id" : null
    },
    "geometry" : {
      "type" : "Point",
      "coordinates" : [ 12.7532, 43.1545 ]
    },
    "id" : "45842922"
  }, {
    "type" : "Feature",
    "properties" : {
      "depth_km" : 11.1,
      "author" : "SURVEY-INGV",
      "catalog" : null,
      "latitude" : 42.7883,
      "event_id" : 45842892,
      "contributor" : null,
      "mag_type" : "ML",
      "event_location_name" : "4 km E Norcia (PG)",
      "magnitude" : 1.4,
      "time" : "2026-05-12 23:34:54Z",
      "mag_author" : null,
      "longitude" : 13.1368,
      "contributor_id" : null
    },
    "geometry" : {
      "type" : "Point",
      "coordinates" : [ 13.1368, 42.7883 ]
    },
    "id" : "45842892"
  }, {
    "type" : "Feature",
    "properties" : {
      "depth_km" : 14.9,
      "author" : "SURVEY-INGV",
      "catalog" : null,
      "latitude" : 43.4582,
      "event_id" : 45842842,
      "contributor" : null,
      "mag_type" : "ML",
      "event_location_name" : "4 km NE Genga (AN)",
      "magnitude" : 1.4,
      "time" : "2026-05-12 22:16:45Z",
      "mag_author" : null,
      "longitude" : 12.9592,
      "contributor_id" : null
    },
    "geometry" : {
      "type" : "Point",
      "coordinates" : [ 12.9592, 43.4582 ]
    },
    "id" : "45842842"
  }, {
    "type" : "Feature",
    "properties" : {
      "depth_km" : 160.547,
      "author" : "SURVEY-INGV-A",
      "catalog" : null,
      "latitude" : -23.291,
      "event_id" : 45842772,
      "contributor" : null,
      "mag_type" : "Mwp",
      "event_location_name" : "Tonga [Sea]",
      "magnitude" : 6.1,
      "time" : "2026-05-12 21:19:33Z",
      "mag_author" : null,
      "longitude" : -176.116,
      "contributor_id" : null
    },
    "geometry" : {
      "type" : "Point",
      "coordinates" : [ -176.116, -23.291 ]
    },
    "id" : "45842772"
  }, {
    "type" : "Feature",
    "properties" : {
      "depth_km" : 10.8,
      "author" : "SURVEY-INGV",
      "catalog" : null,
      "latitude" : 40.7318,
      "event_id" : 45842602,
      "contributor" : null,
      "mag_type" : "ML",
      "event_location_name" : "3 km S Bella (PZ)",
      "magnitude" : 1.7,
      "time" : "2026-05-12 20:32:13Z",
      "mag_author" : null,
      "longitude" : 15.5387,
      "contributor_id" : null
    },
    "geometry" : {
      "type" : "Point",
      "coordinates" : [ 15.5387, 40.7318 ]
    },
    "id" : "45842602"
  }, {
    "type" : "Feature",
    "properties" : {
      "depth_km" : 15.2,
      "author" : "SURVEY-INGV",
      "catalog" : null,
      "latitude" : 43.4305,
      "event_id" : 45842482,
      "contributor" : null,
      "mag_type" : "ML",
      "event_location_name" : "5 km NE Scheggia e Pascelupo (PG)",
      "magnitude" : 0.5,
      "time" : "2026-05-12 19:48:16Z",
      "mag_author" : null,
      "longitude" : 12.7233,
      "contributor_id" : null
    },
    "geometry" : {
      "type" : "Point",
      "coordinates" : [ 12.7233, 43.4305 ]
    },
    "id" : "45842482"
  }, {
    "type" : "Feature",
    "properties" : {
      "depth_km" : 6.5,
      "author" : "SURVEY-INGV",
      "catalog" : null,
      "latitude" : 43.0428,
      "event_id" : 45842302,
      "contributor" : null,
      "mag_type" : "ML",
      "event_location_name" : "6 km SW Serravalle di Chienti (MC)",
      "magnitude" : 0.6,
      "time" : "2026-05-12 19:01:39Z",
      "mag_author" : null,
      "longitude" : 12.8867,
      "contributor_id" : null
    },
    "geometry" : {
      "type" : "Point",
      "coordinates" : [ 12.8867, 43.0428 ]
    },
    "id" : "45842302"
  }, {
    "type" : "Feature",
    "properties" : {
      "depth_km" : 13.4,
      "author" : "SURVEY-INGV",
      "catalog" : null,
      "latitude" : 43.0687,
      "event_id" : 45842112,
      "contributor" : null,
      "mag_type" : "ML",
      "event_location_name" : "5 km E Valtopina (PG)",
      "magnitude" : 0.6,
      "time" : "2026-05-12 18:12:46Z",
      "mag_author" : null,
      "longitude" : 12.8108,
      "contributor_id" : null
    },
    "geometry" : {
      "type" : "Point",
      "coordinates" : [ 12.8108, 43.0687 ]
    },
    "id" : "45842112"
  }, {
    "type" : "Feature",
    "properties" : {
      "depth_km" : 9.4,
      "author" : "SURVEY-INGV",
      "catalog" : null,
      "latitude" : 43.9877,
      "event_id" : 45842052,
      "contributor" : null,
      "mag_type" : "ML",
      "event_location_name" : "2 km NW Premilcuore (FC)",
      "magnitude" : 1.0,
      "time" : "2026-05-12 18:09:32Z",
      "mag_author" : null,
      "longitude" : 11.7545,
      "contributor_id" : null
    },
    "geometry" : {
      "type" : "Point",
      "coordinates" : [ 11.7545, 43.9877 ]
    },
    "id" : "45842052"
  }, {
    "type" : "Feature",
    "properties" : {
      "depth_km" : 8.8,
      "author" : "SURVEY-INGV",
      "catalog" : null,
      "latitude" : 42.2418,
      "event_id" : 45841772,
      "contributor" : null,
      "mag_type" : "ML",
      "event_location_name" : "2 km SE Fagnano Alto (AQ)",
      "magnitude" : 2.4,
      "time" : "2026-05-12 17:46:27Z",
      "mag_author" : null,
      "longitude" : 13.5858,
      "contributor_id" : null
    },
    "geometry" : {
      "type" : "Point",
      "coordinates" : [ 13.5858, 42.2418 ]
    },
    "id" : "45841772"
  }, {
    "type" : "Feature",
    "properties" : {
      "depth_km" : 10.6,
      "author" : "SURVEY-INGV",
      "catalog" : null,
      "latitude" : 42.7727,
      "event_id" : 45841382,
      "contributor" : null,
      "mag_type" : "ML",
      "event_location_name" : "5 km NE Spoleto (PG)",
      "magnitude" : 1.2,
      "time" : "2026-05-12 17:13:21Z",
      "mag_author" : null,
      "longitude" : 12.7622,
      "contributor_id" : null
    },
    "geometry" : {
      "type" : "Point",
      "coordinates" : [ 12.7622, 42.7727 ]
    },
    "id" : "45841382"
  }, {
    "type" : "Feature",
    "properties" : {
      "depth_km" : 17.4,
      "author" : "SURVEY-INGV",
      "catalog" : null,
      "latitude" : 38.5772,
      "event_id" : 45840602,
      "contributor" : null,
      "mag_type" : "ML",
      "event_location_name" : "3 km S Mileto (VV)",
      "magnitude" : 1.4,
      "time" : "2026-05-12 16:15:53Z",
      "mag_author" : null,
      "longitude" : 16.0595,
      "contributor_id" : null
    },
    "geometry" : {
      "type" : "Point",
      "coordinates" : [ 16.0595, 38.5772 ]
    },
    "id" : "45840602"
  }, {
    "type" : "Feature",
    "properties" : {
      "depth_km" : 5.9,
      "author" : "SURVEY-INGV",
      "catalog" : null,
      "latitude" : 43.4603,
      "event_id" : 45840262,
      "contributor" : null,
      "mag_type" : "ML",
      "event_location_name" : "6 km W Pietralunga (PG)",
      "magnitude" : 0.7,
      "time" : "2026-05-12 15:57:59Z",
      "mag_author" : null,
      "longitude" : 12.3698,
      "contributor_id" : null
    },
    "geometry" : {
      "type" : "Point",
      "coordinates" : [ 12.3698, 43.4603 ]
    },
    "id" : "45840262"
  }, {
    "type" : "Feature",
    "properties" : {
      "depth_km" : 2.87,
      "author" : "SURVEY-INGV-OV#SiSmi",
      "catalog" : null,
      "latitude" : 40.839667,
      "event_id" : 45838302,
      "contributor" : null,
      "mag_type" : "Md",
      "event_location_name" : "Campi Flegrei",
      "magnitude" : 2.6,
      "time" : "2026-05-12 14:06:11Z",
      "mag_author" : null,
      "longitude" : 14.1065,
      "contributor_id" : null
    },
    "geometry" : {
      "type" : "Point",
      "coordinates" : [ 14.1065, 40.839667 ]
    },
    "id" : "45838302"
  }, {
    "type" : "Feature",
    "properties" : {
      "depth_km" : 0.5,
      "author" : "SURVEY-INGV",
      "catalog" : null,
      "latitude" : 43.4188,
      "event_id" : 45837782,
      "contributor" : null,
      "mag_type" : "ML",
      "event_location_name" : "3 km E Genga (AN)",
      "magnitude" : 0.7,
      "time" : "2026-05-12 13:32:11Z",
      "mag_author" : null,
      "longitude" : 12.9722,
      "contributor_id" : null
    },
    "geometry" : {
      "type" : "Point",
      "coordinates" : [ 12.9722, 43.4188 ]
    },
    "id" : "45837782"
  }, {
    "type" : "Feature",
    "properties" : {
      "depth_km" : 6.6,
      "author" : "SURVEY-INGV",
      "catalog" : null,
      "latitude" : 45.5668,
      "event_id" : 45837102,
      "contributor" : null,
      "mag_type" : "ML",
      "event_location_name" : "3 km N Botticino (BS)",
      "magnitude" : 1.4,
      "time" : "2026-05-12 12:52:18Z",
      "mag_author" : null,
      "longitude" : 10.3295,
      "contributor_id" : null
    },
    "geometry" : {
      "type" : "Point",
      "coordinates" : [ 10.3295, 45.5668 ]
    },
    "id" : "45837102"
  }, {
    "type" : "Feature",
    "properties" : {
      "depth_km" : 17.8,
      "author" : "SURVEY-INGV",
      "catalog" : null,
      "latitude" : 40.6168,
      "event_id" : 45836272,
      "contributor" : null,
      "mag_type" : "ML",
      "event_location_name" : "2 km N Vietri di Potenza (PZ)",
      "magnitude" : 1.6,
      "time" : "2026-05-12 12:08:06Z",
      "mag_author" : null,
      "longitude" : 15.5023,
      "contributor_id" : null
    },
    "geometry" : {
      "type" : "Point",
      "coordinates" : [ 15.5023, 40.6168 ]
    },
    "id" : "45836272"
  }, {
    "type" : "Feature",
    "properties" : {
      "depth_km" : 5.6,
      "author" : "SURVEY-INGV",
      "catalog" : null,
      "latitude" : 42.801,
      "event_id" : 45836112,
      "contributor" : null,
      "mag_type" : "ML",
      "event_location_name" : "4 km E Norcia (PG)",
      "magnitude" : 0.9,
      "time" : "2026-05-12 12:01:32Z",
      "mag_author" : null,
      "longitude" : 13.1445,
      "contributor_id" : null
    },
    "geometry" : {
      "type" : "Point",
      "coordinates" : [ 13.1445, 42.801 ]
    },
    "id" : "45836112"
  }, {
    "type" : "Feature",
    "properties" : {
      "depth_km" : 9.8,
      "author" : "SURVEY-INGV",
      "catalog" : null,
      "latitude" : 44.374,
      "event_id" : 45835252,
      "contributor" : null,
      "mag_type" : "ML",
      "event_location_name" : "5 km SW Castelmagno (CN)",
      "magnitude" : 2.2,
      "time" : "2026-05-12 11:01:21Z",
      "mag_author" : null,
      "longitude" : 7.1872,
      "contributor_id" : null
    },
    "geometry" : {
      "type" : "Point",
      "coordinates" : [ 7.1872, 44.374 ]
    },
    "id" : "45835252"
  }, {
    "type" : "Feature",
    "properties" : {
      "depth_km" : 1.8,
      "author" : "SURVEY-INGV",
      "catalog" : null,
      "latitude" : 43.4032,
      "event_id" : 45834692,
      "contributor" : null,
      "mag_type" : "ML",
      "event_location_name" : "5 km SE Pietralunga (PG)",
      "magnitude" : 0.7,
      "time" : "2026-05-12 10:32:00Z",
      "mag_author" : null,
      "longitude" : 12.4642,
      "contributor_id" : null
    },
    "geometry" : {
      "type" : "Point",
      "coordinates" : [ 12.4642, 43.4032 ]
    },
    "id" : "45834692"
  }, {
    "type" : "Feature",
    "properties" : {
      "depth_km" : 10.7,
      "author" : "SURVEY-INGV",
      "catalog" : null,
      "latitude" : 42.8988,
      "event_id" : 45833292,
      "contributor" : null,
      "mag_type" : "ML",
      "event_location_name" : "2 km NE Sellano (PG)",
      "magnitude" : 1.2,
      "time" : "2026-05-12 09:14:06Z",
      "mag_author" : null,
      "longitude" : 12.9478,
      "contributor_id" : null
    },
    "geometry" : {
      "type" : "Point",
      "coordinates" : [ 12.9478, 42.8988 ]
    },
    "id" : "45833292"
  }, {
    "type" : "Feature",
    "properties" : {
      "depth_km" : 10.6,
      "author" : "SURVEY-INGV",
      "catalog" : null,
      "latitude" : 42.8473,
      "event_id" : 45830002,
      "contributor" : null,
      "mag_type" : "ML",
      "event_location_name" : "5 km NE Cerreto di Spoleto (PG)",
      "magnitude" : 1.1,
      "time" : "2026-05-12 06:46:36Z",
      "mag_author" : null,
      "longitude" : 12.9735,
      "contributor_id" : null
    },
    "geometry" : {
      "type" : "Point",
      "coordinates" : [ 12.9735, 42.8473 ]
    },
    "id" : "45830002"
  }, {
    "type" : "Feature",
    "properties" : {
      "depth_km" : 11.0,
      "author" : "SURVEY-INGV",
      "catalog" : null,
      "latitude" : 42.8687,
      "event_id" : 45826782,
      "contributor" : null,
      "mag_type" : "ML",
      "event_location_name" : "5 km SE Sellano (PG)",
      "magnitude" : 1.3,
      "time" : "2026-05-12 03:54:11Z",
      "mag_author" : null,
      "longitude" : 12.9758,
      "contributor_id" : null
    },
    "geometry" : {
      "type" : "Point",
      "coordinates" : [ 12.9758, 42.8687 ]
    },
    "id" : "45826782"
  }, {
    "type" : "Feature",
    "properties" : {
      "depth_km" : 6.2,
      "author" : "SURVEY-INGV",
      "catalog" : null,
      "latitude" : 38.4152,
      "event_id" : 45826572,
      "contributor" : null,
      "mag_type" : "ML",
      "event_location_name" : "Isole Eolie (Messina)",
      "magnitude" : 2.1,
      "time" : "2026-05-12 03:28:07Z",
      "mag_author" : null,
      "longitude" : 14.4533,
      "contributor_id" : null
    },
    "geometry" : {
      "type" : "Point",
      "coordinates" : [ 14.4533, 38.4152 ]
    },
    "id" : "45826572"
  }, {
    "type" : "Feature",
    "properties" : {
      "depth_km" : 8.7,
      "author" : "SURVEY-INGV",
      "catalog" : null,
      "latitude" : 42.9583,
      "event_id" : 45826482,
      "contributor" : null,
      "mag_type" : "ML",
      "event_location_name" : "4 km NW Bevagna (PG)",
      "magnitude" : 1.3,
      "time" : "2026-05-12 03:15:50Z",
      "mag_author" : null,
      "longitude" : 12.5665,
      "contributor_id" : null
    },
    "geometry" : {
      "type" : "Point",
      "coordinates" : [ 12.5665, 42.9583 ]
    },
    "id" : "45826482"
  }, {
    "type" : "Feature",
    "properties" : {
      "depth_km" : 13.8,
      "author" : "SURVEY-INGV",
      "catalog" : null,
      "latitude" : 44.3723,
      "event_id" : 45826452,
      "contributor" : null,
      "mag_type" : "ML",
      "event_location_name" : "5 km S Pradleves (CN)",
      "magnitude" : 2.3,
      "time" : "2026-05-12 03:15:18Z",
      "mag_author" : null,
      "longitude" : 7.2758,
      "contributor_id" : null
    },
    "geometry" : {
      "type" : "Point",
      "coordinates" : [ 7.2758, 44.3723 ]
    },
    "id" : "45826452"
  }, {
    "type" : "Feature",
    "properties" : {
      "depth_km" : 10.0,
      "author" : "SURVEY-INGV",
      "catalog" : null,
      "latitude" : 37.7997,
      "event_id" : 45826372,
      "contributor" : null,
      "mag_type" : "ML",
      "event_location_name" : "4 km E Cerami (EN)",
      "magnitude" : 1.3,
      "time" : "2026-05-12 03:11:20Z",
      "mag_author" : null,
      "longitude" : 14.5533,
      "contributor_id" : null
    },
    "geometry" : {
      "type" : "Point",
      "coordinates" : [ 14.5533, 37.7997 ]
    },
    "id" : "45826372"
  }, {
    "type" : "Feature",
    "properties" : {
      "depth_km" : 4.5,
      "author" : "SURVEY-INGV",
      "catalog" : null,
      "latitude" : 38.3812,
      "event_id" : 45826222,
      "contributor" : null,
      "mag_type" : "ML",
      "event_location_name" : "Costa Siciliana nord-orientale (Messina)",
      "magnitude" : 2.5,
      "time" : "2026-05-12 02:42:54Z",
      "mag_author" : null,
      "longitude" : 14.4598,
      "contributor_id" : null
    },
    "geometry" : {
      "type" : "Point",
      "coordinates" : [ 14.4598, 38.3812 ]
    },
    "id" : "45826222"
  }, {
    "type" : "Feature",
    "properties" : {
      "depth_km" : 9.8,
      "author" : "SURVEY-INGV",
      "catalog" : null,
      "latitude" : 46.3613,
      "event_id" : 45826112,
      "contributor" : null,
      "mag_type" : "ML",
      "event_location_name" : "3 km SW Resia (UD)",
      "magnitude" : 0.9,
      "time" : "2026-05-12 02:29:47Z",
      "mag_author" : null,
      "longitude" : 13.2753,
      "contributor_id" : null
    },
    "geometry" : {
      "type" : "Point",
      "coordinates" : [ 13.2753, 46.3613 ]
    },
    "id" : "45826112"
  }, {
    "type" : "Feature",
    "properties" : {
      "depth_km" : 7.9,
      "author" : "SURVEY-INGV",
      "catalog" : null,
      "latitude" : 42.2422,
      "event_id" : 45826052,
      "contributor" : null,
      "mag_type" : "ML",
      "event_location_name" : "2 km NW Fontecchio (AQ)",
      "magnitude" : 2.0,
      "time" : "2026-05-12 02:13:29Z",
      "mag_author" : null,
      "longitude" : 13.5933,
      "contributor_id" : null
    },
    "geometry" : {
      "type" : "Point",
      "coordinates" : [ 13.5933, 42.2422 ]
    },
    "id" : "45826052"
  }, {
    "type" : "Feature",
    "properties" : {
      "depth_km" : 132.1,
      "author" : "SURVEY-INGV",
      "catalog" : null,
      "latitude" : 38.5338,
      "event_id" : 45825892,
      "contributor" : null,
      "mag_type" : "ML",
      "event_location_name" : "Tirreno Meridionale [Mare]",
      "magnitude" : 1.9,
      "time" : "2026-05-12 01:27:27Z",
      "mag_author" : null,
      "longitude" : 15.3737,
      "contributor_id" : null
    },
    "geometry" : {
      "type" : "Point",
      "coordinates" : [ 15.3737, 38.5338 ]
    },
    "id" : "45825892"
  }, {
    "type" : "Feature",
    "properties" : {
      "depth_km" : 10.0,
      "author" : "SURVEY-INGV",
      "catalog" : null,
      "latitude" : 46.3185,
      "event_id" : 45825852,
      "contributor" : null,
      "mag_type" : "ML",
      "event_location_name" : "6 km N Lusevera (UD)",
      "magnitude" : 1.0,
      "time" : "2026-05-12 01:24:14Z",
      "mag_author" : null,
      "longitude" : 13.2757,
      "contributor_id" : null
    },
    "geometry" : {
      "type" : "Point",
      "coordinates" : [ 13.2757, 46.3185 ]
    },
    "id" : "45825852"
  }, {
    "type" : "Feature",
    "properties" : {
      "depth_km" : 1.57,
      "author" : "SURVEY-INGV-OV#SiSmi",
      "catalog" : null,
      "latitude" : 40.816833,
      "event_id" : 45825532,
      "contributor" : null,
      "mag_type" : "Md",
      "event_location_name" : "Campi Flegrei",
      "magnitude" : 1.8,
      "time" : "2026-05-12 00:11:19Z",
      "mag_author" : null,
      "longitude" : 14.142667,
      "contributor_id" : null
    },
    "geometry" : {
      "type" : "Point",
      "coordinates" : [ 14.142667, 40.816833 ]
    },
    "id" : "45825532"
  }, {
    "type" : "Feature",
    "properties" : {
      "depth_km" : 15.0,
      "author" : "SURVEY-INGV",
      "catalog" : null,
      "latitude" : 38.0808,
      "event_id" : 45825302,
      "contributor" : null,
      "mag_type" : "ML",
      "event_location_name" : "3 km N Raccuja (ME)",
      "magnitude" : 1.0,
      "time" : "2026-05-12 00:03:37Z",
      "mag_author" : null,
      "longitude" : 14.9072,
      "contributor_id" : null
    },
    "geometry" : {
      "type" : "Point",
      "coordinates" : [ 14.9072, 38.0808 ]
    },
    "id" : "45825302"
  }, {
    "type" : "Feature",
    "properties" : {
      "depth_km" : 12.6,
      "author" : "SURVEY-INGV",
      "catalog" : null,
      "latitude" : 43.1625,
      "event_id" : 45825062,
      "contributor" : null,
      "mag_type" : "ML",
      "event_location_name" : "2 km SE Pioraco (MC)",
      "magnitude" : 1.3,
      "time" : "2026-05-11 23:17:42Z",
      "mag_author" : null,
      "longitude" : 13.0053,
      "contributor_id" : null
    },
    "geometry" : {
      "type" : "Point",
      "coordinates" : [ 13.0053, 43.1625 ]
    },
    "id" : "45825062"
  }, {
    "type" : "Feature",
    "properties" : {
      "depth_km" : 9.3,
      "author" : "SURVEY-INGV",
      "catalog" : null,
      "latitude" : 39.739,
      "event_id" : 45824892,
      "contributor" : null,
      "mag_type" : "ML",
      "event_location_name" : "4 km NE Firmo (CS)",
      "magnitude" : 1.4,
      "time" : "2026-05-11 22:54:05Z",
      "mag_author" : null,
      "longitude" : 16.2173,
      "contributor_id" : null
    },
    "geometry" : {
      "type" : "Point",
      "coordinates" : [ 16.2173, 39.739 ]
    },
    "id" : "45824892"
  }, {
    "type" : "Feature",
    "properties" : {
      "depth_km" : 6.2,
      "author" : "SURVEY-INGV",
      "catalog" : null,
      "latitude" : 41.9212,
      "event_id" : 45824252,
      "contributor" : null,
      "mag_type" : "ML",
      "event_location_name" : "1 km SW Vallepietra (RM)",
      "magnitude" : 1.9,
      "time" : "2026-05-11 21:10:06Z",
      "mag_author" : null,
      "longitude" : 13.2175,
      "contributor_id" : null
    },
    "geometry" : {
      "type" : "Point",
      "coordinates" : [ 13.2175, 41.9212 ]
    },
    "id" : "45824252"
  }, {
    "type" : "Feature",
    "properties" : {
      "depth_km" : 9.8,
      "author" : "SURVEY-INGV",
      "catalog" : null,
      "latitude" : 41.9283,
      "event_id" : 45824212,
      "contributor" : null,
      "mag_type" : "ML",
      "event_location_name" : "1 km W Vallepietra (RM)",
      "magnitude" : 1.6,
      "time" : "2026-05-11 21:09:39Z",
      "mag_author" : null,
      "longitude" : 13.2213,
      "contributor_id" : null
    },
    "geometry" : {
      "type" : "Point",
      "coordinates" : [ 13.2213, 41.9283 ]
    },
    "id" : "45824212"
  }, {
    "type" : "Feature",
    "properties" : {
      "depth_km" : 13.5,
      "author" : "SURVEY-INGV",
      "catalog" : null,
      "latitude" : 42.6905,
      "event_id" : 45823732,
      "contributor" : null,
      "mag_type" : "ML",
      "event_location_name" : "4 km W Accumoli (RI)",
      "magnitude" : 1.3,
      "time" : "2026-05-11 19:50:48Z",
      "mag_author" : null,
      "longitude" : 13.2063,
      "contributor_id" : null
    },
    "geometry" : {
      "type" : "Point",
      "coordinates" : [ 13.2063, 42.6905 ]
    },
    "id" : "45823732"
  }, {
    "type" : "Feature",
    "properties" : {
      "depth_km" : 1.78,
      "author" : "SURVEY-INGV-OV#SiSmi",
      "catalog" : null,
      "latitude" : 40.821833,
      "event_id" : 45823392,
      "contributor" : null,
      "mag_type" : "Md",
      "event_location_name" : "Campi Flegrei",
      "magnitude" : 1.2,
      "time" : "2026-05-11 18:59:33Z",
      "mag_author" : null,
      "longitude" : 14.125833,
      "contributor_id" : null
    },
    "geometry" : {
      "type" : "Point",
      "coordinates" : [ 14.125833, 40.821833 ]
    },
    "id" : "45823392"
  }, {
    "type" : "Feature",
    "properties" : {
      "depth_km" : 13.1,
      "author" : "SURVEY-INGV",
      "catalog" : null,
      "latitude" : 42.648,
      "event_id" : 45823142,
      "contributor" : null,
      "mag_type" : "ML",
      "event_location_name" : "3 km NE Amatrice (RI)",
      "magnitude" : 0.8,
      "time" : "2026-05-11 18:27:52Z",
      "mag_author" : null,
      "longitude" : 13.3118,
      "contributor_id" : null
    },
    "geometry" : {
      "type" : "Point",
      "coordinates" : [ 13.3118, 42.648 ]
    },
    "id" : "45823142"
  }, {
    "type" : "Feature",
    "properties" : {
      "depth_km" : 4.8,
      "author" : "SURVEY-INGV",
      "catalog" : null,
      "latitude" : 42.7307,
      "event_id" : 45822012,
      "contributor" : null,
      "mag_type" : "ML",
      "event_location_name" : "2 km NW Cascia (PG)",
      "magnitude" : 1.0,
      "time" : "2026-05-11 16:41:30Z",
      "mag_author" : null,
      "longitude" : 12.99,
      "contributor_id" : null
    },
    "geometry" : {
      "type" : "Point",
      "coordinates" : [ 12.99, 42.7307 ]
    },
    "id" : "45822012"
  }, {
    "type" : "Feature",
    "properties" : {
      "depth_km" : 10.8,
      "author" : "SURVEY-INGV",
      "catalog" : null,
      "latitude" : 42.8367,
      "event_id" : 45488611,
      "contributor" : null,
      "mag_type" : "ML",
      "event_location_name" : "6 km E Cerreto di Spoleto (PG)",
      "magnitude" : 0.9,
      "time" : "2026-05-11 15:47:05Z",
      "mag_author" : null,
      "longitude" : 12.986,
      "contributor_id" : null
    },
    "geometry" : {
      "type" : "Point",
      "coordinates" : [ 12.986, 42.8367 ]
    },
    "id" : "45488611"
  }, {
    "type" : "Feature",
    "properties" : {
      "depth_km" : 10.8,
      "author" : "SURVEY-INGV",
      "catalog" : null,
      "latitude" : 42.8367,
      "event_id" : 45821192,
      "contributor" : null,
      "mag_type" : "ML",
      "event_location_name" : "6 km E Cerreto di Spoleto (PG)",
      "magnitude" : 0.9,
      "time" : "2026-05-11 15:47:05Z",
      "mag_author" : null,
      "longitude" : 12.986,
      "contributor_id" : null
    },
    "geometry" : {
      "type" : "Point",
      "coordinates" : [ 12.986, 42.8367 ]
    },
    "id" : "45821192"
  }, {
    "type" : "Feature",
    "properties" : {
      "depth_km" : 5.9,
      "author" : "SURVEY-INGV",
      "catalog" : null,
      "latitude" : 43.3927,
      "event_id" : 45488371,
      "contributor" : null,
      "mag_type" : "ML",
      "event_location_name" : "7 km NW Gubbio (PG)",
      "magnitude" : 0.3,
      "time" : "2026-05-11 15:30:45Z",
      "mag_author" : null,
      "longitude" : 12.5157,
      "contributor_id" : null
    },
    "geometry" : {
      "type" : "Point",
      "coordinates" : [ 12.5157, 43.3927 ]
    },
    "id" : "45488371"
  }, {
    "type" : "Feature",
    "properties" : {
      "depth_km" : 5.9,
      "author" : "SURVEY-INGV",
      "catalog" : null,
      "latitude" : 43.3927,
      "event_id" : 45820902,
      "contributor" : null,
      "mag_type" : "ML",
      "event_location_name" : "7 km NW Gubbio (PG)",
      "magnitude" : 0.3,
      "time" : "2026-05-11 15:30:45Z",
      "mag_author" : null,
      "longitude" : 12.5157,
      "contributor_id" : null
    },
    "geometry" : {
      "type" : "Point",
      "coordinates" : [ 12.5157, 43.3927 ]
    },
    "id" : "45820902"
  }, {
    "type" : "Feature",
    "properties" : {
      "depth_km" : 0.5,
      "author" : "SURVEY-INGV",
      "catalog" : null,
      "latitude" : 46.1197,
      "event_id" : 45488141,
      "contributor" : null,
      "mag_type" : "ML",
      "event_location_name" : "1 km W Fornace (TN)",
      "magnitude" : 0.9,
      "time" : "2026-05-11 15:11:43Z",
      "mag_author" : null,
      "longitude" : 11.1992,
      "contributor_id" : null
    },
    "geometry" : {
      "type" : "Point",
      "coordinates" : [ 11.1992, 46.1197 ]
    },
    "id" : "45488141"
  }, {
    "type" : "Feature",
    "properties" : {
      "depth_km" : 0.5,
      "author" : "SURVEY-INGV",
      "catalog" : null,
      "latitude" : 46.1197,
      "event_id" : 45820662,
      "contributor" : null,
      "mag_type" : "ML",
      "event_location_name" : "1 km W Fornace (TN)",
      "magnitude" : 0.9,
      "time" : "2026-05-11 15:11:43Z",
      "mag_author" : null,
      "longitude" : 11.1992,
      "contributor_id" : null
    },
    "geometry" : {
      "type" : "Point",
      "coordinates" : [ 11.1992, 46.1197 ]
    },
    "id" : "45820662"
  }, {
    "type" : "Feature",
    "properties" : {
      "depth_km" : 0.5,
      "author" : "SURVEY-INGV",
      "catalog" : null,
      "latitude" : 46.1197,
      "event_id" : 45820662,
      "contributor" : null,
      "mag_type" : "ML",
      "event_location_name" : "1 km W Fornace (TN)",
      "magnitude" : 0.9,
      "time" : "2026-05-11 15:11:43Z",
      "mag_author" : null,
      "longitude" : 11.1992,
      "contributor_id" : null
    },
    "geometry" : {
      "type" : "Point",
      "coordinates" : [ 11.1992, 46.1197 ]
    },
    "id" : "45820662"
  }, {
    "type" : "Feature",
    "properties" : {
      "depth_km" : 4.0,
      "author" : "SURVEY-INGV",
      "catalog" : null,
      "latitude" : 41.5992,
      "event_id" : 45818732,
      "contributor" : null,
      "mag_type" : "ML",
      "event_location_name" : "12 km SE Rignano Garganico (FG)",
      "magnitude" : 2.0,
      "time" : "2026-05-11 13:11:37Z",
      "mag_author" : null,
      "longitude" : 15.6948,
      "contributor_id" : null
    },
    "geometry" : {
      "type" : "Point",
      "coordinates" : [ 15.6948, 41.5992 ]
    },
    "id" : "45818732"
  }, {
    "type" : "Feature",
    "properties" : {
      "depth_km" : 4.0,
      "author" : "SURVEY-INGV",
      "catalog" : null,
      "latitude" : 41.5992,
      "event_id" : 45818732,
      "contributor" : null,
      "mag_type" : "ML",
      "event_location_name" : "12 km SE Rignano Garganico (FG)",
      "magnitude" : 2.0,
      "time" : "2026-05-11 13:11:37Z",
      "mag_author" : null,
      "longitude" : 15.6948,
      "contributor_id" : null
    },
    "geometry" : {
      "type" : "Point",
      "coordinates" : [ 15.6948, 41.5992 ]
    },
    "id" : "45818732"
  }, {
    "type" : "Feature",
    "properties" : {
      "depth_km" : 10.4,
      "author" : "SURVEY-INGV",
      "catalog" : null,
      "latitude" : 45.8838,
      "event_id" : 45817562,
      "contributor" : null,
      "mag_type" : "ML",
      "event_location_name" : "12 km NE Courmayeur (AO)",
      "magnitude" : 1.1,
      "time" : "2026-05-11 12:21:35Z",
      "mag_author" : null,
      "longitude" : 7.0487,
      "contributor_id" : null
    },
    "geometry" : {
      "type" : "Point",
      "coordinates" : [ 7.0487, 45.8838 ]
    },
    "id" : "45817562"
  }, {
    "type" : "Feature",
    "properties" : {
      "depth_km" : 12.7,
      "author" : "SURVEY-INGV",
      "catalog" : null,
      "latitude" : 43.0125,
      "event_id" : 45817102,
      "contributor" : null,
      "mag_type" : "ML",
      "event_location_name" : "6 km W Monte Cavallo (MC)",
      "magnitude" : 0.8,
      "time" : "2026-05-11 12:02:29Z",
      "mag_author" : null,
      "longitude" : 12.9363,
      "contributor_id" : null
    },
    "geometry" : {
      "type" : "Point",
      "coordinates" : [ 12.9363, 43.0125 ]
    },
    "id" : "45817102"
  }, {
    "type" : "Feature",
    "properties" : {
      "depth_km" : 18.8,
      "author" : "SURVEY-INGV",
      "catalog" : null,
      "latitude" : 38.4638,
      "event_id" : 45816792,
      "contributor" : null,
      "mag_type" : "Md",
      "event_location_name" : "Isole Eolie (Messina)",
      "magnitude" : 1.8,
      "time" : "2026-05-11 11:48:48Z",
      "mag_author" : null,
      "longitude" : 14.4088,
      "contributor_id" : null
    },
    "geometry" : {
      "type" : "Point",
      "coordinates" : [ 14.4088, 38.4638 ]
    },
    "id" : "45816792"
  }, {
    "type" : "Feature",
    "properties" : {
      "depth_km" : 8.8,
      "author" : "SURVEY-INGV",
      "catalog" : null,
      "latitude" : 43.0137,
      "event_id" : 45816332,
      "contributor" : null,
      "mag_type" : "ML",
      "event_location_name" : "2 km S Acquacanina (MC)",
      "magnitude" : 1.7,
      "time" : "2026-05-11 11:30:23Z",
      "mag_author" : null,
      "longitude" : 13.1803,
      "contributor_id" : null
    },
    "geometry" : {
      "type" : "Point",
      "coordinates" : [ 13.1803, 43.0137 ]
    },
    "id" : "45816332"
  }, {
    "type" : "Feature",
    "properties" : {
      "depth_km" : 9.5,
      "author" : "SURVEY-INGV",
      "catalog" : null,
      "latitude" : 42.9157,
      "event_id" : 45815152,
      "contributor" : null,
      "mag_type" : "ML",
      "event_location_name" : "4 km N Trevi (PG)",
      "magnitude" : 0.8,
      "time" : "2026-05-11 10:25:42Z",
      "mag_author" : null,
      "longitude" : 12.7417,
      "contributor_id" : null
    },
    "geometry" : {
      "type" : "Point",
      "coordinates" : [ 12.7417, 42.9157 ]
    },
    "id" : "45815152"
  }, {
    "type" : "Feature",
    "properties" : {
      "depth_km" : 7.5,
      "author" : "SURVEY-INGV",
      "catalog" : null,
      "latitude" : 43.4458,
      "event_id" : 45814202,
      "contributor" : null,
      "mag_type" : "ML",
      "event_location_name" : "2 km E Pietralunga (PG)",
      "magnitude" : 0.5,
      "time" : "2026-05-11 09:25:37Z",
      "mag_author" : null,
      "longitude" : 12.4572,
      "contributor_id" : null
    },
    "geometry" : {
      "type" : "Point",
      "coordinates" : [ 12.4572, 43.4458 ]
    },
    "id" : "45814202"
  }, {
    "type" : "Feature",
    "properties" : {
      "depth_km" : 8.8,
      "author" : "SURVEY-INGV",
      "catalog" : null,
      "latitude" : 42.81,
      "event_id" : 45813562,
      "contributor" : null,
      "mag_type" : "ML",
      "event_location_name" : "8 km E Norcia (PG)",
      "magnitude" : 1.5,
      "time" : "2026-05-11 08:43:19Z",
      "mag_author" : null,
      "longitude" : 13.1867,
      "contributor_id" : null
    },
    "geometry" : {
      "type" : "Point",
      "coordinates" : [ 13.1867, 42.81 ]
    },
    "id" : "45813562"
  }, {
    "type" : "Feature",
    "properties" : {
      "depth_km" : 8.1,
      "author" : "SURVEY-INGV",
      "catalog" : null,
      "latitude" : 38.0167,
      "event_id" : 45813072,
      "contributor" : null,
      "mag_type" : "ML",
      "event_location_name" : "1 km SW Alcara li Fusi (ME)",
      "magnitude" : 1.9,
      "time" : "2026-05-11 07:57:19Z",
      "mag_author" : null,
      "longitude" : 14.6897,
      "contributor_id" : null
    },
    "geometry" : {
      "type" : "Point",
      "coordinates" : [ 14.6897, 38.0167 ]
    },
    "id" : "45813072"
  }, {
    "type" : "Feature",
    "properties" : {
      "depth_km" : 8.6,
      "author" : "SURVEY-INGV",
      "catalog" : null,
      "latitude" : 42.7823,
      "event_id" : 45812932,
      "contributor" : null,
      "mag_type" : "ML",
      "event_location_name" : "4 km E Norcia (PG)",
      "magnitude" : 1.2,
      "time" : "2026-05-11 07:39:38Z",
      "mag_author" : null,
      "longitude" : 13.1423,
      "contributor_id" : null
    },
    "geometry" : {
      "type" : "Point",
      "coordinates" : [ 13.1423, 42.7823 ]
    },
    "id" : "45812932"
  }, {
    "type" : "Feature",
    "properties" : {
      "depth_km" : 0.5,
      "author" : "SURVEY-INGV",
      "catalog" : null,
      "latitude" : 43.3875,
      "event_id" : 45812612,
      "contributor" : null,
      "mag_type" : "ML",
      "event_location_name" : "4 km NW Gubbio (PG)",
      "magnitude" : 0.9,
      "time" : "2026-05-11 07:05:59Z",
      "mag_author" : null,
      "longitude" : 12.5512,
      "contributor_id" : null
    },
    "geometry" : {
      "type" : "Point",
      "coordinates" : [ 12.5512, 43.3875 ]
    },
    "id" : "45812612"
  }, {
    "type" : "Feature",
    "properties" : {
      "depth_km" : 0.5,
      "author" : "SURVEY-INGV",
      "catalog" : null,
      "latitude" : 43.3862,
      "event_id" : 45812442,
      "contributor" : null,
      "mag_type" : "ML",
      "event_location_name" : "4 km NW Gubbio (PG)",
      "magnitude" : 0.9,
      "time" : "2026-05-11 07:00:50Z",
      "mag_author" : null,
      "longitude" : 12.5488,
      "contributor_id" : null
    },
    "geometry" : {
      "type" : "Point",
      "coordinates" : [ 12.5488, 43.3862 ]
    },
    "id" : "45812442"
  }, {
    "type" : "Feature",
    "properties" : {
      "depth_km" : 10.2,
      "author" : "SURVEY-INGV",
      "catalog" : null,
      "latitude" : 43.3833,
      "event_id" : 45812122,
      "contributor" : null,
      "mag_type" : "ML",
      "event_location_name" : "4 km NE Gubbio (PG)",
      "magnitude" : 0.6,
      "time" : "2026-05-11 06:24:02Z",
      "mag_author" : null,
      "longitude" : 12.6157,
      "contributor_id" : null
    },
    "geometry" : {
      "type" : "Point",
      "coordinates" : [ 12.6157, 43.3833 ]
    },
    "id" : "45812122"
  }, {
    "type" : "Feature",
    "properties" : {
      "depth_km" : 10.0,
      "author" : "SURVEY-INGV",
      "catalog" : null,
      "latitude" : 42.8788,
      "event_id" : 45811822,
      "contributor" : null,
      "mag_type" : "ML",
      "event_location_name" : "7 km W Sellano (PG)",
      "magnitude" : 0.8,
      "time" : "2026-05-11 05:57:00Z",
      "mag_author" : null,
      "longitude" : 12.8477,
      "contributor_id" : null
    },
    "geometry" : {
      "type" : "Point",
      "coordinates" : [ 12.8477, 42.8788 ]
    },
    "id" : "45811822"
  }, {
    "type" : "Feature",
    "properties" : {
      "depth_km" : 3.8,
      "author" : "SURVEY-INGV",
      "catalog" : null,
      "latitude" : 45.7253,
      "event_id" : 45811492,
      "contributor" : null,
      "mag_type" : "ML",
      "event_location_name" : "3 km W Avio (TN)",
      "magnitude" : 1.0,
      "time" : "2026-05-11 05:04:40Z",
      "mag_author" : null,
      "longitude" : 10.9062,
      "contributor_id" : null
    },
    "geometry" : {
      "type" : "Point",
      "coordinates" : [ 10.9062, 45.7253 ]
    },
    "id" : "45811492"
  }, {
    "type" : "Feature",
    "properties" : {
      "depth_km" : 11.7,
      "author" : "SURVEY-INGV",
      "catalog" : null,
      "latitude" : 43.8138,
      "event_id" : 45811432,
      "contributor" : null,
      "mag_type" : "ML",
      "event_location_name" : "Costa Ligure centro-occidentale (Savona)",
      "magnitude" : 2.5,
      "time" : "2026-05-11 04:58:42Z",
      "mag_author" : null,
      "longitude" : 8.3912,
      "contributor_id" : null
    },
    "geometry" : {
      "type" : "Point",
      "coordinates" : [ 8.3912, 43.8138 ]
    },
    "id" : "45811432"
  }, {
    "type" : "Feature",
    "properties" : {
      "depth_km" : 8.8,
      "author" : "SURVEY-INGV",
      "catalog" : null,
      "latitude" : 43.4577,
      "event_id" : 45811012,
      "contributor" : null,
      "mag_type" : "ML",
      "event_location_name" : "5 km W Pietralunga (PG)",
      "magnitude" : 0.9,
      "time" : "2026-05-11 03:10:08Z",
      "mag_author" : null,
      "longitude" : 12.3773,
      "contributor_id" : null
    },
    "geometry" : {
      "type" : "Point",
      "coordinates" : [ 12.3773, 43.4577 ]
    },
    "id" : "45811012"
  }, {
    "type" : "Feature",
    "properties" : {
      "depth_km" : 14.6,
      "author" : "SURVEY-INGV",
      "catalog" : null,
      "latitude" : 43.4717,
      "event_id" : 45810812,
      "contributor" : null,
      "mag_type" : "ML",
      "event_location_name" : "2 km S Serra Sant'Abbondio (PU)",
      "magnitude" : 1.1,
      "time" : "2026-05-11 02:21:15Z",
      "mag_author" : null,
      "longitude" : 12.7765,
      "contributor_id" : null
    },
    "geometry" : {
      "type" : "Point",
      "coordinates" : [ 12.7765, 43.4717 ]
    },
    "id" : "45810812"
  }, {
    "type" : "Feature",
    "properties" : {
      "depth_km" : 70.6,
      "author" : "SURVEY-INGV",
      "catalog" : null,
      "latitude" : 42.9225,
      "event_id" : 45810702,
      "contributor" : null,
      "mag_type" : "ML",
      "event_location_name" : "4 km NW Sellano (PG)",
      "magnitude" : 1.9,
      "time" : "2026-05-11 01:55:39Z",
      "mag_author" : null,
      "longitude" : 12.9028,
      "contributor_id" : null
    },
    "geometry" : {
      "type" : "Point",
      "coordinates" : [ 12.9028, 42.9225 ]
    },
    "id" : "45810702"
  }, {
    "type" : "Feature",
    "properties" : {
      "depth_km" : 7.1,
      "author" : "SURVEY-INGV",
      "catalog" : null,
      "latitude" : 42.5425,
      "event_id" : 45810402,
      "contributor" : null,
      "mag_type" : "ML",
      "event_location_name" : "4 km SE Terni (TR)",
      "magnitude" : 1.3,
      "time" : "2026-05-10 23:20:07Z",
      "mag_author" : null,
      "longitude" : 12.6928,
      "contributor_id" : null
    },
    "geometry" : {
      "type" : "Point",
      "coordinates" : [ 12.6928, 42.5425 ]
    },
    "id" : "45810402"
  }, {
    "type" : "Feature",
    "properties" : {
      "depth_km" : 116.5,
      "author" : "SURVEY-INGV",
      "catalog" : null,
      "latitude" : 38.3703,
      "event_id" : 45810252,
      "contributor" : null,
      "mag_type" : "ML",
      "event_location_name" : "Costa Siciliana nord-orientale (Messina)",
      "magnitude" : 1.9,
      "time" : "2026-05-10 22:41:28Z",
      "mag_author" : null,
      "longitude" : 15.4182,
      "contributor_id" : null
    },
    "geometry" : {
      "type" : "Point",
      "coordinates" : [ 15.4182, 38.3703 ]
    },
    "id" : "45810252"
  }, {
    "type" : "Feature",
    "properties" : {
      "depth_km" : 10.0,
      "author" : "SURVEY-INGV",
      "catalog" : null,
      "latitude" : 46.8528,
      "event_id" : 45810212,
      "contributor" : null,
      "mag_type" : "ML",
      "event_location_name" : "V3 Val Venosta (ITALIA, SVIZZERA, AUSTRIA)",
      "magnitude" : 1.1,
      "time" : "2026-05-10 22:38:37Z",
      "mag_author" : null,
      "longitude" : 10.2847,
      "contributor_id" : null
    },
    "geometry" : {
      "type" : "Point",
      "coordinates" : [ 10.2847, 46.8528 ]
    },
    "id" : "45810212"
  }, {
    "type" : "Feature",
    "properties" : {
      "depth_km" : 7.8,
      "author" : "SURVEY-INGV",
      "catalog" : null,
      "latitude" : 38.7203,
      "event_id" : 45810082,
      "contributor" : null,
      "mag_type" : "ML",
      "event_location_name" : "Cenadi (CZ)",
      "magnitude" : 1.3,
      "time" : "2026-05-10 22:06:33Z",
      "mag_author" : null,
      "longitude" : 16.4158,
      "contributor_id" : null
    },
    "geometry" : {
      "type" : "Point",
      "coordinates" : [ 16.4158, 38.7203 ]
    },
    "id" : "45810082"
  }, {
    "type" : "Feature",
    "properties" : {
      "depth_km" : 142.773,
      "author" : "SURVEY-INGV-A",
      "catalog" : null,
      "latitude" : 36.6521,
      "event_id" : 45809382,
      "contributor" : null,
      "mag_type" : "mb",
      "event_location_name" : "Dodecanese Islands, Greece [Sea: Greece]",
      "magnitude" : 4.7,
      "time" : "2026-05-10 20:29:54Z",
      "mag_author" : null,
      "longitude" : 26.695,
      "contributor_id" : null
    },
    "geometry" : {
      "type" : "Point",
      "coordinates" : [ 26.695, 36.6521 ]
    },
    "id" : "45809382"
  }, {
    "type" : "Feature",
    "properties" : {
      "depth_km" : 15.1,
      "author" : "SURVEY-INGV",
      "catalog" : null,
      "latitude" : 39.0577,
      "event_id" : 45809102,
      "contributor" : null,
      "mag_type" : "ML",
      "event_location_name" : "3 km SW Conflenti (CZ)",
      "magnitude" : 1.5,
      "time" : "2026-05-10 19:51:08Z",
      "mag_author" : null,
      "longitude" : 16.2587,
      "contributor_id" : null
    },
    "geometry" : {
      "type" : "Point",
      "coordinates" : [ 16.2587, 39.0577 ]
    },
    "id" : "45809102"
  }, {
    "type" : "Feature",
    "properties" : {
      "depth_km" : 10.9,
      "author" : "SURVEY-INGV",
      "catalog" : null,
      "latitude" : 42.6882,
      "event_id" : 45808932,
      "contributor" : null,
      "mag_type" : "ML",
      "event_location_name" : "4 km W Accumoli (RI)",
      "magnitude" : 1.2,
      "time" : "2026-05-10 18:56:51Z",
      "mag_author" : null,
      "longitude" : 13.2027,
      "contributor_id" : null
    },
    "geometry" : {
      "type" : "Point",
      "coordinates" : [ 13.2027, 42.6882 ]
    },
    "id" : "45808932"
  }, {
    "type" : "Feature",
    "properties" : {
      "depth_km" : 9.6,
      "author" : "SURVEY-INGV",
      "catalog" : null,
      "latitude" : 42.7948,
      "event_id" : 45808732,
      "contributor" : null,
      "mag_type" : "ML",
      "event_location_name" : "8 km W Arquata del Tronto (AP)",
      "magnitude" : 1.6,
      "time" : "2026-05-10 18:08:50Z",
      "mag_author" : null,
      "longitude" : 13.2047,
      "contributor_id" : null
    },
    "geometry" : {
      "type" : "Point",
      "coordinates" : [ 13.2047, 42.7948 ]
    },
    "id" : "45808732"
  }, {
    "type" : "Feature",
    "properties" : {
      "depth_km" : 10.3,
      "author" : "SURVEY-INGV",
      "catalog" : null,
      "latitude" : 42.8267,
      "event_id" : 45808592,
      "contributor" : null,
      "mag_type" : "ML",
      "event_location_name" : "3 km E Cerreto di Spoleto (PG)",
      "magnitude" : 1.1,
      "time" : "2026-05-10 17:46:57Z",
      "mag_author" : null,
      "longitude" : 12.9535,
      "contributor_id" : null
    },
    "geometry" : {
      "type" : "Point",
      "coordinates" : [ 12.9535, 42.8267 ]
    },
    "id" : "45808592"
  }, {
    "type" : "Feature",
    "properties" : {
      "depth_km" : 9.8,
      "author" : "SURVEY-INGV",
      "catalog" : null,
      "latitude" : 44.0253,
      "event_id" : 45808512,
      "contributor" : null,
      "mag_type" : "ML",
      "event_location_name" : "4 km NW Triora (IM)",
      "magnitude" : 1.2,
      "time" : "2026-05-10 17:36:40Z",
      "mag_author" : null,
      "longitude" : 7.7442,
      "contributor_id" : null
    },
    "geometry" : {
      "type" : "Point",
      "coordinates" : [ 7.7442, 44.0253 ]
    },
    "id" : "45808512"
  }, {
    "type" : "Feature",
    "properties" : {
      "depth_km" : 10.6,
      "author" : "SURVEY-INGV",
      "catalog" : null,
      "latitude" : 42.8247,
      "event_id" : 45808392,
      "contributor" : null,
      "mag_type" : "ML",
      "event_location_name" : "3 km E Cerreto di Spoleto (PG)",
      "magnitude" : 0.3,
      "time" : "2026-05-10 17:29:12Z",
      "mag_author" : null,
      "longitude" : 12.9583,
      "contributor_id" : null
    },
    "geometry" : {
      "type" : "Point",
      "coordinates" : [ 12.9583, 42.8247 ]
    },
    "id" : "45808392"
  }, {
    "type" : "Feature",
    "properties" : {
      "depth_km" : 10.4,
      "author" : "SURVEY-INGV",
      "catalog" : null,
      "latitude" : 42.9055,
      "event_id" : 45808302,
      "contributor" : null,
      "mag_type" : "ML",
      "event_location_name" : "2 km NW Castelsantangelo sul Nera (MC)",
      "magnitude" : 1.1,
      "time" : "2026-05-10 17:09:08Z",
      "mag_author" : null,
      "longitude" : 13.1413,
      "contributor_id" : null
    },
    "geometry" : {
      "type" : "Point",
      "coordinates" : [ 13.1413, 42.9055 ]
    },
    "id" : "45808302"
  }, {
    "type" : "Feature",
    "properties" : {
      "depth_km" : 10.4,
      "author" : "SURVEY-INGV",
      "catalog" : null,
      "latitude" : 42.9055,
      "event_id" : 45808302,
      "contributor" : null,
      "mag_type" : "ML",
      "event_location_name" : "2 km NW Castelsantangelo sul Nera (MC)",
      "magnitude" : 1.1,
      "time" : "2026-05-10 17:09:08Z",
      "mag_author" : null,
      "longitude" : 13.1413,
      "contributor_id" : null
    },
    "geometry" : {
      "type" : "Point",
      "coordinates" : [ 13.1413, 42.9055 ]
    },
    "id" : "45808302"
  }, {
    "type" : "Feature",
    "properties" : {
      "depth_km" : 11.1,
      "author" : "SURVEY-INGV",
      "catalog" : null,
      "latitude" : 43.1942,
      "event_id" : 45808172,
      "contributor" : null,
      "mag_type" : "ML",
      "event_location_name" : "4 km SW Gualdo Tadino (PG)",
      "magnitude" : 1.0,
      "time" : "2026-05-10 17:04:07Z",
      "mag_author" : null,
      "longitude" : 12.7688,
      "contributor_id" : null
    },
    "geometry" : {
      "type" : "Point",
      "coordinates" : [ 12.7688, 43.1942 ]
    },
    "id" : "45808172"
  }, {
    "type" : "Feature",
    "properties" : {
      "depth_km" : 10.1,
      "author" : "SURVEY-INGV",
      "catalog" : null,
      "latitude" : 42.953,
      "event_id" : 45807622,
      "contributor" : null,
      "mag_type" : "ML",
      "event_location_name" : "5 km NW Visso (MC)",
      "magnitude" : 0.2,
      "time" : "2026-05-10 16:02:34Z",
      "mag_author" : null,
      "longitude" : 13.0402,
      "contributor_id" : null
    },
    "geometry" : {
      "type" : "Point",
      "coordinates" : [ 13.0402, 42.953 ]
    },
    "id" : "45807622"
  }, {
    "type" : "Feature",
    "properties" : {
      "depth_km" : 6.3,
      "author" : "SURVEY-INGV",
      "catalog" : null,
      "latitude" : 46.3188,
      "event_id" : 45807392,
      "contributor" : null,
      "mag_type" : "ML",
      "event_location_name" : "Confine Italia-Slovenia (SLOVENIA)",
      "magnitude" : 1.3,
      "time" : "2026-05-10 15:28:14Z",
      "mag_author" : null,
      "longitude" : 13.5492,
      "contributor_id" : null
    },
    "geometry" : {
      "type" : "Point",
      "coordinates" : [ 13.5492, 46.3188 ]
    },
    "id" : "45807392"
  }, {
    "type" : "Feature",
    "properties" : {
      "depth_km" : 16.9,
      "author" : "SURVEY-INGV",
      "catalog" : null,
      "latitude" : 41.689,
      "event_id" : 45807222,
      "contributor" : null,
      "mag_type" : "ML",
      "event_location_name" : "2 km S San Giovanni Rotondo (FG)",
      "magnitude" : 1.2,
      "time" : "2026-05-10 14:58:37Z",
      "mag_author" : null,
      "longitude" : 15.7315,
      "contributor_id" : null
    },
    "geometry" : {
      "type" : "Point",
      "coordinates" : [ 15.7315, 41.689 ]
    },
    "id" : "45807222"
  }, {
    "type" : "Feature",
    "properties" : {
      "depth_km" : 10.9,
      "author" : "SURVEY-INGV",
      "catalog" : null,
      "latitude" : 43.3858,
      "event_id" : 45807132,
      "contributor" : null,
      "mag_type" : "ML",
      "event_location_name" : "4 km SW Scheggia e Pascelupo (PG)",
      "magnitude" : 0.8,
      "time" : "2026-05-10 14:56:20Z",
      "mag_author" : null,
      "longitude" : 12.627,
      "contributor_id" : null
    },
    "geometry" : {
      "type" : "Point",
      "coordinates" : [ 12.627, 43.3858 ]
    },
    "id" : "45807132"
  }, {
    "type" : "Feature",
    "properties" : {
      "depth_km" : 3.99,
      "author" : "SURVEY-INGV-CT#SeismPicker_SO-OE",
      "catalog" : null,
      "latitude" : 37.728,
      "event_id" : 45807122,
      "contributor" : null,
      "mag_type" : "ML",
      "event_location_name" : "3 km W Milo (CT)",
      "magnitude" : 1.6,
      "time" : "2026-05-10 14:50:23Z",
      "mag_author" : null,
      "longitude" : 15.088,
      "contributor_id" : null
    },
    "geometry" : {
      "type" : "Point",
      "coordinates" : [ 15.088, 37.728 ]
    },
    "id" : "45807122"
  }, {
    "type" : "Feature",
    "properties" : {
      "depth_km" : 3.99,
      "author" : "SURVEY-INGV-CT#SeismPicker_SO-OE",
      "catalog" : null,
      "latitude" : 37.728,
      "event_id" : 45807122,
      "contributor" : null,
      "mag_type" : "ML",
      "event_location_name" : "3 km W Milo (CT)",
      "magnitude" : 1.6,
      "time" : "2026-05-10 14:50:23Z",
      "mag_author" : null,
      "longitude" : 15.088,
      "contributor_id" : null
    },
    "geometry" : {
      "type" : "Point",
      "coordinates" : [ 15.088, 37.728 ]
    },
    "id" : "45807122"
  }, {
    "type" : "Feature",
    "properties" : {
      "depth_km" : 10.1,
      "author" : "SURVEY-INGV",
      "catalog" : null,
      "latitude" : 42.792,
      "event_id" : 45806782,
      "contributor" : null,
      "mag_type" : "ML",
      "event_location_name" : "2 km N Vallo di Nera (PG)",
      "magnitude" : 0.6,
      "time" : "2026-05-10 13:54:59Z",
      "mag_author" : null,
      "longitude" : 12.8567,
      "contributor_id" : null
    },
    "geometry" : {
      "type" : "Point",
      "coordinates" : [ 12.8567, 42.792 ]
    },
    "id" : "45806782"
  }, {
    "type" : "Feature",
    "properties" : {
      "depth_km" : 14.3,
      "author" : "SURVEY-INGV",
      "catalog" : null,
      "latitude" : 42.5678,
      "event_id" : 45806352,
      "contributor" : null,
      "mag_type" : "ML",
      "event_location_name" : "5 km NW Montereale (AQ)",
      "magnitude" : 1.3,
      "time" : "2026-05-10 13:03:28Z",
      "mag_author" : null,
      "longitude" : 13.2197,
      "contributor_id" : null
    },
    "geometry" : {
      "type" : "Point",
      "coordinates" : [ 13.2197, 42.5678 ]
    },
    "id" : "45806352"
  }, {
    "type" : "Feature",
    "properties" : {
      "depth_km" : 19.1,
      "author" : "SURVEY-INGV",
      "catalog" : null,
      "latitude" : 41.7162,
      "event_id" : 45806212,
      "contributor" : null,
      "mag_type" : "ML",
      "event_location_name" : "3 km E San Giovanni Rotondo (FG)",
      "magnitude" : 2.2,
      "time" : "2026-05-10 12:54:20Z",
      "mag_author" : null,
      "longitude" : 15.7572,
      "contributor_id" : null
    },
    "geometry" : {
      "type" : "Point",
      "coordinates" : [ 15.7572, 41.7162 ]
    },
    "id" : "45806212"
  }, {
    "type" : "Feature",
    "properties" : {
      "depth_km" : 12.1,
      "author" : "SURVEY-INGV",
      "catalog" : null,
      "latitude" : 42.9432,
      "event_id" : 45806122,
      "contributor" : null,
      "mag_type" : "ML",
      "event_location_name" : "5 km W Visso (MC)",
      "magnitude" : 0.9,
      "time" : "2026-05-10 12:32:12Z",
      "mag_author" : null,
      "longitude" : 13.0317,
      "contributor_id" : null
    },
    "geometry" : {
      "type" : "Point",
      "coordinates" : [ 13.0317, 42.9432 ]
    },
    "id" : "45806122"
  }, {
    "type" : "Feature",
    "properties" : {
      "depth_km" : 64.7,
      "author" : "SURVEY-INGV",
      "catalog" : null,
      "latitude" : 43.143,
      "event_id" : 45805852,
      "contributor" : null,
      "mag_type" : "ML",
      "event_location_name" : "6 km NW Nocera Umbra (PG)",
      "magnitude" : 1.6,
      "time" : "2026-05-10 11:52:21Z",
      "mag_author" : null,
      "longitude" : 12.7293,
      "contributor_id" : null
    },
    "geometry" : {
      "type" : "Point",
      "coordinates" : [ 12.7293, 43.143 ]
    },
    "id" : "45805852"
  }, {
    "type" : "Feature",
    "properties" : {
      "depth_km" : 10.6,
      "author" : "SURVEY-INGV",
      "catalog" : null,
      "latitude" : 42.8263,
      "event_id" : 45805522,
      "contributor" : null,
      "mag_type" : "ML",
      "event_location_name" : "3 km E Cerreto di Spoleto (PG)",
      "magnitude" : 0.4,
      "time" : "2026-05-10 10:51:13Z",
      "mag_author" : null,
      "longitude" : 12.9582,
      "contributor_id" : null
    },
    "geometry" : {
      "type" : "Point",
      "coordinates" : [ 12.9582, 42.8263 ]
    },
    "id" : "45805522"
  }, {
    "type" : "Feature",
    "properties" : {
      "depth_km" : 22.2,
      "author" : "SURVEY-INGV",
      "catalog" : null,
      "latitude" : 38.8477,
      "event_id" : 45805192,
      "contributor" : null,
      "mag_type" : "ML",
      "event_location_name" : "9 km SW Sellia Marina (CZ)",
      "magnitude" : 2.7,
      "time" : "2026-05-10 10:18:26Z",
      "mag_author" : null,
      "longitude" : 16.6693,
      "contributor_id" : null
    },
    "geometry" : {
      "type" : "Point",
      "coordinates" : [ 16.6693, 38.8477 ]
    },
    "id" : "45805192"
  }, {
    "type" : "Feature",
    "properties" : {
      "depth_km" : 10.6,
      "author" : "SURVEY-INGV",
      "catalog" : null,
      "latitude" : 42.6128,
      "event_id" : 45804782,
      "contributor" : null,
      "mag_type" : "ML",
      "event_location_name" : "2 km SE Amatrice (RI)",
      "magnitude" : 1.3,
      "time" : "2026-05-10 09:32:39Z",
      "mag_author" : null,
      "longitude" : 13.2978,
      "contributor_id" : null
    },
    "geometry" : {
      "type" : "Point",
      "coordinates" : [ 13.2978, 42.6128 ]
    },
    "id" : "45804782"
  }, {
    "type" : "Feature",
    "properties" : {
      "depth_km" : 11.6,
      "author" : "SURVEY-INGV",
      "catalog" : null,
      "latitude" : 42.7782,
      "event_id" : 45804682,
      "contributor" : null,
      "mag_type" : "ML",
      "event_location_name" : "2 km W Arquata del Tronto (AP)",
      "magnitude" : 0.8,
      "time" : "2026-05-10 09:25:27Z",
      "mag_author" : null,
      "longitude" : 13.2765,
      "contributor_id" : null
    },
    "geometry" : {
      "type" : "Point",
      "coordinates" : [ 13.2765, 42.7782 ]
    },
    "id" : "45804682"
  }, {
    "type" : "Feature",
    "properties" : {
      "depth_km" : 4.5,
      "author" : "SURVEY-INGV",
      "catalog" : null,
      "latitude" : 43.4255,
      "event_id" : 45804312,
      "contributor" : null,
      "mag_type" : "ML",
      "event_location_name" : "4 km SW Serra San Quirico (AN)",
      "magnitude" : 0.8,
      "time" : "2026-05-10 08:30:06Z",
      "mag_author" : null,
      "longitude" : 12.9822,
      "contributor_id" : null
    },
    "geometry" : {
      "type" : "Point",
      "coordinates" : [ 12.9822, 43.4255 ]
    },
    "id" : "45804312"
  }, {
    "type" : "Feature",
    "properties" : {
      "depth_km" : 9.0,
      "author" : "SURVEY-INGV",
      "catalog" : null,
      "latitude" : 41.2232,
      "event_id" : 45803982,
      "contributor" : null,
      "mag_type" : "ML",
      "event_location_name" : "3 km SE Bisceglie (BT)",
      "magnitude" : 1.5,
      "time" : "2026-05-10 07:53:40Z",
      "mag_author" : null,
      "longitude" : 16.5165,
      "contributor_id" : null
    },
    "geometry" : {
      "type" : "Point",
      "coordinates" : [ 16.5165, 41.2232 ]
    },
    "id" : "45803982"
  }, {
    "type" : "Feature",
    "properties" : {
      "depth_km" : 15.1,
      "author" : "SURVEY-INGV",
      "catalog" : null,
      "latitude" : 40.8038,
      "event_id" : 45803632,
      "contributor" : null,
      "mag_type" : "ML",
      "event_location_name" : "4 km NW Castelgrande (PZ)",
      "magnitude" : 0.9,
      "time" : "2026-05-10 07:07:40Z",
      "mag_author" : null,
      "longitude" : 15.3992,
      "contributor_id" : null
    },
    "geometry" : {
      "type" : "Point",
      "coordinates" : [ 15.3992, 40.8038 ]
    },
    "id" : "45803632"
  }, {
    "type" : "Feature",
    "properties" : {
      "depth_km" : 17.4,
      "author" : "SURVEY-INGV",
      "catalog" : null,
      "latitude" : 37.0673,
      "event_id" : 45803422,
      "contributor" : null,
      "mag_type" : "ML",
      "event_location_name" : "4 km W Siracusa (SR)",
      "magnitude" : 2.6,
      "time" : "2026-05-10 05:51:04Z",
      "mag_author" : null,
      "longitude" : 15.2507,
      "contributor_id" : null
    },
    "geometry" : {
      "type" : "Point",
      "coordinates" : [ 15.2507, 37.0673 ]
    },
    "id" : "45803422"
  }, {
    "type" : "Feature",
    "properties" : {
      "depth_km" : 8.3,
      "author" : "SURVEY-INGV",
      "catalog" : null,
      "latitude" : 42.9497,
      "event_id" : 45803262,
      "contributor" : null,
      "mag_type" : "ML",
      "event_location_name" : "2 km W Ussita (MC)",
      "magnitude" : 0.5,
      "time" : "2026-05-10 04:59:49Z",
      "mag_author" : null,
      "longitude" : 13.121,
      "contributor_id" : null
    },
    "geometry" : {
      "type" : "Point",
      "coordinates" : [ 13.121, 42.9497 ]
    },
    "id" : "45803262"
  }, {
    "type" : "Feature",
    "properties" : {
      "depth_km" : 13.0,
      "author" : "SURVEY-INGV",
      "catalog" : null,
      "latitude" : 43.3747,
      "event_id" : 45803192,
      "contributor" : null,
      "mag_type" : "ML",
      "event_location_name" : "5 km E Costacciaro (PG)",
      "magnitude" : 0.4,
      "time" : "2026-05-10 04:50:48Z",
      "mag_author" : null,
      "longitude" : 12.7725,
      "contributor_id" : null
    },
    "geometry" : {
      "type" : "Point",
      "coordinates" : [ 12.7725, 43.3747 ]
    },
    "id" : "45803192"
  }, {
    "type" : "Feature",
    "properties" : {
      "depth_km" : 11.5,
      "author" : "SURVEY-INGV",
      "catalog" : null,
      "latitude" : 42.6683,
      "event_id" : 45803162,
      "contributor" : null,
      "mag_type" : "ML",
      "event_location_name" : "2 km N Monteleone di Spoleto (PG)",
      "magnitude" : 0.8,
      "time" : "2026-05-10 04:46:48Z",
      "mag_author" : null,
      "longitude" : 12.957,
      "contributor_id" : null
    },
    "geometry" : {
      "type" : "Point",
      "coordinates" : [ 12.957, 42.6683 ]
    },
    "id" : "45803162"
  }, {
    "type" : "Feature",
    "properties" : {
      "depth_km" : 33.8,
      "author" : "SURVEY-INGV",
      "catalog" : null,
      "latitude" : 39.0235,
      "event_id" : 45803052,
      "contributor" : null,
      "mag_type" : "ML",
      "event_location_name" : "Cerva (CZ)",
      "magnitude" : 1.2,
      "time" : "2026-05-10 04:02:34Z",
      "mag_author" : null,
      "longitude" : 16.7382,
      "contributor_id" : null
    },
    "geometry" : {
      "type" : "Point",
      "coordinates" : [ 16.7382, 39.0235 ]
    },
    "id" : "45803052"
  }, {
    "type" : "Feature",
    "properties" : {
      "depth_km" : 33.8,
      "author" : "SURVEY-INGV",
      "catalog" : null,
      "latitude" : 39.0235,
      "event_id" : 45803052,
      "contributor" : null,
      "mag_type" : "ML",
      "event_location_name" : "Cerva (CZ)",
      "magnitude" : 1.2,
      "time" : "2026-05-10 04:02:34Z",
      "mag_author" : null,
      "longitude" : 16.7382,
      "contributor_id" : null
    },
    "geometry" : {
      "type" : "Point",
      "coordinates" : [ 16.7382, 39.0235 ]
    },
    "id" : "45803052"
  }, {
    "type" : "Feature",
    "properties" : {
      "depth_km" : 9.8,
      "author" : "SURVEY-INGV",
      "catalog" : null,
      "latitude" : 42.7907,
      "event_id" : 45802792,
      "contributor" : null,
      "mag_type" : "ML",
      "event_location_name" : "8 km E Norcia (PG)",
      "magnitude" : 1.2,
      "time" : "2026-05-10 01:25:21Z",
      "mag_author" : null,
      "longitude" : 13.1948,
      "contributor_id" : null
    },
    "geometry" : {
      "type" : "Point",
      "coordinates" : [ 13.1948, 42.7907 ]
    },
    "id" : "45802792"
  }, {
    "type" : "Feature",
    "properties" : {
      "depth_km" : 14.9,
      "author" : "SURVEY-INGV",
      "catalog" : null,
      "latitude" : 42.7795,
      "event_id" : 45802752,
      "contributor" : null,
      "mag_type" : "ML",
      "event_location_name" : "4 km E Acquasanta Terme (AP)",
      "magnitude" : 1.0,
      "time" : "2026-05-10 01:10:37Z",
      "mag_author" : null,
      "longitude" : 13.4597,
      "contributor_id" : null
    },
    "geometry" : {
      "type" : "Point",
      "coordinates" : [ 13.4597, 42.7795 ]
    },
    "id" : "45802752"
  }, {
    "type" : "Feature",
    "properties" : {
      "depth_km" : 10.5,
      "author" : "SURVEY-INGV",
      "catalog" : null,
      "latitude" : 42.796,
      "event_id" : 45802712,
      "contributor" : null,
      "mag_type" : "ML",
      "event_location_name" : "3 km E Norcia (PG)",
      "magnitude" : 0.9,
      "time" : "2026-05-10 00:56:07Z",
      "mag_author" : null,
      "longitude" : 13.1317,
      "contributor_id" : null
    },
    "geometry" : {
      "type" : "Point",
      "coordinates" : [ 13.1317, 42.796 ]
    },
    "id" : "45802712"
  }, {
    "type" : "Feature",
    "properties" : {
      "depth_km" : 9.5,
      "author" : "SURVEY-INGV",
      "catalog" : null,
      "latitude" : 38.4107,
      "event_id" : 45802662,
      "contributor" : null,
      "mag_type" : "ML",
      "event_location_name" : "Isole Eolie (Messina)",
      "magnitude" : 1.9,
      "time" : "2026-05-10 00:43:40Z",
      "mag_author" : null,
      "longitude" : 14.6908,
      "contributor_id" : null
    },
    "geometry" : {
      "type" : "Point",
      "coordinates" : [ 14.6908, 38.4107 ]
    },
    "id" : "45802662"
  }, {
    "type" : "Feature",
    "properties" : {
      "depth_km" : 8.9,
      "author" : "SURVEY-INGV",
      "catalog" : null,
      "latitude" : 42.8152,
      "event_id" : 45802622,
      "contributor" : null,
      "mag_type" : "ML",
      "event_location_name" : "4 km NE Norcia (PG)",
      "magnitude" : 1.5,
      "time" : "2026-05-10 00:23:32Z",
      "mag_author" : null,
      "longitude" : 13.1297,
      "contributor_id" : null
    },
    "geometry" : {
      "type" : "Point",
      "coordinates" : [ 13.1297, 42.8152 ]
    },
    "id" : "45802622"
  }, {
    "type" : "Feature",
    "properties" : {
      "depth_km" : 10.8,
      "author" : "SURVEY-INGV",
      "catalog" : null,
      "latitude" : 42.9007,
      "event_id" : 45802432,
      "contributor" : null,
      "mag_type" : "ML",
      "event_location_name" : "2 km E Castelsantangelo sul Nera (MC)",
      "magnitude" : 0.9,
      "time" : "2026-05-09 23:26:40Z",
      "mag_author" : null,
      "longitude" : 13.1792,
      "contributor_id" : null
    },
    "geometry" : {
      "type" : "Point",
      "coordinates" : [ 13.1792, 42.9007 ]
    },
    "id" : "45802432"
  }, {
    "type" : "Feature",
    "properties" : {
      "depth_km" : 4.5,
      "author" : "SURVEY-INGV",
      "catalog" : null,
      "latitude" : 38.42,
      "event_id" : 45802362,
      "contributor" : null,
      "mag_type" : "ML",
      "event_location_name" : "Isole Eolie (Messina)",
      "magnitude" : 1.9,
      "time" : "2026-05-09 22:44:42Z",
      "mag_author" : null,
      "longitude" : 14.4685,
      "contributor_id" : null
    },
    "geometry" : {
      "type" : "Point",
      "coordinates" : [ 14.4685, 38.42 ]
    },
    "id" : "45802362"
  }, {
    "type" : "Feature",
    "properties" : {
      "depth_km" : 12.0,
      "author" : "SURVEY-INGV",
      "catalog" : null,
      "latitude" : 42.999,
      "event_id" : 45802202,
      "contributor" : null,
      "mag_type" : "ML",
      "event_location_name" : "1 km NW Monte Cavallo (MC)",
      "magnitude" : 0.7,
      "time" : "2026-05-09 22:09:15Z",
      "mag_author" : null,
      "longitude" : 12.9943,
      "contributor_id" : null
    },
    "geometry" : {
      "type" : "Point",
      "coordinates" : [ 12.9943, 42.999 ]
    },
    "id" : "45802202"
  }, {
    "type" : "Feature",
    "properties" : {
      "depth_km" : 9.2,
      "author" : "SURVEY-INGV",
      "catalog" : null,
      "latitude" : 42.7893,
      "event_id" : 45802122,
      "contributor" : null,
      "mag_type" : "ML",
      "event_location_name" : "8 km W Arquata del Tronto (AP)",
      "magnitude" : 0.7,
      "time" : "2026-05-09 21:40:33Z",
      "mag_author" : null,
      "longitude" : 13.199,
      "contributor_id" : null
    },
    "geometry" : {
      "type" : "Point",
      "coordinates" : [ 13.199, 42.7893 ]
    },
    "id" : "45802122"
  }, {
    "type" : "Feature",
    "properties" : {
      "depth_km" : 9.7,
      "author" : "SURVEY-INGV",
      "catalog" : null,
      "latitude" : 43.1082,
      "event_id" : 45801912,
      "contributor" : null,
      "mag_type" : "ML",
      "event_location_name" : "4 km E Nocera Umbra (PG)",
      "magnitude" : 0.5,
      "time" : "2026-05-09 20:43:01Z",
      "mag_author" : null,
      "longitude" : 12.8373,
      "contributor_id" : null
    },
    "geometry" : {
      "type" : "Point",
      "coordinates" : [ 12.8373, 43.1082 ]
    },
    "id" : "45801912"
  }, {
    "type" : "Feature",
    "properties" : {
      "depth_km" : 11.9,
      "author" : "SURVEY-INGV",
      "catalog" : null,
      "latitude" : 42.9248,
      "event_id" : 45801812,
      "contributor" : null,
      "mag_type" : "ML",
      "event_location_name" : "5 km N Preci (PG)",
      "magnitude" : 0.6,
      "time" : "2026-05-09 20:12:54Z",
      "mag_author" : null,
      "longitude" : 13.0233,
      "contributor_id" : null
    },
    "geometry" : {
      "type" : "Point",
      "coordinates" : [ 13.0233, 42.9248 ]
    },
    "id" : "45801812"
  }, {
    "type" : "Feature",
    "properties" : {
      "depth_km" : 21.1,
      "author" : "SURVEY-INGV",
      "catalog" : null,
      "latitude" : 37.5732,
      "event_id" : 45801642,
      "contributor" : null,
      "mag_type" : "ML",
      "event_location_name" : "Mar Ionio Meridionale [Mare]",
      "magnitude" : 2.1,
      "time" : "2026-05-09 19:15:58Z",
      "mag_author" : null,
      "longitude" : 16.2563,
      "contributor_id" : null
    },
    "geometry" : {
      "type" : "Point",
      "coordinates" : [ 16.2563, 37.5732 ]
    },
    "id" : "45801642"
  }, {
    "type" : "Feature",
    "properties" : {
      "depth_km" : 17.5,
      "author" : "SURVEY-INGV",
      "catalog" : null,
      "latitude" : 44.3043,
      "event_id" : 45801472,
      "contributor" : null,
      "mag_type" : "ML",
      "event_location_name" : "4 km S Pavullo nel Frignano (MO)",
      "magnitude" : 0.8,
      "time" : "2026-05-09 18:51:37Z",
      "mag_author" : null,
      "longitude" : 10.839,
      "contributor_id" : null
    },
    "geometry" : {
      "type" : "Point",
      "coordinates" : [ 10.839, 44.3043 ]
    },
    "id" : "45801472"
  }, {
    "type" : "Feature",
    "properties" : {
      "depth_km" : 4.65,
      "author" : "SURVEY-INGV-OV#SiSmi",
      "catalog" : null,
      "latitude" : 40.801333,
      "event_id" : 45801502,
      "contributor" : null,
      "mag_type" : "Md",
      "event_location_name" : "Campi Flegrei",
      "magnitude" : 1.4,
      "time" : "2026-05-09 18:37:28Z",
      "mag_author" : null,
      "longitude" : 14.120333,
      "contributor_id" : null
    },
    "geometry" : {
      "type" : "Point",
      "coordinates" : [ 14.120333, 40.801333 ]
    },
    "id" : "45801502"
  }, {
    "type" : "Feature",
    "properties" : {
      "depth_km" : 10.1,
      "author" : "SURVEY-INGV",
      "catalog" : null,
      "latitude" : 42.2177,
      "event_id" : 45801112,
      "contributor" : null,
      "mag_type" : "ML",
      "event_location_name" : "2 km SW Monteleone Sabino (RI)",
      "magnitude" : 1.3,
      "time" : "2026-05-09 17:58:17Z",
      "mag_author" : null,
      "longitude" : 12.8508,
      "contributor_id" : null
    },
    "geometry" : {
      "type" : "Point",
      "coordinates" : [ 12.8508, 42.2177 ]
    },
    "id" : "45801112"
  }, {
    "type" : "Feature",
    "properties" : {
      "depth_km" : 10.1,
      "author" : "SURVEY-INGV",
      "catalog" : null,
      "latitude" : 42.2177,
      "event_id" : 45801112,
      "contributor" : null,
      "mag_type" : "ML",
      "event_location_name" : "2 km SW Monteleone Sabino (RI)",
      "magnitude" : 1.3,
      "time" : "2026-05-09 17:58:17Z",
      "mag_author" : null,
      "longitude" : 12.8508,
      "contributor_id" : null
    },
    "geometry" : {
      "type" : "Point",
      "coordinates" : [ 12.8508, 42.2177 ]
    },
    "id" : "45801112"
  }, {
    "type" : "Feature",
    "properties" : {
      "depth_km" : 10.3,
      "author" : "SURVEY-INGV",
      "catalog" : null,
      "latitude" : 42.701,
      "event_id" : 45801092,
      "contributor" : null,
      "mag_type" : "ML",
      "event_location_name" : "2 km SE Poggiodomo (PG)",
      "magnitude" : 0.3,
      "time" : "2026-05-09 17:47:44Z",
      "mag_author" : null,
      "longitude" : 12.955,
      "contributor_id" : null
    },
    "geometry" : {
      "type" : "Point",
      "coordinates" : [ 12.955, 42.701 ]
    },
    "id" : "45801092"
  }, {
    "type" : "Feature",
    "properties" : {
      "depth_km" : 10.4,
      "author" : "SURVEY-INGV",
      "catalog" : null,
      "latitude" : 43.1197,
      "event_id" : 45801022,
      "contributor" : null,
      "mag_type" : "ML",
      "event_location_name" : "7 km NE Assisi (PG)",
      "magnitude" : 1.1,
      "time" : "2026-05-09 17:41:52Z",
      "mag_author" : null,
      "longitude" : 12.6748,
      "contributor_id" : null
    },
    "geometry" : {
      "type" : "Point",
      "coordinates" : [ 12.6748, 43.1197 ]
    },
    "id" : "45801022"
  }, {
    "type" : "Feature",
    "properties" : {
      "depth_km" : 13.3,
      "author" : "SURVEY-INGV",
      "catalog" : null,
      "latitude" : 43.3632,
      "event_id" : 45800752,
      "contributor" : null,
      "mag_type" : "ML",
      "event_location_name" : "1 km E Costacciaro (PG)",
      "magnitude" : 0.4,
      "time" : "2026-05-09 17:10:05Z",
      "mag_author" : null,
      "longitude" : 12.7243,
      "contributor_id" : null
    },
    "geometry" : {
      "type" : "Point",
      "coordinates" : [ 12.7243, 43.3632 ]
    },
    "id" : "45800752"
  }, {
    "type" : "Feature",
    "properties" : {
      "depth_km" : 18.1,
      "author" : "SURVEY-INGV",
      "catalog" : null,
      "latitude" : 43.0473,
      "event_id" : 45800482,
      "contributor" : null,
      "mag_type" : "ML",
      "event_location_name" : "5 km W Sarnano (MC)",
      "magnitude" : 1.1,
      "time" : "2026-05-09 16:33:02Z",
      "mag_author" : null,
      "longitude" : 13.2417,
      "contributor_id" : null
    },
    "geometry" : {
      "type" : "Point",
      "coordinates" : [ 13.2417, 43.0473 ]
    },
    "id" : "45800482"
  }, {
    "type" : "Feature",
    "properties" : {
      "depth_km" : 8.3,
      "author" : "SURVEY-INGV",
      "catalog" : null,
      "latitude" : 42.8283,
      "event_id" : 45800122,
      "contributor" : null,
      "mag_type" : "Md",
      "event_location_name" : "5 km NE Norcia (PG)",
      "magnitude" : 1.3,
      "time" : "2026-05-09 15:44:46Z",
      "mag_author" : null,
      "longitude" : 13.1272,
      "contributor_id" : null
    },
    "geometry" : {
      "type" : "Point",
      "coordinates" : [ 13.1272, 42.8283 ]
    },
    "id" : "45800122"
  }, {
    "type" : "Feature",
    "properties" : {
      "depth_km" : 7.4,
      "author" : "SURVEY-INGV",
      "catalog" : null,
      "latitude" : 42.8818,
      "event_id" : 45799822,
      "contributor" : null,
      "mag_type" : "ML",
      "event_location_name" : "2 km S Castelsantangelo sul Nera (MC)",
      "magnitude" : 1.3,
      "time" : "2026-05-09 15:12:04Z",
      "mag_author" : null,
      "longitude" : 13.1488,
      "contributor_id" : null
    },
    "geometry" : {
      "type" : "Point",
      "coordinates" : [ 13.1488, 42.8818 ]
    },
    "id" : "45799822"
  }, {
    "type" : "Feature",
    "properties" : {
      "depth_km" : 9.4,
      "author" : "SURVEY-INGV",
      "catalog" : null,
      "latitude" : 43.0903,
      "event_id" : 45799762,
      "contributor" : null,
      "mag_type" : "ML",
      "event_location_name" : "2 km S Nocera Umbra (PG)",
      "magnitude" : 0.5,
      "time" : "2026-05-09 15:09:28Z",
      "mag_author" : null,
      "longitude" : 12.7865,
      "contributor_id" : null
    },
    "geometry" : {
      "type" : "Point",
      "coordinates" : [ 12.7865, 43.0903 ]
    },
    "id" : "45799762"
  }, {
    "type" : "Feature",
    "properties" : {
      "depth_km" : 10.4,
      "author" : "SURVEY-INGV",
      "catalog" : null,
      "latitude" : 41.208,
      "event_id" : 45799442,
      "contributor" : null,
      "mag_type" : "ML",
      "event_location_name" : "2 km NW Montecalvo Irpino (AV)",
      "magnitude" : 1.0,
      "time" : "2026-05-09 14:14:55Z",
      "mag_author" : null,
      "longitude" : 15.0147,
      "contributor_id" : null
    },
    "geometry" : {
      "type" : "Point",
      "coordinates" : [ 15.0147, 41.208 ]
    },
    "id" : "45799442"
  }, {
    "type" : "Feature",
    "properties" : {
      "depth_km" : 9.7,
      "author" : "SURVEY-INGV",
      "catalog" : null,
      "latitude" : 42.4927,
      "event_id" : 45799182,
      "contributor" : null,
      "mag_type" : "ML",
      "event_location_name" : "3 km SW Borbona (RI)",
      "magnitude" : 1.5,
      "time" : "2026-05-09 13:46:01Z",
      "mag_author" : null,
      "longitude" : 13.1113,
      "contributor_id" : null
    },
    "geometry" : {
      "type" : "Point",
      "coordinates" : [ 13.1113, 42.4927 ]
    },
    "id" : "45799182"
  }, {
    "type" : "Feature",
    "properties" : {
      "depth_km" : 9.7,
      "author" : "SURVEY-INGV",
      "catalog" : null,
      "latitude" : 42.4927,
      "event_id" : 45799182,
      "contributor" : null,
      "mag_type" : "ML",
      "event_location_name" : "3 km SW Borbona (RI)",
      "magnitude" : 1.5,
      "time" : "2026-05-09 13:46:01Z",
      "mag_author" : null,
      "longitude" : 13.1113,
      "contributor_id" : null
    },
    "geometry" : {
      "type" : "Point",
      "coordinates" : [ 13.1113, 42.4927 ]
    },
    "id" : "45799182"
  }, {
    "type" : "Feature",
    "properties" : {
      "depth_km" : 3.91,
      "author" : "SURVEY-INGV-OV#SiSmi",
      "catalog" : null,
      "latitude" : 40.8025,
      "event_id" : 45799352,
      "contributor" : null,
      "mag_type" : "Md",
      "event_location_name" : "Campi Flegrei",
      "magnitude" : 1.0,
      "time" : "2026-05-09 13:37:01Z",
      "mag_author" : null,
      "longitude" : 14.084333,
      "contributor_id" : null
    },
    "geometry" : {
      "type" : "Point",
      "coordinates" : [ 14.084333, 40.8025 ]
    },
    "id" : "45799352"
  }, {
    "type" : "Feature",
    "properties" : {
      "depth_km" : 3.91,
      "author" : "SURVEY-INGV-OV#SiSmi",
      "catalog" : null,
      "latitude" : 40.8025,
      "event_id" : 45799352,
      "contributor" : null,
      "mag_type" : "Md",
      "event_location_name" : "Campi Flegrei",
      "magnitude" : 1.0,
      "time" : "2026-05-09 13:37:01Z",
      "mag_author" : null,
      "longitude" : 14.084333,
      "contributor_id" : null
    },
    "geometry" : {
      "type" : "Point",
      "coordinates" : [ 14.084333, 40.8025 ]
    },
    "id" : "45799352"
  }, {
    "type" : "Feature",
    "properties" : {
      "depth_km" : 12.0,
      "author" : "SURVEY-INGV",
      "catalog" : null,
      "latitude" : 42.8822,
      "event_id" : 45798802,
      "contributor" : null,
      "mag_type" : "ML",
      "event_location_name" : "3 km E Preci (PG)",
      "magnitude" : 0.5,
      "time" : "2026-05-09 12:54:21Z",
      "mag_author" : null,
      "longitude" : 13.0815,
      "contributor_id" : null
    },
    "geometry" : {
      "type" : "Point",
      "coordinates" : [ 13.0815, 42.8822 ]
    },
    "id" : "45798802"
  }, {
    "type" : "Feature",
    "properties" : {
      "depth_km" : 7.2,
      "author" : "SURVEY-INGV",
      "catalog" : null,
      "latitude" : 43.456,
      "event_id" : 45798782,
      "contributor" : null,
      "mag_type" : "ML",
      "event_location_name" : "6 km W Pietralunga (PG)",
      "magnitude" : 1.7,
      "time" : "2026-05-09 12:52:55Z",
      "mag_author" : null,
      "longitude" : 12.3707,
      "contributor_id" : null
    },
    "geometry" : {
      "type" : "Point",
      "coordinates" : [ 12.3707, 43.456 ]
    },
    "id" : "45798782"
  }, {
    "type" : "Feature",
    "properties" : {
      "depth_km" : 8.7,
      "author" : "SURVEY-INGV",
      "catalog" : null,
      "latitude" : 43.4683,
      "event_id" : 45798732,
      "contributor" : null,
      "mag_type" : "ML",
      "event_location_name" : "6 km W Pietralunga (PG)",
      "magnitude" : 2.0,
      "time" : "2026-05-09 12:52:54Z",
      "mag_author" : null,
      "longitude" : 12.3742,
      "contributor_id" : null
    },
    "geometry" : {
      "type" : "Point",
      "coordinates" : [ 12.3742, 43.4683 ]
    },
    "id" : "45798732"
  }, {
    "type" : "Feature",
    "properties" : {
      "depth_km" : 6.5,
      "author" : "SURVEY-INGV",
      "catalog" : null,
      "latitude" : 43.4537,
      "event_id" : 45798662,
      "contributor" : null,
      "mag_type" : "ML",
      "event_location_name" : "5 km W Pietralunga (PG)",
      "magnitude" : 1.7,
      "time" : "2026-05-09 12:45:36Z",
      "mag_author" : null,
      "longitude" : 12.3757,
      "contributor_id" : null
    },
    "geometry" : {
      "type" : "Point",
      "coordinates" : [ 12.3757, 43.4537 ]
    },
    "id" : "45798662"
  }, {
    "type" : "Feature",
    "properties" : {
      "depth_km" : 11.6,
      "author" : "SURVEY-INGV",
      "catalog" : null,
      "latitude" : 43.0123,
      "event_id" : 45798552,
      "contributor" : null,
      "mag_type" : "ML",
      "event_location_name" : "6 km W Monte Cavallo (MC)",
      "magnitude" : 0.8,
      "time" : "2026-05-09 12:41:40Z",
      "mag_author" : null,
      "longitude" : 12.9303,
      "contributor_id" : null
    },
    "geometry" : {
      "type" : "Point",
      "coordinates" : [ 12.9303, 43.0123 ]
    },
    "id" : "45798552"
  }, {
    "type" : "Feature",
    "properties" : {
      "depth_km" : 12.6,
      "author" : "SURVEY-INGV",
      "catalog" : null,
      "latitude" : 45.7848,
      "event_id" : 45798272,
      "contributor" : null,
      "mag_type" : "ML",
      "event_location_name" : "3 km NW Ala (TN)",
      "magnitude" : 0.9,
      "time" : "2026-05-09 12:11:58Z",
      "mag_author" : null,
      "longitude" : 10.9858,
      "contributor_id" : null
    },
    "geometry" : {
      "type" : "Point",
      "coordinates" : [ 10.9858, 45.7848 ]
    },
    "id" : "45798272"
  }, {
    "type" : "Feature",
    "properties" : {
      "depth_km" : 20.4,
      "author" : "SURVEY-INGV",
      "catalog" : null,
      "latitude" : 42.7878,
      "event_id" : 45797652,
      "contributor" : null,
      "mag_type" : "ML",
      "event_location_name" : "6 km N Valle Castellana (TE)",
      "magnitude" : 1.7,
      "time" : "2026-05-09 10:31:01Z",
      "mag_author" : null,
      "longitude" : 13.5168,
      "contributor_id" : null
    },
    "geometry" : {
      "type" : "Point",
      "coordinates" : [ 13.5168, 42.7878 ]
    },
    "id" : "45797652"
  }, {
    "type" : "Feature",
    "properties" : {
      "depth_km" : 10.6,
      "author" : "SURVEY-INGV",
      "catalog" : null,
      "latitude" : 42.8727,
      "event_id" : 45797562,
      "contributor" : null,
      "mag_type" : "ML",
      "event_location_name" : "3 km E Preci (PG)",
      "magnitude" : 0.9,
      "time" : "2026-05-09 10:29:25Z",
      "mag_author" : null,
      "longitude" : 13.0742,
      "contributor_id" : null
    },
    "geometry" : {
      "type" : "Point",
      "coordinates" : [ 13.0742, 42.8727 ]
    },
    "id" : "45797562"
  }, {
    "type" : "Feature",
    "properties" : {
      "depth_km" : 8.2,
      "author" : "SURVEY-INGV",
      "catalog" : null,
      "latitude" : 43.926,
      "event_id" : 45797502,
      "contributor" : null,
      "mag_type" : "ML",
      "event_location_name" : "1 km W Diano Castello (IM)",
      "magnitude" : 1.1,
      "time" : "2026-05-09 10:27:50Z",
      "mag_author" : null,
      "longitude" : 8.0598,
      "contributor_id" : null
    },
    "geometry" : {
      "type" : "Point",
      "coordinates" : [ 8.0598, 43.926 ]
    },
    "id" : "45797502"
  }, {
    "type" : "Feature",
    "properties" : {
      "depth_km" : 9.3,
      "author" : "SURVEY-INGV",
      "catalog" : null,
      "latitude" : 43.1867,
      "event_id" : 45797392,
      "contributor" : null,
      "mag_type" : "ML",
      "event_location_name" : "9 km W Valfabbrica (PG)",
      "magnitude" : 1.0,
      "time" : "2026-05-09 10:24:47Z",
      "mag_author" : null,
      "longitude" : 12.4933,
      "contributor_id" : null
    },
    "geometry" : {
      "type" : "Point",
      "coordinates" : [ 12.4933, 43.1867 ]
    },
    "id" : "45797392"
  }, {
    "type" : "Feature",
    "properties" : {
      "depth_km" : 6.5,
      "author" : "SURVEY-INGV",
      "catalog" : null,
      "latitude" : 42.9572,
      "event_id" : 45797062,
      "contributor" : null,
      "mag_type" : "ML",
      "event_location_name" : "8 km NW Sellano (PG)",
      "magnitude" : 1.0,
      "time" : "2026-05-09 09:26:26Z",
      "mag_author" : null,
      "longitude" : 12.8982,
      "contributor_id" : null
    },
    "geometry" : {
      "type" : "Point",
      "coordinates" : [ 12.8982, 42.9572 ]
    },
    "id" : "45797062"
  }, {
    "type" : "Feature",
    "properties" : {
      "depth_km" : 7.7,
      "author" : "SURVEY-INGV",
      "catalog" : null,
      "latitude" : 43.4272,
      "event_id" : 45796092,
      "contributor" : null,
      "mag_type" : "ML",
      "event_location_name" : "3 km SE Pietralunga (PG)",
      "magnitude" : 0.1,
      "time" : "2026-05-09 07:39:31Z",
      "mag_author" : null,
      "longitude" : 12.4667,
      "contributor_id" : null
    },
    "geometry" : {
      "type" : "Point",
      "coordinates" : [ 12.4667, 43.4272 ]
    },
    "id" : "45796092"
  }, {
    "type" : "Feature",
    "properties" : {
      "depth_km" : 14.8,
      "author" : "SURVEY-INGV",
      "catalog" : null,
      "latitude" : 42.6485,
      "event_id" : 45795742,
      "contributor" : null,
      "mag_type" : "ML",
      "event_location_name" : "5 km NE Cittareale (RI)",
      "magnitude" : 1.0,
      "time" : "2026-05-09 06:56:35Z",
      "mag_author" : null,
      "longitude" : 13.2083,
      "contributor_id" : null
    },
    "geometry" : {
      "type" : "Point",
      "coordinates" : [ 13.2083, 42.6485 ]
    },
    "id" : "45795742"
  }, {
    "type" : "Feature",
    "properties" : {
      "depth_km" : 11.1,
      "author" : "SURVEY-INGV",
      "catalog" : null,
      "latitude" : 42.4535,
      "event_id" : 45795622,
      "contributor" : null,
      "mag_type" : "ML",
      "event_location_name" : "1 km SE Cagnano Amiterno (AQ)",
      "magnitude" : 1.1,
      "time" : "2026-05-09 06:23:01Z",
      "mag_author" : null,
      "longitude" : 13.2352,
      "contributor_id" : null
    },
    "geometry" : {
      "type" : "Point",
      "coordinates" : [ 13.2352, 42.4535 ]
    },
    "id" : "45795622"
  }, {
    "type" : "Feature",
    "properties" : {
      "depth_km" : 5.47,
      "author" : "SURVEY-INGV-CT#SeismPicker_SO-OE",
      "catalog" : null,
      "latitude" : 37.644,
      "event_id" : 45795422,
      "contributor" : null,
      "mag_type" : "ML",
      "event_location_name" : "2 km NW Ragalna (CT)",
      "magnitude" : 1.8,
      "time" : "2026-05-09 05:15:07Z",
      "mag_author" : null,
      "longitude" : 14.932,
      "contributor_id" : null
    },
    "geometry" : {
      "type" : "Point",
      "coordinates" : [ 14.932, 37.644 ]
    },
    "id" : "45795422"
  }, {
    "type" : "Feature",
    "properties" : {
      "depth_km" : 10.3,
      "author" : "SURVEY-INGV",
      "catalog" : null,
      "latitude" : 38.7622,
      "event_id" : 45795332,
      "contributor" : null,
      "mag_type" : "ML",
      "event_location_name" : "Isole Eolie (Messina)",
      "magnitude" : 2.4,
      "time" : "2026-05-09 05:12:25Z",
      "mag_author" : null,
      "longitude" : 15.2597,
      "contributor_id" : null
    },
    "geometry" : {
      "type" : "Point",
      "coordinates" : [ 15.2597, 38.7622 ]
    },
    "id" : "45795332"
  }, {
    "type" : "Feature",
    "properties" : {
      "depth_km" : 11.71,
      "author" : "SURVEY-INGV-CT#SeismPicker_SO-OE",
      "catalog" : null,
      "latitude" : 38.784,
      "event_id" : 45795492,
      "contributor" : null,
      "mag_type" : "ML",
      "event_location_name" : "Isole Eolie (Messina)",
      "magnitude" : 2.2,
      "time" : "2026-05-09 05:12:24Z",
      "mag_author" : null,
      "longitude" : 15.252,
      "contributor_id" : null
    },
    "geometry" : {
      "type" : "Point",
      "coordinates" : [ 15.252, 38.784 ]
    },
    "id" : "45795492"
  }, {
    "type" : "Feature",
    "properties" : {
      "depth_km" : 10.0,
      "author" : "SURVEY-INGV",
      "catalog" : null,
      "latitude" : 46.471,
      "event_id" : 45795262,
      "contributor" : null,
      "mag_type" : "ML",
      "event_location_name" : "12 km SW Martello (BZ)",
      "magnitude" : 1.4,
      "time" : "2026-05-09 05:05:18Z",
      "mag_author" : null,
      "longitude" : 10.7213,
      "contributor_id" : null
    },
    "geometry" : {
      "type" : "Point",
      "coordinates" : [ 10.7213, 46.471 ]
    },
    "id" : "45795262"
  }, {
    "type" : "Feature",
    "properties" : {
      "depth_km" : 18.6,
      "author" : "SURVEY-INGV",
      "catalog" : null,
      "latitude" : 43.214,
      "event_id" : 45795122,
      "contributor" : null,
      "mag_type" : "ML",
      "event_location_name" : "2 km SE Gualdo Tadino (PG)",
      "magnitude" : 0.7,
      "time" : "2026-05-09 04:47:12Z",
      "mag_author" : null,
      "longitude" : 12.803,
      "contributor_id" : null
    },
    "geometry" : {
      "type" : "Point",
      "coordinates" : [ 12.803, 43.214 ]
    },
    "id" : "45795122"
  }, {
    "type" : "Feature",
    "properties" : {
      "depth_km" : 17.188,
      "author" : "SURVEY-INGV-A",
      "catalog" : null,
      "latitude" : 51.3984,
      "event_id" : 45795182,
      "contributor" : null,
      "mag_type" : "Mwp",
      "event_location_name" : "Rat Islands, Aleutian Islands, United States [Sea: United States]",
      "magnitude" : 5.9,
      "time" : "2026-05-09 04:42:25Z",
      "mag_author" : null,
      "longitude" : 179.531,
      "contributor_id" : null
    },
    "geometry" : {
      "type" : "Point",
      "coordinates" : [ 179.531, 51.3984 ]
    },
    "id" : "45795182"
  }, {
    "type" : "Feature",
    "properties" : {
      "depth_km" : 7.3,
      "author" : "SURVEY-INGV",
      "catalog" : null,
      "latitude" : 43.4233,
      "event_id" : 45795022,
      "contributor" : null,
      "mag_type" : "ML",
      "event_location_name" : "3 km S Serra San Quirico (AN)",
      "magnitude" : 0.6,
      "time" : "2026-05-09 04:24:37Z",
      "mag_author" : null,
      "longitude" : 13.0112,
      "contributor_id" : null
    },
    "geometry" : {
      "type" : "Point",
      "coordinates" : [ 13.0112, 43.4233 ]
    },
    "id" : "45795022"
  }, {
    "type" : "Feature",
    "properties" : {
      "depth_km" : 6.0,
      "author" : "SURVEY-INGV",
      "catalog" : null,
      "latitude" : 43.0042,
      "event_id" : 45794972,
      "contributor" : null,
      "mag_type" : "ML",
      "event_location_name" : "4 km SW Fiastra (MC)",
      "magnitude" : 1.6,
      "time" : "2026-05-09 04:07:47Z",
      "mag_author" : null,
      "longitude" : 13.1292,
      "contributor_id" : null
    },
    "geometry" : {
      "type" : "Point",
      "coordinates" : [ 13.1292, 43.0042 ]
    },
    "id" : "45794972"
  }, {
    "type" : "Feature",
    "properties" : {
      "depth_km" : 10.6,
      "author" : "SURVEY-INGV",
      "catalog" : null,
      "latitude" : 37.8832,
      "event_id" : 45794782,
      "contributor" : null,
      "mag_type" : "ML",
      "event_location_name" : "Stretto di Messina (Reggio di Calabria, Messina)",
      "magnitude" : 1.8,
      "time" : "2026-05-09 02:27:46Z",
      "mag_author" : null,
      "longitude" : 15.4017,
      "contributor_id" : null
    },
    "geometry" : {
      "type" : "Point",
      "coordinates" : [ 15.4017, 37.8832 ]
    },
    "id" : "45794782"
  }, {
    "type" : "Feature",
    "properties" : {
      "depth_km" : 11.8,
      "author" : "SURVEY-INGV",
      "catalog" : null,
      "latitude" : 42.8812,
      "event_id" : 45794602,
      "contributor" : null,
      "mag_type" : "ML",
      "event_location_name" : "3 km E Preci (PG)",
      "magnitude" : 1.6,
      "time" : "2026-05-09 00:11:35Z",
      "mag_author" : null,
      "longitude" : 13.0758,
      "contributor_id" : null
    },
    "geometry" : {
      "type" : "Point",
      "coordinates" : [ 13.0758, 42.8812 ]
    },
    "id" : "45794602"
  }, {
    "type" : "Feature",
    "properties" : {
      "depth_km" : 11.8,
      "author" : "SURVEY-INGV",
      "catalog" : null,
      "latitude" : 42.8812,
      "event_id" : 45794602,
      "contributor" : null,
      "mag_type" : "ML",
      "event_location_name" : "3 km E Preci (PG)",
      "magnitude" : 1.6,
      "time" : "2026-05-09 00:11:35Z",
      "mag_author" : null,
      "longitude" : 13.0758,
      "contributor_id" : null
    },
    "geometry" : {
      "type" : "Point",
      "coordinates" : [ 13.0758, 42.8812 ]
    },
    "id" : "45794602"
  }, {
    "type" : "Feature",
    "properties" : {
      "depth_km" : 11.1,
      "author" : "SURVEY-INGV",
      "catalog" : null,
      "latitude" : 42.7338,
      "event_id" : 45794412,
      "contributor" : null,
      "mag_type" : "ML",
      "event_location_name" : "8 km SE Norcia (PG)",
      "magnitude" : 0.4,
      "time" : "2026-05-08 21:31:27Z",
      "mag_author" : null,
      "longitude" : 13.1478,
      "contributor_id" : null
    },
    "geometry" : {
      "type" : "Point",
      "coordinates" : [ 13.1478, 42.7338 ]
    },
    "id" : "45794412"
  }, {
    "type" : "Feature",
    "properties" : {
      "depth_km" : 10.4,
      "author" : "SURVEY-INGV",
      "catalog" : null,
      "latitude" : 44.5427,
      "event_id" : 45794182,
      "contributor" : null,
      "mag_type" : "ML",
      "event_location_name" : "Confine Italia-Francia (FRANCIA)",
      "magnitude" : 1.2,
      "time" : "2026-05-08 20:08:10Z",
      "mag_author" : null,
      "longitude" : 6.8477,
      "contributor_id" : null
    },
    "geometry" : {
      "type" : "Point",
      "coordinates" : [ 6.8477, 44.5427 ]
    },
    "id" : "45794182"
  }, {
    "type" : "Feature",
    "properties" : {
      "depth_km" : 20.6,
      "author" : "SURVEY-INGV",
      "catalog" : null,
      "latitude" : 42.7767,
      "event_id" : 45794082,
      "contributor" : null,
      "mag_type" : "ML",
      "event_location_name" : "5 km NW Valle Castellana (TE)",
      "magnitude" : 1.8,
      "time" : "2026-05-08 19:42:49Z",
      "mag_author" : null,
      "longitude" : 13.4732,
      "contributor_id" : null
    },
    "geometry" : {
      "type" : "Point",
      "coordinates" : [ 13.4732, 42.7767 ]
    },
    "id" : "45794082"
  }, {
    "type" : "Feature",
    "properties" : {
      "depth_km" : 17.41,
      "author" : "rei-rev-origin#REI",
      "catalog" : null,
      "latitude" : 41.128666,
      "event_id" : 45794062,
      "contributor" : null,
      "mag_type" : "ML",
      "event_location_name" : "3 km SE Ariano Irpino (AV)",
      "magnitude" : 0.9,
      "time" : "2026-05-08 19:39:04Z",
      "mag_author" : null,
      "longitude" : 15.109,
      "contributor_id" : null
    },
    "geometry" : {
      "type" : "Point",
      "coordinates" : [ 15.109, 41.128666 ]
    },
    "id" : "45794062"
  }, {
    "type" : "Feature",
    "properties" : {
      "depth_km" : 4.7,
      "author" : "SURVEY-INGV",
      "catalog" : null,
      "latitude" : 43.3767,
      "event_id" : 45794022,
      "contributor" : null,
      "mag_type" : "ML",
      "event_location_name" : "6 km W Gubbio (PG)",
      "magnitude" : 0.1,
      "time" : "2026-05-08 19:30:45Z",
      "mag_author" : null,
      "longitude" : 12.5157,
      "contributor_id" : null
    },
    "geometry" : {
      "type" : "Point",
      "coordinates" : [ 12.5157, 43.3767 ]
    },
    "id" : "45794022"
  }, {
    "type" : "Feature",
    "properties" : {
      "depth_km" : 7.32,
      "author" : "rei-rev-origin#REI",
      "catalog" : null,
      "latitude" : 42.626835,
      "event_id" : 45793952,
      "contributor" : null,
      "mag_type" : "ML",
      "event_location_name" : "3 km W Amatrice (RI)",
      "magnitude" : 0.5,
      "time" : "2026-05-08 19:18:31Z",
      "mag_author" : null,
      "longitude" : 13.255667,
      "contributor_id" : null
    },
    "geometry" : {
      "type" : "Point",
      "coordinates" : [ 13.255667, 42.626835 ]
    },
    "id" : "45793952"
  }, {
    "type" : "Feature",
    "properties" : {
      "depth_km" : 7.32,
      "author" : "rei-rev-origin#REI",
      "catalog" : null,
      "latitude" : 42.626835,
      "event_id" : 45793952,
      "contributor" : null,
      "mag_type" : "ML",
      "event_location_name" : "3 km W Amatrice (RI)",
      "magnitude" : 0.5,
      "time" : "2026-05-08 19:18:31Z",
      "mag_author" : null,
      "longitude" : 13.255667,
      "contributor_id" : null
    },
    "geometry" : {
      "type" : "Point",
      "coordinates" : [ 13.255667, 42.626835 ]
    },
    "id" : "45793952"
  }, {
    "type" : "Feature",
    "properties" : {
      "depth_km" : 6.9,
      "author" : "SURVEY-INGV",
      "catalog" : null,
      "latitude" : 43.0322,
      "event_id" : 45793902,
      "contributor" : null,
      "mag_type" : "ML",
      "event_location_name" : "7 km SW Serravalle di Chienti (MC)",
      "magnitude" : 0.0,
      "time" : "2026-05-08 19:15:21Z",
      "mag_author" : null,
      "longitude" : 12.8838,
      "contributor_id" : null
    },
    "geometry" : {
      "type" : "Point",
      "coordinates" : [ 12.8838, 43.0322 ]
    },
    "id" : "45793902"
  }, {
    "type" : "Feature",
    "properties" : {
      "depth_km" : 9.1,
      "author" : "SURVEY-INGV",
      "catalog" : null,
      "latitude" : 42.7937,
      "event_id" : 45793802,
      "contributor" : null,
      "mag_type" : "ML",
      "event_location_name" : "8 km E Norcia (PG)",
      "magnitude" : 1.2,
      "time" : "2026-05-08 18:46:13Z",
      "mag_author" : null,
      "longitude" : 13.1968,
      "contributor_id" : null
    },
    "geometry" : {
      "type" : "Point",
      "coordinates" : [ 13.1968, 42.7937 ]
    },
    "id" : "45793802"
  }, {
    "type" : "Feature",
    "properties" : {
      "depth_km" : 10.0,
      "author" : "SURVEY-INGV",
      "catalog" : null,
      "latitude" : 42.9965,
      "event_id" : 45793772,
      "contributor" : null,
      "mag_type" : "ML",
      "event_location_name" : "6 km W Monte Cavallo (MC)",
      "magnitude" : 0.8,
      "time" : "2026-05-08 18:37:39Z",
      "mag_author" : null,
      "longitude" : 12.9267,
      "contributor_id" : null
    },
    "geometry" : {
      "type" : "Point",
      "coordinates" : [ 12.9267, 42.9965 ]
    },
    "id" : "45793772"
  }, {
    "type" : "Feature",
    "properties" : {
      "depth_km" : 14.1,
      "author" : "SURVEY-INGV",
      "catalog" : null,
      "latitude" : 41.6762,
      "event_id" : 45793722,
      "contributor" : null,
      "mag_type" : "ML",
      "event_location_name" : "2 km W Limosano (CB)",
      "magnitude" : 1.3,
      "time" : "2026-05-08 18:31:52Z",
      "mag_author" : null,
      "longitude" : 14.604,
      "contributor_id" : null
    },
    "geometry" : {
      "type" : "Point",
      "coordinates" : [ 14.604, 41.6762 ]
    },
    "id" : "45793722"
  }, {
    "type" : "Feature",
    "properties" : {
      "depth_km" : 11.1,
      "author" : "rei-rev-origin#REI",
      "catalog" : null,
      "latitude" : 41.784668,
      "event_id" : 45793612,
      "contributor" : null,
      "mag_type" : "ML",
      "event_location_name" : "4 km SW Pescasseroli (AQ)",
      "magnitude" : 1.3,
      "time" : "2026-05-08 18:09:28Z",
      "mag_author" : null,
      "longitude" : 13.761167,
      "contributor_id" : null
    },
    "geometry" : {
      "type" : "Point",
      "coordinates" : [ 13.761167, 41.784668 ]
    },
    "id" : "45793612"
  }, {
    "type" : "Feature",
    "properties" : {
      "depth_km" : 8.6,
      "author" : "SURVEY-INGV",
      "catalog" : null,
      "latitude" : 44.8328,
      "event_id" : 45793572,
      "contributor" : null,
      "mag_type" : "ML",
      "event_location_name" : "2 km NW Lugagnano Val d'Arda (PC)",
      "magnitude" : 2.2,
      "time" : "2026-05-08 18:05:49Z",
      "mag_author" : null,
      "longitude" : 9.8102,
      "contributor_id" : null
    },
    "geometry" : {
      "type" : "Point",
      "coordinates" : [ 9.8102, 44.8328 ]
    },
    "id" : "45793572"
  }, {
    "type" : "Feature",
    "properties" : {
      "depth_km" : 8.6,
      "author" : "SURVEY-INGV",
      "catalog" : null,
      "latitude" : 44.8328,
      "event_id" : 45793572,
      "contributor" : null,
      "mag_type" : "ML",
      "event_location_name" : "2 km NW Lugagnano Val d'Arda (PC)",
      "magnitude" : 2.2,
      "time" : "2026-05-08 18:05:49Z",
      "mag_author" : null,
      "longitude" : 9.8102,
      "contributor_id" : null
    },
    "geometry" : {
      "type" : "Point",
      "coordinates" : [ 9.8102, 44.8328 ]
    },
    "id" : "45793572"
  }, {
    "type" : "Feature",
    "properties" : {
      "depth_km" : 10.1,
      "author" : "SURVEY-INGV",
      "catalog" : null,
      "latitude" : 42.6037,
      "event_id" : 45793422,
      "contributor" : null,
      "mag_type" : "ML",
      "event_location_name" : "5 km E Cittareale (RI)",
      "magnitude" : 0.8,
      "time" : "2026-05-08 17:36:13Z",
      "mag_author" : null,
      "longitude" : 13.2157,
      "contributor_id" : null
    },
    "geometry" : {
      "type" : "Point",
      "coordinates" : [ 13.2157, 42.6037 ]
    },
    "id" : "45793422"
  }, {
    "type" : "Feature",
    "properties" : {
      "depth_km" : 10.8,
      "author" : "SURVEY-INGV",
      "catalog" : null,
      "latitude" : 45.8993,
      "event_id" : 45793352,
      "contributor" : null,
      "mag_type" : "ML",
      "event_location_name" : "13 km NW Saint-Rhémy-en-Bosses (AO)",
      "magnitude" : 1.2,
      "time" : "2026-05-08 17:26:25Z",
      "mag_author" : null,
      "longitude" : 7.0597,
      "contributor_id" : null
    },
    "geometry" : {
      "type" : "Point",
      "coordinates" : [ 7.0597, 45.8993 ]
    },
    "id" : "45793352"
  }, {
    "type" : "Feature",
    "properties" : {
      "depth_km" : 32.4,
      "author" : "SURVEY-INGV",
      "catalog" : null,
      "latitude" : 39.0525,
      "event_id" : 45793212,
      "contributor" : null,
      "mag_type" : "ML",
      "event_location_name" : "5 km NE Magisano (CZ)",
      "magnitude" : 2.0,
      "time" : "2026-05-08 16:59:40Z",
      "mag_author" : null,
      "longitude" : 16.6623,
      "contributor_id" : null
    },
    "geometry" : {
      "type" : "Point",
      "coordinates" : [ 16.6623, 39.0525 ]
    },
    "id" : "45793212"
  }, {
    "type" : "Feature",
    "properties" : {
      "depth_km" : 14.0,
      "author" : "SURVEY-INGV",
      "catalog" : null,
      "latitude" : 43.4653,
      "event_id" : 45792802,
      "contributor" : null,
      "mag_type" : "ML",
      "event_location_name" : "6 km E Cantiano (PU)",
      "magnitude" : 1.2,
      "time" : "2026-05-08 15:48:03Z",
      "mag_author" : null,
      "longitude" : 12.7008,
      "contributor_id" : null
    },
    "geometry" : {
      "type" : "Point",
      "coordinates" : [ 12.7008, 43.4653 ]
    },
    "id" : "45792802"
  }, {
    "type" : "Feature",
    "properties" : {
      "depth_km" : 10.9,
      "author" : "SURVEY-INGV",
      "catalog" : null,
      "latitude" : 43.3053,
      "event_id" : 45792572,
      "contributor" : null,
      "mag_type" : "ML",
      "event_location_name" : "5 km E Siena (SI)",
      "magnitude" : 1.4,
      "time" : "2026-05-08 15:27:42Z",
      "mag_author" : null,
      "longitude" : 11.3952,
      "contributor_id" : null
    },
    "geometry" : {
      "type" : "Point",
      "coordinates" : [ 11.3952, 43.3053 ]
    },
    "id" : "45792572"
  }, {
    "type" : "Feature",
    "properties" : {
      "depth_km" : 14.4,
      "author" : "SURVEY-INGV",
      "catalog" : null,
      "latitude" : 43.4402,
      "event_id" : 45792242,
      "contributor" : null,
      "mag_type" : "ML",
      "event_location_name" : "5 km W Sassoferrato (AN)",
      "magnitude" : 0.3,
      "time" : "2026-05-08 14:33:22Z",
      "mag_author" : null,
      "longitude" : 12.7962,
      "contributor_id" : null
    },
    "geometry" : {
      "type" : "Point",
      "coordinates" : [ 12.7962, 43.4402 ]
    },
    "id" : "45792242"
  }, {
    "type" : "Feature",
    "properties" : {
      "depth_km" : 6.1,
      "author" : "SURVEY-INGV",
      "catalog" : null,
      "latitude" : 43.4488,
      "event_id" : 45792172,
      "contributor" : null,
      "mag_type" : "ML",
      "event_location_name" : "4 km E Pietralunga (PG)",
      "magnitude" : 0.4,
      "time" : "2026-05-08 14:23:58Z",
      "mag_author" : null,
      "longitude" : 12.491,
      "contributor_id" : null
    },
    "geometry" : {
      "type" : "Point",
      "coordinates" : [ 12.491, 43.4488 ]
    },
    "id" : "45792172"
  }, {
    "type" : "Feature",
    "properties" : {
      "depth_km" : 13.1,
      "author" : "SURVEY-INGV",
      "catalog" : null,
      "latitude" : 42.9947,
      "event_id" : 45792092,
      "contributor" : null,
      "mag_type" : "ML",
      "event_location_name" : "1 km E Monte Cavallo (MC)",
      "magnitude" : 0.4,
      "time" : "2026-05-08 14:20:17Z",
      "mag_author" : null,
      "longitude" : 13.0163,
      "contributor_id" : null
    },
    "geometry" : {
      "type" : "Point",
      "coordinates" : [ 13.0163, 42.9947 ]
    },
    "id" : "45792092"
  }, {
    "type" : "Feature",
    "properties" : {
      "depth_km" : 12.8,
      "author" : "SURVEY-INGV",
      "catalog" : null,
      "latitude" : 42.6113,
      "event_id" : 45791732,
      "contributor" : null,
      "mag_type" : "ML",
      "event_location_name" : "3 km SW Amatrice (RI)",
      "magnitude" : 0.9,
      "time" : "2026-05-08 13:46:52Z",
      "mag_author" : null,
      "longitude" : 13.269,
      "contributor_id" : null
    },
    "geometry" : {
      "type" : "Point",
      "coordinates" : [ 13.269, 42.6113 ]
    },
    "id" : "45791732"
  }, {
    "type" : "Feature",
    "properties" : {
      "depth_km" : 12.6,
      "author" : "SURVEY-INGV",
      "catalog" : null,
      "latitude" : 42.6132,
      "event_id" : 45791522,
      "contributor" : null,
      "mag_type" : "ML",
      "event_location_name" : "3 km SW Amatrice (RI)",
      "magnitude" : 2.1,
      "time" : "2026-05-08 13:25:12Z",
      "mag_author" : null,
      "longitude" : 13.2635,
      "contributor_id" : null
    },
    "geometry" : {
      "type" : "Point",
      "coordinates" : [ 13.2635, 42.6132 ]
    },
    "id" : "45791522"
  }, {
    "type" : "Feature",
    "properties" : {
      "depth_km" : 13.3,
      "author" : "SURVEY-INGV",
      "catalog" : null,
      "latitude" : 42.9843,
      "event_id" : 45791322,
      "contributor" : null,
      "mag_type" : "ML",
      "event_location_name" : "7 km W Monte Cavallo (MC)",
      "magnitude" : 1.3,
      "time" : "2026-05-08 13:03:51Z",
      "mag_author" : null,
      "longitude" : 12.9228,
      "contributor_id" : null
    },
    "geometry" : {
      "type" : "Point",
      "coordinates" : [ 12.9228, 42.9843 ]
    },
    "id" : "45791322"
  }, {
    "type" : "Feature",
    "properties" : {
      "depth_km" : 0.5,
      "author" : "SURVEY-INGV",
      "catalog" : null,
      "latitude" : 43.4113,
      "event_id" : 45791122,
      "contributor" : null,
      "mag_type" : "ML",
      "event_location_name" : "4 km SE Genga (AN)",
      "magnitude" : 0.8,
      "time" : "2026-05-08 12:44:20Z",
      "mag_author" : null,
      "longitude" : 12.9705,
      "contributor_id" : null
    },
    "geometry" : {
      "type" : "Point",
      "coordinates" : [ 12.9705, 43.4113 ]
    },
    "id" : "45791122"
  }, {
    "type" : "Feature",
    "properties" : {
      "depth_km" : 14.844,
      "author" : "SURVEY-INGV-A",
      "catalog" : null,
      "latitude" : -2.93203,
      "event_id" : 45790912,
      "contributor" : null,
      "mag_type" : "Mwp",
      "event_location_name" : "Papua New Guinea [Sea]",
      "magnitude" : 5.8,
      "time" : "2026-05-08 12:22:34Z",
      "mag_author" : null,
      "longitude" : 147.734,
      "contributor_id" : null
    },
    "geometry" : {
      "type" : "Point",
      "coordinates" : [ 147.734, -2.93203 ]
    },
    "id" : "45790912"
  }, {
    "type" : "Feature",
    "properties" : {
      "depth_km" : 5.1,
      "author" : "SURVEY-INGV",
      "catalog" : null,
      "latitude" : 43.0397,
      "event_id" : 45790562,
      "contributor" : null,
      "mag_type" : "ML",
      "event_location_name" : "4 km W Pieve Torina (MC)",
      "magnitude" : 0.6,
      "time" : "2026-05-08 12:03:45Z",
      "mag_author" : null,
      "longitude" : 13.0068,
      "contributor_id" : null
    },
    "geometry" : {
      "type" : "Point",
      "coordinates" : [ 13.0068, 43.0397 ]
    },
    "id" : "45790562"
  }, {
    "type" : "Feature",
    "properties" : {
      "depth_km" : 10.3,
      "author" : "SURVEY-INGV",
      "catalog" : null,
      "latitude" : 42.7652,
      "event_id" : 45790492,
      "contributor" : null,
      "mag_type" : "ML",
      "event_location_name" : "7 km SW Castel Ritaldi (PG)",
      "magnitude" : 0.9,
      "time" : "2026-05-08 11:56:10Z",
      "mag_author" : null,
      "longitude" : 12.6318,
      "contributor_id" : null
    },
    "geometry" : {
      "type" : "Point",
      "coordinates" : [ 12.6318, 42.7652 ]
    },
    "id" : "45790492"
  }, {
    "type" : "Feature",
    "properties" : {
      "depth_km" : 33.4,
      "author" : "SURVEY-INGV",
      "catalog" : null,
      "latitude" : 44.3623,
      "event_id" : 45790172,
      "contributor" : null,
      "mag_type" : "ML",
      "event_location_name" : "5 km NE Pavullo nel Frignano (MO)",
      "magnitude" : 1.7,
      "time" : "2026-05-08 11:21:40Z",
      "mag_author" : null,
      "longitude" : 10.884,
      "contributor_id" : null
    },
    "geometry" : {
      "type" : "Point",
      "coordinates" : [ 10.884, 44.3623 ]
    },
    "id" : "45790172"
  }, {
    "type" : "Feature",
    "properties" : {
      "depth_km" : 16.1,
      "author" : "SURVEY-INGV",
      "catalog" : null,
      "latitude" : 43.4012,
      "event_id" : 45788872,
      "contributor" : null,
      "mag_type" : "ML",
      "event_location_name" : "5 km NE Costacciaro (PG)",
      "magnitude" : 1.6,
      "time" : "2026-05-08 08:57:08Z",
      "mag_author" : null,
      "longitude" : 12.7438,
      "contributor_id" : null
    },
    "geometry" : {
      "type" : "Point",
      "coordinates" : [ 12.7438, 43.4012 ]
    },
    "id" : "45788872"
  }, {
    "type" : "Feature",
    "properties" : {
      "depth_km" : 17.6,
      "author" : "SURVEY-INGV",
      "catalog" : null,
      "latitude" : 40.6968,
      "event_id" : 45788592,
      "contributor" : null,
      "mag_type" : "ML",
      "event_location_name" : "5 km NE San Gregorio Magno (SA)",
      "magnitude" : 1.4,
      "time" : "2026-05-08 08:28:31Z",
      "mag_author" : null,
      "longitude" : 15.4262,
      "contributor_id" : null
    },
    "geometry" : {
      "type" : "Point",
      "coordinates" : [ 15.4262, 40.6968 ]
    },
    "id" : "45788592"
  }, {
    "type" : "Feature",
    "properties" : {
      "depth_km" : 9.1,
      "author" : "SURVEY-INGV",
      "catalog" : null,
      "latitude" : 43.1958,
      "event_id" : 45788242,
      "contributor" : null,
      "mag_type" : "ML",
      "event_location_name" : "6 km E Castelnuovo di Val di Cecina (PI)",
      "magnitude" : 1.8,
      "time" : "2026-05-08 07:50:59Z",
      "mag_author" : null,
      "longitude" : 10.985,
      "contributor_id" : null
    },
    "geometry" : {
      "type" : "Point",
      "coordinates" : [ 10.985, 43.1958 ]
    },
    "id" : "45788242"
  }, {
    "type" : "Feature",
    "properties" : {
      "depth_km" : 10.6,
      "author" : "SURVEY-INGV",
      "catalog" : null,
      "latitude" : 42.9307,
      "event_id" : 45787972,
      "contributor" : null,
      "mag_type" : "ML",
      "event_location_name" : "7 km NE Sellano (PG)",
      "magnitude" : 0.9,
      "time" : "2026-05-08 07:23:44Z",
      "mag_author" : null,
      "longitude" : 12.9878,
      "contributor_id" : null
    },
    "geometry" : {
      "type" : "Point",
      "coordinates" : [ 12.9878, 42.9307 ]
    },
    "id" : "45787972"
  }, {
    "type" : "Feature",
    "properties" : {
      "depth_km" : 10.1,
      "author" : "SURVEY-INGV",
      "catalog" : null,
      "latitude" : 37.8543,
      "event_id" : 45787532,
      "contributor" : null,
      "mag_type" : "ML",
      "event_location_name" : "4 km W Mezzojuso (PA)",
      "magnitude" : 1.6,
      "time" : "2026-05-08 06:51:31Z",
      "mag_author" : null,
      "longitude" : 13.4223,
      "contributor_id" : null
    },
    "geometry" : {
      "type" : "Point",
      "coordinates" : [ 13.4223, 37.8543 ]
    },
    "id" : "45787532"
  }, {
    "type" : "Feature",
    "properties" : {
      "depth_km" : 12.4,
      "author" : "SURVEY-INGV",
      "catalog" : null,
      "latitude" : 43.0183,
      "event_id" : 45786212,
      "contributor" : null,
      "mag_type" : "ML",
      "event_location_name" : "3 km NW Monte Cavallo (MC)",
      "magnitude" : 0.6,
      "time" : "2026-05-08 04:01:41Z",
      "mag_author" : null,
      "longitude" : 12.9872,
      "contributor_id" : null
    },
    "geometry" : {
      "type" : "Point",
      "coordinates" : [ 12.9872, 43.0183 ]
    },
    "id" : "45786212"
  }, {
    "type" : "Feature",
    "properties" : {
      "depth_km" : 12.3,
      "author" : "SURVEY-INGV",
      "catalog" : null,
      "latitude" : 43.0425,
      "event_id" : 45786132,
      "contributor" : null,
      "mag_type" : "ML",
      "event_location_name" : "2 km W Pieve Torina (MC)",
      "magnitude" : 0.9,
      "time" : "2026-05-08 03:32:08Z",
      "mag_author" : null,
      "longitude" : 13.0267,
      "contributor_id" : null
    },
    "geometry" : {
      "type" : "Point",
      "coordinates" : [ 13.0267, 43.0425 ]
    },
    "id" : "45786132"
  }, {
    "type" : "Feature",
    "properties" : {
      "depth_km" : 10.9,
      "author" : "SURVEY-INGV",
      "catalog" : null,
      "latitude" : 43.1932,
      "event_id" : 45786052,
      "contributor" : null,
      "mag_type" : "ML",
      "event_location_name" : "2 km SE Castelraimondo (MC)",
      "magnitude" : 0.7,
      "time" : "2026-05-08 02:21:52Z",
      "mag_author" : null,
      "longitude" : 13.0753,
      "contributor_id" : null
    },
    "geometry" : {
      "type" : "Point",
      "coordinates" : [ 13.0753, 43.1932 ]
    },
    "id" : "45786052"
  }, {
    "type" : "Feature",
    "properties" : {
      "depth_km" : 9.8,
      "author" : "SURVEY-INGV",
      "catalog" : null,
      "latitude" : 42.7923,
      "event_id" : 45786032,
      "contributor" : null,
      "mag_type" : "ML",
      "event_location_name" : "8 km W Arquata del Tronto (AP)",
      "magnitude" : 0.4,
      "time" : "2026-05-08 02:12:42Z",
      "mag_author" : null,
      "longitude" : 13.2038,
      "contributor_id" : null
    },
    "geometry" : {
      "type" : "Point",
      "coordinates" : [ 13.2038, 42.7923 ]
    },
    "id" : "45786032"
  }, {
    "type" : "Feature",
    "properties" : {
      "depth_km" : 11.1,
      "author" : "SURVEY-INGV",
      "catalog" : null,
      "latitude" : 43.193,
      "event_id" : 45785992,
      "contributor" : null,
      "mag_type" : "ML",
      "event_location_name" : "2 km SE Castelraimondo (MC)",
      "magnitude" : 0.6,
      "time" : "2026-05-08 02:04:47Z",
      "mag_author" : null,
      "longitude" : 13.0742,
      "contributor_id" : null
    },
    "geometry" : {
      "type" : "Point",
      "coordinates" : [ 13.0742, 43.193 ]
    },
    "id" : "45785992"
  }, {
    "type" : "Feature",
    "properties" : {
      "depth_km" : 12.0,
      "author" : "SURVEY-INGV",
      "catalog" : null,
      "latitude" : 42.9632,
      "event_id" : 45785942,
      "contributor" : null,
      "mag_type" : "ML",
      "event_location_name" : "2 km NW Ussita (MC)",
      "magnitude" : 0.4,
      "time" : "2026-05-08 02:00:36Z",
      "mag_author" : null,
      "longitude" : 13.1232,
      "contributor_id" : null
    },
    "geometry" : {
      "type" : "Point",
      "coordinates" : [ 13.1232, 42.9632 ]
    },
    "id" : "45785942"
  }, {
    "type" : "Feature",
    "properties" : {
      "depth_km" : 14.3,
      "author" : "SURVEY-INGV",
      "catalog" : null,
      "latitude" : 42.647,
      "event_id" : 45785812,
      "contributor" : null,
      "mag_type" : "ML",
      "event_location_name" : "5 km NE Cittareale (RI)",
      "magnitude" : 1.2,
      "time" : "2026-05-08 01:11:18Z",
      "mag_author" : null,
      "longitude" : 13.2067,
      "contributor_id" : null
    },
    "geometry" : {
      "type" : "Point",
      "coordinates" : [ 13.2067, 42.647 ]
    },
    "id" : "45785812"
  }, {
    "type" : "Feature",
    "properties" : {
      "depth_km" : 9.9,
      "author" : "SURVEY-INGV",
      "catalog" : null,
      "latitude" : 43.016,
      "event_id" : 45785792,
      "contributor" : null,
      "mag_type" : "ML",
      "event_location_name" : "3 km SW Pieve Torina (MC)",
      "magnitude" : 0.8,
      "time" : "2026-05-08 01:06:03Z",
      "mag_author" : null,
      "longitude" : 13.0387,
      "contributor_id" : null
    },
    "geometry" : {
      "type" : "Point",
      "coordinates" : [ 13.0387, 43.016 ]
    },
    "id" : "45785792"
  }, {
    "type" : "Feature",
    "properties" : {
      "depth_km" : 10.0,
      "author" : "SURVEY-INGV",
      "catalog" : null,
      "latitude" : 42.9323,
      "event_id" : 45785722,
      "contributor" : null,
      "mag_type" : "ML",
      "event_location_name" : "7 km S Monte Cavallo (MC)",
      "magnitude" : 0.5,
      "time" : "2026-05-07 23:52:35Z",
      "mag_author" : null,
      "longitude" : 12.9927,
      "contributor_id" : null
    },
    "geometry" : {
      "type" : "Point",
      "coordinates" : [ 12.9927, 42.9323 ]
    },
    "id" : "45785722"
  }, {
    "type" : "Feature",
    "properties" : {
      "depth_km" : 23.9,
      "author" : "SURVEY-INGV",
      "catalog" : null,
      "latitude" : 43.1028,
      "event_id" : 45785672,
      "contributor" : null,
      "mag_type" : "ML",
      "event_location_name" : "3 km W Sant'Angelo in Pontano (MC)",
      "magnitude" : 0.9,
      "time" : "2026-05-07 23:41:25Z",
      "mag_author" : null,
      "longitude" : 13.3655,
      "contributor_id" : null
    },
    "geometry" : {
      "type" : "Point",
      "coordinates" : [ 13.3655, 43.1028 ]
    },
    "id" : "45785672"
  }, {
    "type" : "Feature",
    "properties" : {
      "depth_km" : 14.9,
      "author" : "SURVEY-INGV",
      "catalog" : null,
      "latitude" : 39.1208,
      "event_id" : 45785642,
      "contributor" : null,
      "mag_type" : "ML",
      "event_location_name" : "7 km E Bianchi (CS)",
      "magnitude" : 1.6,
      "time" : "2026-05-07 23:33:48Z",
      "mag_author" : null,
      "longitude" : 16.4903,
      "contributor_id" : null
    },
    "geometry" : {
      "type" : "Point",
      "coordinates" : [ 16.4903, 39.1208 ]
    },
    "id" : "45785642"
  }, {
    "type" : "Feature",
    "properties" : {
      "depth_km" : 21.9,
      "author" : "SURVEY-INGV",
      "catalog" : null,
      "latitude" : 42.7763,
      "event_id" : 45785572,
      "contributor" : null,
      "mag_type" : "ML",
      "event_location_name" : "5 km NW Valle Castellana (TE)",
      "magnitude" : 1.5,
      "time" : "2026-05-07 23:00:12Z",
      "mag_author" : null,
      "longitude" : 13.4738,
      "contributor_id" : null
    },
    "geometry" : {
      "type" : "Point",
      "coordinates" : [ 13.4738, 42.7763 ]
    },
    "id" : "45785572"
  }, {
    "type" : "Feature",
    "properties" : {
      "depth_km" : 10.4,
      "author" : "SURVEY-INGV",
      "catalog" : null,
      "latitude" : 42.8057,
      "event_id" : 45785512,
      "contributor" : null,
      "mag_type" : "ML",
      "event_location_name" : "2 km S Cerreto di Spoleto (PG)",
      "magnitude" : 0.5,
      "time" : "2026-05-07 22:44:58Z",
      "mag_author" : null,
      "longitude" : 12.9193,
      "contributor_id" : null
    },
    "geometry" : {
      "type" : "Point",
      "coordinates" : [ 12.9193, 42.8057 ]
    },
    "id" : "45785512"
  }, {
    "type" : "Feature",
    "properties" : {
      "depth_km" : 13.9,
      "author" : "SURVEY-INGV",
      "catalog" : null,
      "latitude" : 45.8228,
      "event_id" : 45785462,
      "contributor" : null,
      "mag_type" : "ML",
      "event_location_name" : "5 km SE Mori (TN)",
      "magnitude" : 1.2,
      "time" : "2026-05-07 22:17:17Z",
      "mag_author" : null,
      "longitude" : 11.0228,
      "contributor_id" : null
    },
    "geometry" : {
      "type" : "Point",
      "coordinates" : [ 11.0228, 45.8228 ]
    },
    "id" : "45785462"
  }, {
    "type" : "Feature",
    "properties" : {
      "depth_km" : 10.1,
      "author" : "SURVEY-INGV",
      "catalog" : null,
      "latitude" : 43.4197,
      "event_id" : 45785412,
      "contributor" : null,
      "mag_type" : "ML",
      "event_location_name" : "3 km E Genga (AN)",
      "magnitude" : 0.4,
      "time" : "2026-05-07 21:40:47Z",
      "mag_author" : null,
      "longitude" : 12.976,
      "contributor_id" : null
    },
    "geometry" : {
      "type" : "Point",
      "coordinates" : [ 12.976, 43.4197 ]
    },
    "id" : "45785412"
  }, {
    "type" : "Feature",
    "properties" : {
      "depth_km" : 10.0,
      "author" : "SURVEY-INGV",
      "catalog" : null,
      "latitude" : 43.5015,
      "event_id" : 45785382,
      "contributor" : null,
      "mag_type" : "ML",
      "event_location_name" : "8 km NE Pietralunga (PG)",
      "magnitude" : 0.5,
      "time" : "2026-05-07 21:39:06Z",
      "mag_author" : null,
      "longitude" : 12.4887,
      "contributor_id" : null
    },
    "geometry" : {
      "type" : "Point",
      "coordinates" : [ 12.4887, 43.5015 ]
    },
    "id" : "45785382"
  }, {
    "type" : "Feature",
    "properties" : {
      "depth_km" : 9.8,
      "author" : "SURVEY-INGV",
      "catalog" : null,
      "latitude" : 46.4903,
      "event_id" : 45785282,
      "contributor" : null,
      "mag_type" : "ML",
      "event_location_name" : "4 km SW Prato Carnico (UD)",
      "magnitude" : 1.0,
      "time" : "2026-05-07 21:20:33Z",
      "mag_author" : null,
      "longitude" : 12.7692,
      "contributor_id" : null
    },
    "geometry" : {
      "type" : "Point",
      "coordinates" : [ 12.7692, 46.4903 ]
    },
    "id" : "45785282"
  }, {
    "type" : "Feature",
    "properties" : {
      "depth_km" : 8.6,
      "author" : "SURVEY-INGV",
      "catalog" : null,
      "latitude" : 43.0322,
      "event_id" : 45785252,
      "contributor" : null,
      "mag_type" : "ML",
      "event_location_name" : "8 km SW Serravalle di Chienti (MC)",
      "magnitude" : 0.2,
      "time" : "2026-05-07 21:08:11Z",
      "mag_author" : null,
      "longitude" : 12.8787,
      "contributor_id" : null
    },
    "geometry" : {
      "type" : "Point",
      "coordinates" : [ 12.8787, 43.0322 ]
    },
    "id" : "45785252"
  }, {
    "type" : "Feature",
    "properties" : {
      "depth_km" : 8.6,
      "author" : "SURVEY-INGV",
      "catalog" : null,
      "latitude" : 43.0322,
      "event_id" : 45785252,
      "contributor" : null,
      "mag_type" : "ML",
      "event_location_name" : "8 km SW Serravalle di Chienti (MC)",
      "magnitude" : 0.2,
      "time" : "2026-05-07 21:08:11Z",
      "mag_author" : null,
      "longitude" : 12.8787,
      "contributor_id" : null
    },
    "geometry" : {
      "type" : "Point",
      "coordinates" : [ 12.8787, 43.0322 ]
    },
    "id" : "45785252"
  }, {
    "type" : "Feature",
    "properties" : {
      "depth_km" : 19.4,
      "author" : "SURVEY-INGV",
      "catalog" : null,
      "latitude" : 42.7953,
      "event_id" : 45785182,
      "contributor" : null,
      "mag_type" : "ML",
      "event_location_name" : "7 km N Valle Castellana (TE)",
      "magnitude" : 1.0,
      "time" : "2026-05-07 20:41:22Z",
      "mag_author" : null,
      "longitude" : 13.5073,
      "contributor_id" : null
    },
    "geometry" : {
      "type" : "Point",
      "coordinates" : [ 13.5073, 42.7953 ]
    },
    "id" : "45785182"
  }, {
    "type" : "Feature",
    "properties" : {
      "depth_km" : 19.7,
      "author" : "SURVEY-INGV",
      "catalog" : null,
      "latitude" : 42.7815,
      "event_id" : 45785142,
      "contributor" : null,
      "mag_type" : "ML",
      "event_location_name" : "5 km N Valle Castellana (TE)",
      "magnitude" : 1.8,
      "time" : "2026-05-07 20:40:16Z",
      "mag_author" : null,
      "longitude" : 13.489,
      "contributor_id" : null
    },
    "geometry" : {
      "type" : "Point",
      "coordinates" : [ 13.489, 42.7815 ]
    },
    "id" : "45785142"
  }, {
    "type" : "Feature",
    "properties" : {
      "depth_km" : 13.9,
      "author" : "SURVEY-INGV",
      "catalog" : null,
      "latitude" : 42.9198,
      "event_id" : 45785062,
      "contributor" : null,
      "mag_type" : "ML",
      "event_location_name" : "3 km N Castelsantangelo sul Nera (MC)",
      "magnitude" : 1.4,
      "time" : "2026-05-07 20:20:18Z",
      "mag_author" : null,
      "longitude" : 13.1517,
      "contributor_id" : null
    },
    "geometry" : {
      "type" : "Point",
      "coordinates" : [ 13.1517, 42.9198 ]
    },
    "id" : "45785062"
  }, {
    "type" : "Feature",
    "properties" : {
      "depth_km" : 8.0,
      "author" : "SURVEY-INGV",
      "catalog" : null,
      "latitude" : 43.037,
      "event_id" : 45784912,
      "contributor" : null,
      "mag_type" : "ML",
      "event_location_name" : "7 km SW Serravalle di Chienti (MC)",
      "magnitude" : 1.3,
      "time" : "2026-05-07 19:22:04Z",
      "mag_author" : null,
      "longitude" : 12.8793,
      "contributor_id" : null
    },
    "geometry" : {
      "type" : "Point",
      "coordinates" : [ 12.8793, 43.037 ]
    },
    "id" : "45784912"
  }, {
    "type" : "Feature",
    "properties" : {
      "depth_km" : 10.6,
      "author" : "SURVEY-INGV",
      "catalog" : null,
      "latitude" : 39.0377,
      "event_id" : 45784832,
      "contributor" : null,
      "mag_type" : "ML",
      "event_location_name" : "3 km N Serrastretta (CZ)",
      "magnitude" : 1.6,
      "time" : "2026-05-07 18:59:35Z",
      "mag_author" : null,
      "longitude" : 16.415,
      "contributor_id" : null
    },
    "geometry" : {
      "type" : "Point",
      "coordinates" : [ 16.415, 39.0377 ]
    },
    "id" : "45784832"
  }, {
    "type" : "Feature",
    "properties" : {
      "depth_km" : 21.1,
      "author" : "SURVEY-INGV",
      "catalog" : null,
      "latitude" : 41.6072,
      "event_id" : 45784742,
      "contributor" : null,
      "mag_type" : "ML",
      "event_location_name" : "2 km SE Sant'Elia a Pianisi (CB)",
      "magnitude" : 2.2,
      "time" : "2026-05-07 18:26:52Z",
      "mag_author" : null,
      "longitude" : 14.8892,
      "contributor_id" : null
    },
    "geometry" : {
      "type" : "Point",
      "coordinates" : [ 14.8892, 41.6072 ]
    },
    "id" : "45784742"
  }, {
    "type" : "Feature",
    "properties" : {
      "depth_km" : 9.3,
      "author" : "SURVEY-INGV",
      "catalog" : null,
      "latitude" : 43.6668,
      "event_id" : 45784682,
      "contributor" : null,
      "mag_type" : "ML",
      "event_location_name" : "1 km N Borgo Pace (PU)",
      "magnitude" : 1.0,
      "time" : "2026-05-07 18:23:56Z",
      "mag_author" : null,
      "longitude" : 12.295,
      "contributor_id" : null
    },
    "geometry" : {
      "type" : "Point",
      "coordinates" : [ 12.295, 43.6668 ]
    },
    "id" : "45784682"
  }, {
    "type" : "Feature",
    "properties" : {
      "depth_km" : 12.2,
      "author" : "SURVEY-INGV",
      "catalog" : null,
      "latitude" : 42.639,
      "event_id" : 45784362,
      "contributor" : null,
      "mag_type" : "ML",
      "event_location_name" : "4 km E Amatrice (RI)",
      "magnitude" : 2.3,
      "time" : "2026-05-07 16:51:27Z",
      "mag_author" : null,
      "longitude" : 13.3373,
      "contributor_id" : null
    },
    "geometry" : {
      "type" : "Point",
      "coordinates" : [ 13.3373, 42.639 ]
    },
    "id" : "45784362"
  }, {
    "type" : "Feature",
    "properties" : {
      "depth_km" : 10.0,
      "author" : "SURVEY-INGV",
      "catalog" : null,
      "latitude" : 42.8422,
      "event_id" : 45784222,
      "contributor" : null,
      "mag_type" : "ML",
      "event_location_name" : "Costa Francese (FRANCIA)",
      "magnitude" : 2.1,
      "time" : "2026-05-07 16:01:48Z",
      "mag_author" : null,
      "longitude" : 6.0573,
      "contributor_id" : null
    },
    "geometry" : {
      "type" : "Point",
      "coordinates" : [ 6.0573, 42.8422 ]
    },
    "id" : "45784222"
  }, {
    "type" : "Feature",
    "properties" : {
      "depth_km" : 27.1,
      "author" : "SURVEY-INGV",
      "catalog" : null,
      "latitude" : 44.7247,
      "event_id" : 45783902,
      "contributor" : null,
      "mag_type" : "ML",
      "event_location_name" : "3 km SW Cardè (CN)",
      "magnitude" : 1.4,
      "time" : "2026-05-07 14:56:01Z",
      "mag_author" : null,
      "longitude" : 7.4498,
      "contributor_id" : null
    },
    "geometry" : {
      "type" : "Point",
      "coordinates" : [ 7.4498, 44.7247 ]
    },
    "id" : "45783902"
  }, {
    "type" : "Feature",
    "properties" : {
      "depth_km" : 9.5,
      "author" : "SURVEY-INGV",
      "catalog" : null,
      "latitude" : 42.6562,
      "event_id" : 45783802,
      "contributor" : null,
      "mag_type" : "ML",
      "event_location_name" : "5 km SW Accumoli (RI)",
      "magnitude" : 1.2,
      "time" : "2026-05-07 14:43:24Z",
      "mag_author" : null,
      "longitude" : 13.2188,
      "contributor_id" : null
    },
    "geometry" : {
      "type" : "Point",
      "coordinates" : [ 13.2188, 42.6562 ]
    },
    "id" : "45783802"
  }, {
    "type" : "Feature",
    "properties" : {
      "depth_km" : 0.5,
      "author" : "SURVEY-INGV",
      "catalog" : null,
      "latitude" : 43.4322,
      "event_id" : 45783242,
      "contributor" : null,
      "mag_type" : "ML",
      "event_location_name" : "3 km SW Serra San Quirico (AN)",
      "magnitude" : 0.8,
      "time" : "2026-05-07 13:19:54Z",
      "mag_author" : null,
      "longitude" : 12.9845,
      "contributor_id" : null
    },
    "geometry" : {
      "type" : "Point",
      "coordinates" : [ 12.9845, 43.4322 ]
    },
    "id" : "45783242"
  }, {
    "type" : "Feature",
    "properties" : {
      "depth_km" : 13.6,
      "author" : "SURVEY-INGV",
      "catalog" : null,
      "latitude" : 43.4648,
      "event_id" : 45783192,
      "contributor" : null,
      "mag_type" : "ML",
      "event_location_name" : "6 km W Serra Sant'Abbondio (PU)",
      "magnitude" : 1.2,
      "time" : "2026-05-07 13:10:44Z",
      "mag_author" : null,
      "longitude" : 12.7053,
      "contributor_id" : null
    },
    "geometry" : {
      "type" : "Point",
      "coordinates" : [ 12.7053, 43.4648 ]
    },
    "id" : "45783192"
  }, {
    "type" : "Feature",
    "properties" : {
      "depth_km" : 18.6,
      "author" : "SURVEY-INGV",
      "catalog" : null,
      "latitude" : 38.5687,
      "event_id" : 45782742,
      "contributor" : null,
      "mag_type" : "ML",
      "event_location_name" : "Isole Eolie (Messina)",
      "magnitude" : 2.9,
      "time" : "2026-05-07 12:13:25Z",
      "mag_author" : null,
      "longitude" : 14.2253,
      "contributor_id" : null
    },
    "geometry" : {
      "type" : "Point",
      "coordinates" : [ 14.2253, 38.5687 ]
    },
    "id" : "45782742"
  }, {
    "type" : "Feature",
    "properties" : {
      "depth_km" : 9.7,
      "author" : "SURVEY-INGV",
      "catalog" : null,
      "latitude" : 38.4772,
      "event_id" : 45782702,
      "contributor" : null,
      "mag_type" : "ML",
      "event_location_name" : "Isole Eolie (Messina)",
      "magnitude" : 2.2,
      "time" : "2026-05-07 12:11:54Z",
      "mag_author" : null,
      "longitude" : 14.2412,
      "contributor_id" : null
    },
    "geometry" : {
      "type" : "Point",
      "coordinates" : [ 14.2412, 38.4772 ]
    },
    "id" : "45782702"
  }, {
    "type" : "Feature",
    "properties" : {
      "depth_km" : 9.7,
      "author" : "SURVEY-INGV",
      "catalog" : null,
      "latitude" : 38.4772,
      "event_id" : 45782702,
      "contributor" : null,
      "mag_type" : "ML",
      "event_location_name" : "Isole Eolie (Messina)",
      "magnitude" : 2.2,
      "time" : "2026-05-07 12:11:54Z",
      "mag_author" : null,
      "longitude" : 14.2412,
      "contributor_id" : null
    },
    "geometry" : {
      "type" : "Point",
      "coordinates" : [ 14.2412, 38.4772 ]
    },
    "id" : "45782702"
  }, {
    "type" : "Feature",
    "properties" : {
      "depth_km" : 10.3,
      "author" : "SURVEY-INGV",
      "catalog" : null,
      "latitude" : 42.7748,
      "event_id" : 45782072,
      "contributor" : null,
      "mag_type" : "ML",
      "event_location_name" : "5 km NW Valle Castellana (TE)",
      "magnitude" : 1.6,
      "time" : "2026-05-07 10:47:25Z",
      "mag_author" : null,
      "longitude" : 13.4708,
      "contributor_id" : null
    },
    "geometry" : {
      "type" : "Point",
      "coordinates" : [ 13.4708, 42.7748 ]
    },
    "id" : "45782072"
  }, {
    "type" : "Feature",
    "properties" : {
      "depth_km" : 10.3,
      "author" : "SURVEY-INGV",
      "catalog" : null,
      "latitude" : 42.7923,
      "event_id" : 45782032,
      "contributor" : null,
      "mag_type" : "ML",
      "event_location_name" : "6 km N Valle Castellana (TE)",
      "magnitude" : 1.4,
      "time" : "2026-05-07 10:45:34Z",
      "mag_author" : null,
      "longitude" : 13.511,
      "contributor_id" : null
    },
    "geometry" : {
      "type" : "Point",
      "coordinates" : [ 13.511, 42.7923 ]
    },
    "id" : "45782032"
  }, {
    "type" : "Feature",
    "properties" : {
      "depth_km" : 23.4,
      "author" : "SURVEY-INGV",
      "catalog" : null,
      "latitude" : 42.7475,
      "event_id" : 45781972,
      "contributor" : null,
      "mag_type" : "ML",
      "event_location_name" : "2 km NW Valle Castellana (TE)",
      "magnitude" : 1.2,
      "time" : "2026-05-07 10:35:38Z",
      "mag_author" : null,
      "longitude" : 13.4848,
      "contributor_id" : null
    },
    "geometry" : {
      "type" : "Point",
      "coordinates" : [ 13.4848, 42.7475 ]
    },
    "id" : "45781972"
  }, {
    "type" : "Feature",
    "properties" : {
      "depth_km" : 32.2,
      "author" : "SURVEY-INGV",
      "catalog" : null,
      "latitude" : 37.8387,
      "event_id" : 45781802,
      "contributor" : null,
      "mag_type" : "ML",
      "event_location_name" : "6 km N Troina (EN)",
      "magnitude" : 2.3,
      "time" : "2026-05-07 10:05:13Z",
      "mag_author" : null,
      "longitude" : 14.5835,
      "contributor_id" : null
    },
    "geometry" : {
      "type" : "Point",
      "coordinates" : [ 14.5835, 37.8387 ]
    },
    "id" : "45781802"
  }, {
    "type" : "Feature",
    "properties" : {
      "depth_km" : 8.9,
      "author" : "SURVEY-INGV",
      "catalog" : null,
      "latitude" : 43.3687,
      "event_id" : 45781742,
      "contributor" : null,
      "mag_type" : "ML",
      "event_location_name" : "5 km SW Scheggia e Pascelupo (PG)",
      "magnitude" : 0.9,
      "time" : "2026-05-07 10:04:41Z",
      "mag_author" : null,
      "longitude" : 12.6393,
      "contributor_id" : null
    },
    "geometry" : {
      "type" : "Point",
      "coordinates" : [ 12.6393, 43.3687 ]
    },
    "id" : "45781742"
  }, {
    "type" : "Feature",
    "properties" : {
      "depth_km" : 10.5,
      "author" : "SURVEY-INGV",
      "catalog" : null,
      "latitude" : 43.3658,
      "event_id" : 45781712,
      "contributor" : null,
      "mag_type" : "ML",
      "event_location_name" : "5 km SW Scheggia e Pascelupo (PG)",
      "magnitude" : 0.6,
      "time" : "2026-05-07 10:03:24Z",
      "mag_author" : null,
      "longitude" : 12.6443,
      "contributor_id" : null
    },
    "geometry" : {
      "type" : "Point",
      "coordinates" : [ 12.6443, 43.3658 ]
    },
    "id" : "45781712"
  }, {
    "type" : "Feature",
    "properties" : {
      "depth_km" : 7.8,
      "author" : "SURVEY-INGV",
      "catalog" : null,
      "latitude" : 43.5192,
      "event_id" : 45781442,
      "contributor" : null,
      "mag_type" : "ML",
      "event_location_name" : "5 km SW Apecchio (PU)",
      "magnitude" : 1.7,
      "time" : "2026-05-07 09:35:42Z",
      "mag_author" : null,
      "longitude" : 12.3913,
      "contributor_id" : null
    },
    "geometry" : {
      "type" : "Point",
      "coordinates" : [ 12.3913, 43.5192 ]
    },
    "id" : "45781442"
  }, {
    "type" : "Feature",
    "properties" : {
      "depth_km" : 17.6,
      "author" : "SURVEY-INGV",
      "catalog" : null,
      "latitude" : 42.7872,
      "event_id" : 45781412,
      "contributor" : null,
      "mag_type" : "ML",
      "event_location_name" : "6 km N Valle Castellana (TE)",
      "magnitude" : 1.3,
      "time" : "2026-05-07 09:26:15Z",
      "mag_author" : null,
      "longitude" : 13.507,
      "contributor_id" : null
    },
    "geometry" : {
      "type" : "Point",
      "coordinates" : [ 13.507, 42.7872 ]
    },
    "id" : "45781412"
  }, {
    "type" : "Feature",
    "properties" : {
      "depth_km" : 16.5,
      "author" : "SURVEY-INGV",
      "catalog" : null,
      "latitude" : 42.7808,
      "event_id" : 45781382,
      "contributor" : null,
      "mag_type" : "ML",
      "event_location_name" : "5 km N Valle Castellana (TE)",
      "magnitude" : 1.8,
      "time" : "2026-05-07 09:25:19Z",
      "mag_author" : null,
      "longitude" : 13.4878,
      "contributor_id" : null
    },
    "geometry" : {
      "type" : "Point",
      "coordinates" : [ 13.4878, 42.7808 ]
    },
    "id" : "45781382"
  }, {
    "type" : "Feature",
    "properties" : {
      "depth_km" : 15.2,
      "author" : "SURVEY-INGV",
      "catalog" : null,
      "latitude" : 42.4668,
      "event_id" : 45781292,
      "contributor" : null,
      "mag_type" : "ML",
      "event_location_name" : "3 km NE Barete (AQ)",
      "magnitude" : 1.1,
      "time" : "2026-05-07 09:12:14Z",
      "mag_author" : null,
      "longitude" : 13.3067,
      "contributor_id" : null
    },
    "geometry" : {
      "type" : "Point",
      "coordinates" : [ 13.3067, 42.4668 ]
    },
    "id" : "45781292"
  }, {
    "type" : "Feature",
    "properties" : {
      "depth_km" : 13.0,
      "author" : "SURVEY-INGV",
      "catalog" : null,
      "latitude" : 42.9457,
      "event_id" : 45781232,
      "contributor" : null,
      "mag_type" : "ML",
      "event_location_name" : "6 km S Monte Cavallo (MC)",
      "magnitude" : 1.7,
      "time" : "2026-05-07 09:07:10Z",
      "mag_author" : null,
      "longitude" : 12.9867,
      "contributor_id" : null
    },
    "geometry" : {
      "type" : "Point",
      "coordinates" : [ 12.9867, 42.9457 ]
    },
    "id" : "45781232"
  }, {
    "type" : "Feature",
    "properties" : {
      "depth_km" : 9.9,
      "author" : "SURVEY-INGV",
      "catalog" : null,
      "latitude" : 45.727,
      "event_id" : 45780192,
      "contributor" : null,
      "mag_type" : "ML",
      "event_location_name" : "7 km S Vallarsa (TN)",
      "magnitude" : 1.2,
      "time" : "2026-05-07 06:50:00Z",
      "mag_author" : null,
      "longitude" : 11.0953,
      "contributor_id" : null
    },
    "geometry" : {
      "type" : "Point",
      "coordinates" : [ 11.0953, 45.727 ]
    },
    "id" : "45780192"
  }, {
    "type" : "Feature",
    "properties" : {
      "depth_km" : 10.9,
      "author" : "SURVEY-INGV",
      "catalog" : null,
      "latitude" : 43.573,
      "event_id" : 45780092,
      "contributor" : null,
      "mag_type" : "ML",
      "event_location_name" : "5 km E Piobbico (PU)",
      "magnitude" : 1.1,
      "time" : "2026-05-07 06:42:04Z",
      "mag_author" : null,
      "longitude" : 12.5752,
      "contributor_id" : null
    },
    "geometry" : {
      "type" : "Point",
      "coordinates" : [ 12.5752, 43.573 ]
    },
    "id" : "45780092"
  }, {
    "type" : "Feature",
    "properties" : {
      "depth_km" : 18.1,
      "author" : "SURVEY-INGV",
      "catalog" : null,
      "latitude" : 42.7967,
      "event_id" : 45779642,
      "contributor" : null,
      "mag_type" : "ML",
      "event_location_name" : "7 km N Valle Castellana (TE)",
      "magnitude" : 1.1,
      "time" : "2026-05-07 05:45:03Z",
      "mag_author" : null,
      "longitude" : 13.517,
      "contributor_id" : null
    },
    "geometry" : {
      "type" : "Point",
      "coordinates" : [ 13.517, 42.7967 ]
    },
    "id" : "45779642"
  }, {
    "type" : "Feature",
    "properties" : {
      "depth_km" : 6.3,
      "author" : "SURVEY-INGV",
      "catalog" : null,
      "latitude" : 43.3578,
      "event_id" : 45779492,
      "contributor" : null,
      "mag_type" : "ML",
      "event_location_name" : "2 km W Gubbio (PG)",
      "magnitude" : 0.6,
      "time" : "2026-05-07 05:17:12Z",
      "mag_author" : null,
      "longitude" : 12.5597,
      "contributor_id" : null
    },
    "geometry" : {
      "type" : "Point",
      "coordinates" : [ 12.5597, 43.3578 ]
    },
    "id" : "45779492"
  }, {
    "type" : "Feature",
    "properties" : {
      "depth_km" : 14.7,
      "author" : "SURVEY-INGV",
      "catalog" : null,
      "latitude" : 43.4328,
      "event_id" : 45779422,
      "contributor" : null,
      "mag_type" : "ML",
      "event_location_name" : "7 km S Serra Sant'Abbondio (PU)",
      "magnitude" : 0.6,
      "time" : "2026-05-07 04:55:28Z",
      "mag_author" : null,
      "longitude" : 12.7588,
      "contributor_id" : null
    },
    "geometry" : {
      "type" : "Point",
      "coordinates" : [ 12.7588, 43.4328 ]
    },
    "id" : "45779422"
  }, {
    "type" : "Feature",
    "properties" : {
      "depth_km" : 30.2,
      "author" : "SURVEY-INGV",
      "catalog" : null,
      "latitude" : 38.6478,
      "event_id" : 45779312,
      "contributor" : null,
      "mag_type" : "ML",
      "event_location_name" : "Tirreno Meridionale [Mare]",
      "magnitude" : 2.8,
      "time" : "2026-05-07 04:23:51Z",
      "mag_author" : null,
      "longitude" : 13.3963,
      "contributor_id" : null
    },
    "geometry" : {
      "type" : "Point",
      "coordinates" : [ 13.3963, 38.6478 ]
    },
    "id" : "45779312"
  }, {
    "type" : "Feature",
    "properties" : {
      "depth_km" : 5.3,
      "author" : "SURVEY-INGV",
      "catalog" : null,
      "latitude" : 43.007,
      "event_id" : 45779232,
      "contributor" : null,
      "mag_type" : "ML",
      "event_location_name" : "2 km NE Monte Cavallo (MC)",
      "magnitude" : 0.4,
      "time" : "2026-05-07 04:17:45Z",
      "mag_author" : null,
      "longitude" : 13.0273,
      "contributor_id" : null
    },
    "geometry" : {
      "type" : "Point",
      "coordinates" : [ 13.0273, 43.007 ]
    },
    "id" : "45779232"
  }, {
    "type" : "Feature",
    "properties" : {
      "depth_km" : 2.2,
      "author" : "SURVEY-INGV-OV#SiSmi",
      "catalog" : null,
      "latitude" : 40.718833,
      "event_id" : 45779212,
      "contributor" : null,
      "mag_type" : "Md",
      "event_location_name" : "Ischia",
      "magnitude" : 1.7,
      "time" : "2026-05-07 01:50:29Z",
      "mag_author" : null,
      "longitude" : 13.8995,
      "contributor_id" : null
    },
    "geometry" : {
      "type" : "Point",
      "coordinates" : [ 13.8995, 40.718833 ]
    },
    "id" : "45779212"
  }, {
    "type" : "Feature",
    "properties" : {
      "depth_km" : 3.4,
      "author" : "SURVEY-INGV",
      "catalog" : null,
      "latitude" : 43.039,
      "event_id" : 45779142,
      "contributor" : null,
      "mag_type" : "ML",
      "event_location_name" : "7 km SW Serravalle di Chienti (MC)",
      "magnitude" : 0.7,
      "time" : "2026-05-07 01:26:14Z",
      "mag_author" : null,
      "longitude" : 12.8813,
      "contributor_id" : null
    },
    "geometry" : {
      "type" : "Point",
      "coordinates" : [ 12.8813, 43.039 ]
    },
    "id" : "45779142"
  }, {
    "type" : "Feature",
    "properties" : {
      "depth_km" : 22.3,
      "author" : "SURVEY-INGV",
      "catalog" : null,
      "latitude" : 37.0075,
      "event_id" : 45779012,
      "contributor" : null,
      "mag_type" : "ML",
      "event_location_name" : "7 km SE Palazzolo Acreide (SR)",
      "magnitude" : 1.5,
      "time" : "2026-05-06 23:03:47Z",
      "mag_author" : null,
      "longitude" : 14.9377,
      "contributor_id" : null
    },
    "geometry" : {
      "type" : "Point",
      "coordinates" : [ 14.9377, 37.0075 ]
    },
    "id" : "45779012"
  }, {
    "type" : "Feature",
    "properties" : {
      "depth_km" : 19.5,
      "author" : "SURVEY-INGV",
      "catalog" : null,
      "latitude" : 40.5965,
      "event_id" : 45778992,
      "contributor" : null,
      "mag_type" : "ML",
      "event_location_name" : "6 km NE Miglionico (MT)",
      "magnitude" : 1.1,
      "time" : "2026-05-06 22:42:49Z",
      "mag_author" : null,
      "longitude" : 16.5667,
      "contributor_id" : null
    },
    "geometry" : {
      "type" : "Point",
      "coordinates" : [ 16.5667, 40.5965 ]
    },
    "id" : "45778992"
  }, {
    "type" : "Feature",
    "properties" : {
      "depth_km" : 10.1,
      "author" : "SURVEY-INGV",
      "catalog" : null,
      "latitude" : 43.0218,
      "event_id" : 45778892,
      "contributor" : null,
      "mag_type" : "ML",
      "event_location_name" : "7 km SW Serravalle di Chienti (MC)",
      "magnitude" : 1.4,
      "time" : "2026-05-06 22:05:58Z",
      "mag_author" : null,
      "longitude" : 12.8995,
      "contributor_id" : null
    },
    "geometry" : {
      "type" : "Point",
      "coordinates" : [ 12.8995, 43.0218 ]
    },
    "id" : "45778892"
  }, {
    "type" : "Feature",
    "properties" : {
      "depth_km" : 12.5,
      "author" : "SURVEY-INGV",
      "catalog" : null,
      "latitude" : 43.1525,
      "event_id" : 45778812,
      "contributor" : null,
      "mag_type" : "ML",
      "event_location_name" : "3 km NW Camerino (MC)",
      "magnitude" : 1.3,
      "time" : "2026-05-06 21:46:41Z",
      "mag_author" : null,
      "longitude" : 13.0393,
      "contributor_id" : null
    },
    "geometry" : {
      "type" : "Point",
      "coordinates" : [ 13.0393, 43.1525 ]
    },
    "id" : "45778812"
  }, {
    "type" : "Feature",
    "properties" : {
      "depth_km" : 31.1,
      "author" : "SURVEY-INGV",
      "catalog" : null,
      "latitude" : 43.6563,
      "event_id" : 45778742,
      "contributor" : null,
      "mag_type" : "ML",
      "event_location_name" : "6 km SW Fossombrone (PU)",
      "magnitude" : 1.1,
      "time" : "2026-05-06 20:45:18Z",
      "mag_author" : null,
      "longitude" : 12.7517,
      "contributor_id" : null
    },
    "geometry" : {
      "type" : "Point",
      "coordinates" : [ 12.7517, 43.6563 ]
    },
    "id" : "45778742"
  }, {
    "type" : "Feature",
    "properties" : {
      "depth_km" : 11.0,
      "author" : "SURVEY-INGV",
      "catalog" : null,
      "latitude" : 43.1532,
      "event_id" : 45778582,
      "contributor" : null,
      "mag_type" : "ML",
      "event_location_name" : "3 km NW Camerino (MC)",
      "magnitude" : 1.6,
      "time" : "2026-05-06 20:18:50Z",
      "mag_author" : null,
      "longitude" : 13.0372,
      "contributor_id" : null
    },
    "geometry" : {
      "type" : "Point",
      "coordinates" : [ 13.0372, 43.1532 ]
    },
    "id" : "45778582"
  }, {
    "type" : "Feature",
    "properties" : {
      "depth_km" : 6.7,
      "author" : "SURVEY-INGV",
      "catalog" : null,
      "latitude" : 43.4253,
      "event_id" : 45778552,
      "contributor" : null,
      "mag_type" : "ML",
      "event_location_name" : "4 km E Genga (AN)",
      "magnitude" : 0.5,
      "time" : "2026-05-06 20:18:41Z",
      "mag_author" : null,
      "longitude" : 12.9802,
      "contributor_id" : null
    },
    "geometry" : {
      "type" : "Point",
      "coordinates" : [ 12.9802, 43.4253 ]
    },
    "id" : "45778552"
  }, {
    "type" : "Feature",
    "properties" : {
      "depth_km" : 117.9,
      "author" : "SURVEY-INGV",
      "catalog" : null,
      "latitude" : 38.3695,
      "event_id" : 45778422,
      "contributor" : null,
      "mag_type" : "ML",
      "event_location_name" : "Costa Siciliana nord-orientale (Messina)",
      "magnitude" : 2.1,
      "time" : "2026-05-06 20:12:41Z",
      "mag_author" : null,
      "longitude" : 15.4252,
      "contributor_id" : null
    },
    "geometry" : {
      "type" : "Point",
      "coordinates" : [ 15.4252, 38.3695 ]
    },
    "id" : "45778422"
  }, {
    "type" : "Feature",
    "properties" : {
      "depth_km" : 13.8,
      "author" : "SURVEY-INGV",
      "catalog" : null,
      "latitude" : 41.4772,
      "event_id" : 45778332,
      "contributor" : null,
      "mag_type" : "ML",
      "event_location_name" : "2 km NE Cercepiccola (CB)",
      "magnitude" : 1.0,
      "time" : "2026-05-06 19:45:20Z",
      "mag_author" : null,
      "longitude" : 14.6802,
      "contributor_id" : null
    },
    "geometry" : {
      "type" : "Point",
      "coordinates" : [ 14.6802, 41.4772 ]
    },
    "id" : "45778332"
  }, {
    "type" : "Feature",
    "properties" : {
      "depth_km" : 35.3,
      "author" : "SURVEY-INGV",
      "catalog" : null,
      "latitude" : 39.0088,
      "event_id" : 45778162,
      "contributor" : null,
      "mag_type" : "ML",
      "event_location_name" : "1 km NE Zagarise (CZ)",
      "magnitude" : 1.3,
      "time" : "2026-05-06 18:40:57Z",
      "mag_author" : null,
      "longitude" : 16.6722,
      "contributor_id" : null
    },
    "geometry" : {
      "type" : "Point",
      "coordinates" : [ 16.6722, 39.0088 ]
    },
    "id" : "45778162"
  }, {
    "type" : "Feature",
    "properties" : {
      "depth_km" : 14.3,
      "author" : "SURVEY-INGV",
      "catalog" : null,
      "latitude" : 42.5672,
      "event_id" : 45778112,
      "contributor" : null,
      "mag_type" : "ML",
      "event_location_name" : "5 km NE Montereale (AQ)",
      "magnitude" : 1.1,
      "time" : "2026-05-06 18:34:23Z",
      "mag_author" : null,
      "longitude" : 13.2643,
      "contributor_id" : null
    },
    "geometry" : {
      "type" : "Point",
      "coordinates" : [ 13.2643, 42.5672 ]
    },
    "id" : "45778112"
  }, {
    "type" : "Feature",
    "properties" : {
      "depth_km" : 13.1,
      "author" : "SURVEY-INGV",
      "catalog" : null,
      "latitude" : 43.1472,
      "event_id" : 45777942,
      "contributor" : null,
      "mag_type" : "ML",
      "event_location_name" : "3 km W Camerino (MC)",
      "magnitude" : 0.8,
      "time" : "2026-05-06 18:04:49Z",
      "mag_author" : null,
      "longitude" : 13.0343,
      "contributor_id" : null
    },
    "geometry" : {
      "type" : "Point",
      "coordinates" : [ 13.0343, 43.1472 ]
    },
    "id" : "45777942"
  }, {
    "type" : "Feature",
    "properties" : {
      "depth_km" : 10.9,
      "author" : "SURVEY-INGV",
      "catalog" : null,
      "latitude" : 43.1503,
      "event_id" : 45777812,
      "contributor" : null,
      "mag_type" : "ML",
      "event_location_name" : "3 km NW Camerino (MC)",
      "magnitude" : 0.8,
      "time" : "2026-05-06 17:46:34Z",
      "mag_author" : null,
      "longitude" : 13.0395,
      "contributor_id" : null
    },
    "geometry" : {
      "type" : "Point",
      "coordinates" : [ 13.0395, 43.1503 ]
    },
    "id" : "45777812"
  }, {
    "type" : "Feature",
    "properties" : {
      "depth_km" : 10.9,
      "author" : "SURVEY-INGV",
      "catalog" : null,
      "latitude" : 43.1527,
      "event_id" : 45777842,
      "contributor" : null,
      "mag_type" : "ML",
      "event_location_name" : "3 km NW Camerino (MC)",
      "magnitude" : 0.7,
      "time" : "2026-05-06 17:46:09Z",
      "mag_author" : null,
      "longitude" : 13.0445,
      "contributor_id" : null
    },
    "geometry" : {
      "type" : "Point",
      "coordinates" : [ 13.0445, 43.1527 ]
    },
    "id" : "45777842"
  }, {
    "type" : "Feature",
    "properties" : {
      "depth_km" : 13.1,
      "author" : "SURVEY-INGV",
      "catalog" : null,
      "latitude" : 43.0338,
      "event_id" : 45777382,
      "contributor" : null,
      "mag_type" : "ML",
      "event_location_name" : "5 km NW Monte Cavallo (MC)",
      "magnitude" : 0.4,
      "time" : "2026-05-06 16:20:58Z",
      "mag_author" : null,
      "longitude" : 12.9805,
      "contributor_id" : null
    },
    "geometry" : {
      "type" : "Point",
      "coordinates" : [ 12.9805, 43.0338 ]
    },
    "id" : "45777382"
  }, {
    "type" : "Feature",
    "properties" : {
      "depth_km" : 1.69,
      "author" : "SURVEY-INGV-OV#SiSmi",
      "catalog" : null,
      "latitude" : 40.8205,
      "event_id" : 45777432,
      "contributor" : null,
      "mag_type" : "Md",
      "event_location_name" : "Vesuvio",
      "magnitude" : 1.6,
      "time" : "2026-05-06 16:19:53Z",
      "mag_author" : null,
      "longitude" : 14.425333,
      "contributor_id" : null
    },
    "geometry" : {
      "type" : "Point",
      "coordinates" : [ 14.425333, 40.8205 ]
    },
    "id" : "45777432"
  }, {
    "type" : "Feature",
    "properties" : {
      "depth_km" : 12.2,
      "author" : "SURVEY-INGV",
      "catalog" : null,
      "latitude" : 43.0767,
      "event_id" : 45776622,
      "contributor" : null,
      "mag_type" : "ML",
      "event_location_name" : "2 km NE Pievebovigliana (MC)",
      "magnitude" : 1.8,
      "time" : "2026-05-06 14:47:45Z",
      "mag_author" : null,
      "longitude" : 13.1032,
      "contributor_id" : null
    },
    "geometry" : {
      "type" : "Point",
      "coordinates" : [ 13.1032, 43.0767 ]
    },
    "id" : "45776622"
  }, {
    "type" : "Feature",
    "properties" : {
      "depth_km" : 3.86,
      "author" : "SURVEY-INGV-OV#SiSmi",
      "catalog" : null,
      "latitude" : 40.797333,
      "event_id" : 45776522,
      "contributor" : null,
      "mag_type" : "Md",
      "event_location_name" : "Campi Flegrei",
      "magnitude" : 1.0,
      "time" : "2026-05-06 14:33:06Z",
      "mag_author" : null,
      "longitude" : 14.124167,
      "contributor_id" : null
    },
    "geometry" : {
      "type" : "Point",
      "coordinates" : [ 14.124167, 40.797333 ]
    },
    "id" : "45776522"
  }, {
    "type" : "Feature",
    "properties" : {
      "depth_km" : 4.65,
      "author" : "SURVEY-INGV-OV#SiSmi",
      "catalog" : null,
      "latitude" : 40.8005,
      "event_id" : 45776472,
      "contributor" : null,
      "mag_type" : "Md",
      "event_location_name" : "Campi Flegrei",
      "magnitude" : 1.5,
      "time" : "2026-05-06 14:32:39Z",
      "mag_author" : null,
      "longitude" : 14.124,
      "contributor_id" : null
    },
    "geometry" : {
      "type" : "Point",
      "coordinates" : [ 14.124, 40.8005 ]
    },
    "id" : "45776472"
  }, {
    "type" : "Feature",
    "properties" : {
      "depth_km" : 11.8,
      "author" : "SURVEY-INGV",
      "catalog" : null,
      "latitude" : 43.0165,
      "event_id" : 45776392,
      "contributor" : null,
      "mag_type" : "ML",
      "event_location_name" : "3 km NW Monte Cavallo (MC)",
      "magnitude" : 1.3,
      "time" : "2026-05-06 14:26:12Z",
      "mag_author" : null,
      "longitude" : 12.9805,
      "contributor_id" : null
    },
    "geometry" : {
      "type" : "Point",
      "coordinates" : [ 12.9805, 43.0165 ]
    },
    "id" : "45776392"
  }, {
    "type" : "Feature",
    "properties" : {
      "depth_km" : 5.469,
      "author" : "SURVEY-INGV-A",
      "catalog" : null,
      "latitude" : 51.9961,
      "event_id" : 45776302,
      "contributor" : null,
      "mag_type" : "Mwp",
      "event_location_name" : "Rat Islands, Aleutian Islands, United States [Sea: United States]",
      "magnitude" : 5.7,
      "time" : "2026-05-06 14:15:35Z",
      "mag_author" : null,
      "longitude" : 176.766,
      "contributor_id" : null
    },
    "geometry" : {
      "type" : "Point",
      "coordinates" : [ 176.766, 51.9961 ]
    },
    "id" : "45776302"
  }, {
    "type" : "Feature",
    "properties" : {
      "depth_km" : 9.7,
      "author" : "SURVEY-INGV",
      "catalog" : null,
      "latitude" : 43.3562,
      "event_id" : 45774372,
      "contributor" : null,
      "mag_type" : "ML",
      "event_location_name" : "7 km E Montone (PG)",
      "magnitude" : 1.3,
      "time" : "2026-05-06 11:38:59Z",
      "mag_author" : null,
      "longitude" : 12.4117,
      "contributor_id" : null
    },
    "geometry" : {
      "type" : "Point",
      "coordinates" : [ 12.4117, 43.3562 ]
    },
    "id" : "45774372"
  }, {
    "type" : "Feature",
    "properties" : {
      "depth_km" : 14.5,
      "author" : "SURVEY-INGV",
      "catalog" : null,
      "latitude" : 42.4423,
      "event_id" : 45774052,
      "contributor" : null,
      "mag_type" : "ML",
      "event_location_name" : "3 km SE Cagnano Amiterno (AQ)",
      "magnitude" : 1.2,
      "time" : "2026-05-06 11:14:39Z",
      "mag_author" : null,
      "longitude" : 13.246,
      "contributor_id" : null
    },
    "geometry" : {
      "type" : "Point",
      "coordinates" : [ 13.246, 42.4423 ]
    },
    "id" : "45774052"
  }, {
    "type" : "Feature",
    "properties" : {
      "depth_km" : 9.2,
      "author" : "SURVEY-INGV",
      "catalog" : null,
      "latitude" : 43.0577,
      "event_id" : 45773402,
      "contributor" : null,
      "mag_type" : "ML",
      "event_location_name" : "1 km SW Pievebovigliana (MC)",
      "magnitude" : 0.9,
      "time" : "2026-05-06 09:58:21Z",
      "mag_author" : null,
      "longitude" : 13.0777,
      "contributor_id" : null
    },
    "geometry" : {
      "type" : "Point",
      "coordinates" : [ 13.0777, 43.0577 ]
    },
    "id" : "45773402"
  }, {
    "type" : "Feature",
    "properties" : {
      "depth_km" : 0.99,
      "author" : "SURVEY-INGV-CT#SeismPicker_SO-OE",
      "catalog" : null,
      "latitude" : 37.706,
      "event_id" : 45772682,
      "contributor" : null,
      "mag_type" : "ML",
      "event_location_name" : "3 km NE Santa Venerina (CT)",
      "magnitude" : 1.4,
      "time" : "2026-05-06 08:17:29Z",
      "mag_author" : null,
      "longitude" : 15.159,
      "contributor_id" : null
    },
    "geometry" : {
      "type" : "Point",
      "coordinates" : [ 15.159, 37.706 ]
    },
    "id" : "45772682"
  }, {
    "type" : "Feature",
    "properties" : {
      "depth_km" : 11.9,
      "author" : "SURVEY-INGV",
      "catalog" : null,
      "latitude" : 42.4462,
      "event_id" : 45771952,
      "contributor" : null,
      "mag_type" : "ML",
      "event_location_name" : "2 km SE Cagnano Amiterno (AQ)",
      "magnitude" : 2.4,
      "time" : "2026-05-06 07:40:45Z",
      "mag_author" : null,
      "longitude" : 13.2428,
      "contributor_id" : null
    },
    "geometry" : {
      "type" : "Point",
      "coordinates" : [ 13.2428, 42.4462 ]
    },
    "id" : "45771952"
  }, {
    "type" : "Feature",
    "properties" : {
      "depth_km" : 8.0,
      "author" : "SURVEY-INGV",
      "catalog" : null,
      "latitude" : 43.5137,
      "event_id" : 45771352,
      "contributor" : null,
      "mag_type" : "ML",
      "event_location_name" : "4 km S Cagli (PU)",
      "magnitude" : 1.0,
      "time" : "2026-05-06 06:44:29Z",
      "mag_author" : null,
      "longitude" : 12.6598,
      "contributor_id" : null
    },
    "geometry" : {
      "type" : "Point",
      "coordinates" : [ 12.6598, 43.5137 ]
    },
    "id" : "45771352"
  }, {
    "type" : "Feature",
    "properties" : {
      "depth_km" : 29.7,
      "author" : "SURVEY-INGV",
      "catalog" : null,
      "latitude" : 42.9587,
      "event_id" : 45771052,
      "contributor" : null,
      "mag_type" : "ML",
      "event_location_name" : "4 km NE Offida (AP)",
      "magnitude" : 1.7,
      "time" : "2026-05-06 06:08:25Z",
      "mag_author" : null,
      "longitude" : 13.7235,
      "contributor_id" : null
    },
    "geometry" : {
      "type" : "Point",
      "coordinates" : [ 13.7235, 42.9587 ]
    },
    "id" : "45771052"
  }, {
    "type" : "Feature",
    "properties" : {
      "depth_km" : 7.1,
      "author" : "SURVEY-INGV",
      "catalog" : null,
      "latitude" : 38.7198,
      "event_id" : 45770252,
      "contributor" : null,
      "mag_type" : "ML",
      "event_location_name" : "1 km S Olivadi (CZ)",
      "magnitude" : 1.3,
      "time" : "2026-05-06 03:58:58Z",
      "mag_author" : null,
      "longitude" : 16.421,
      "contributor_id" : null
    },
    "geometry" : {
      "type" : "Point",
      "coordinates" : [ 16.421, 38.7198 ]
    },
    "id" : "45770252"
  }, {
    "type" : "Feature",
    "properties" : {
      "depth_km" : 26.3,
      "author" : "SURVEY-INGV",
      "catalog" : null,
      "latitude" : 39.1912,
      "event_id" : 45770142,
      "contributor" : null,
      "mag_type" : "ML",
      "event_location_name" : "9 km E Rocca di Neto (KR)",
      "magnitude" : 1.9,
      "time" : "2026-05-06 02:29:39Z",
      "mag_author" : null,
      "longitude" : 17.1065,
      "contributor_id" : null
    },
    "geometry" : {
      "type" : "Point",
      "coordinates" : [ 17.1065, 39.1912 ]
    },
    "id" : "45770142"
  }, {
    "type" : "Feature",
    "properties" : {
      "depth_km" : 14.1,
      "author" : "SURVEY-INGV",
      "catalog" : null,
      "latitude" : 45.042,
      "event_id" : 45770082,
      "contributor" : null,
      "mag_type" : "ML",
      "event_location_name" : "2 km SE Coazze (TO)",
      "magnitude" : 1.5,
      "time" : "2026-05-06 01:43:44Z",
      "mag_author" : null,
      "longitude" : 7.3158,
      "contributor_id" : null
    },
    "geometry" : {
      "type" : "Point",
      "coordinates" : [ 7.3158, 45.042 ]
    },
    "id" : "45770082"
  }, {
    "type" : "Feature",
    "properties" : {
      "depth_km" : 8.0,
      "author" : "SURVEY-INGV",
      "catalog" : null,
      "latitude" : 43.0438,
      "event_id" : 45770022,
      "contributor" : null,
      "mag_type" : "ML",
      "event_location_name" : "2 km W Fiordimonte (MC)",
      "magnitude" : 0.7,
      "time" : "2026-05-06 01:05:02Z",
      "mag_author" : null,
      "longitude" : 13.0733,
      "contributor_id" : null
    },
    "geometry" : {
      "type" : "Point",
      "coordinates" : [ 13.0733, 43.0438 ]
    },
    "id" : "45770022"
  }, {
    "type" : "Feature",
    "properties" : {
      "depth_km" : 9.5,
      "author" : "SURVEY-INGV",
      "catalog" : null,
      "latitude" : 43.0507,
      "event_id" : 45769992,
      "contributor" : null,
      "mag_type" : "ML",
      "event_location_name" : "2 km E Pieve Torina (MC)",
      "magnitude" : 1.2,
      "time" : "2026-05-06 00:53:05Z",
      "mag_author" : null,
      "longitude" : 13.0692,
      "contributor_id" : null
    },
    "geometry" : {
      "type" : "Point",
      "coordinates" : [ 13.0692, 43.0507 ]
    },
    "id" : "45769992"
  }, {
    "type" : "Feature",
    "properties" : {
      "depth_km" : 10.9,
      "author" : "SURVEY-INGV",
      "catalog" : null,
      "latitude" : 42.873,
      "event_id" : 45769922,
      "contributor" : null,
      "mag_type" : "ML",
      "event_location_name" : "4 km SE Sellano (PG)",
      "magnitude" : 1.1,
      "time" : "2026-05-06 00:34:54Z",
      "mag_author" : null,
      "longitude" : 12.968,
      "contributor_id" : null
    },
    "geometry" : {
      "type" : "Point",
      "coordinates" : [ 12.968, 42.873 ]
    },
    "id" : "45769922"
  }, {
    "type" : "Feature",
    "properties" : {
      "depth_km" : 10.7,
      "author" : "SURVEY-INGV",
      "catalog" : null,
      "latitude" : 39.5222,
      "event_id" : 45769842,
      "contributor" : null,
      "mag_type" : "ML",
      "event_location_name" : "8 km S Corigliano Calabro (CS)",
      "magnitude" : 0.6,
      "time" : "2026-05-05 23:55:57Z",
      "mag_author" : null,
      "longitude" : 16.5395,
      "contributor_id" : null
    },
    "geometry" : {
      "type" : "Point",
      "coordinates" : [ 16.5395, 39.5222 ]
    },
    "id" : "45769842"
  }, {
    "type" : "Feature",
    "properties" : {
      "depth_km" : 2.98,
      "author" : "SURVEY-INGV-OV#SiSmi",
      "catalog" : null,
      "latitude" : 40.836667,
      "event_id" : 45769772,
      "contributor" : null,
      "mag_type" : "Md",
      "event_location_name" : "Campi Flegrei",
      "magnitude" : 1.9,
      "time" : "2026-05-05 23:26:49Z",
      "mag_author" : null,
      "longitude" : 14.120667,
      "contributor_id" : null
    },
    "geometry" : {
      "type" : "Point",
      "coordinates" : [ 14.120667, 40.836667 ]
    },
    "id" : "45769772"
  }, {
    "type" : "Feature",
    "properties" : {
      "depth_km" : 309.3,
      "author" : "SURVEY-INGV",
      "catalog" : null,
      "latitude" : 39.4287,
      "event_id" : 45769282,
      "contributor" : null,
      "mag_type" : "ML",
      "event_location_name" : "Tirreno Meridionale [Mare]",
      "magnitude" : 3.5,
      "time" : "2026-05-05 23:02:30Z",
      "mag_author" : null,
      "longitude" : 15.519,
      "contributor_id" : null
    },
    "geometry" : {
      "type" : "Point",
      "coordinates" : [ 15.519, 39.4287 ]
    },
    "id" : "45769282"
  }, {
    "type" : "Feature",
    "properties" : {
      "depth_km" : 10.1,
      "author" : "SURVEY-INGV",
      "catalog" : null,
      "latitude" : 42.8757,
      "event_id" : 45769252,
      "contributor" : null,
      "mag_type" : "ML",
      "event_location_name" : "2 km E Preci (PG)",
      "magnitude" : 0.9,
      "time" : "2026-05-05 22:48:06Z",
      "mag_author" : null,
      "longitude" : 13.0663,
      "contributor_id" : null
    },
    "geometry" : {
      "type" : "Point",
      "coordinates" : [ 13.0663, 42.8757 ]
    },
    "id" : "45769252"
  }, {
    "type" : "Feature",
    "properties" : {
      "depth_km" : 6.5,
      "author" : "BULLETIN-INGV",
      "catalog" : null,
      "latitude" : 41.0317,
      "event_id" : 45769222,
      "contributor" : null,
      "mag_type" : "ML",
      "event_location_name" : "Forchia (BN)",
      "magnitude" : 1.5,
      "time" : "2026-05-05 22:27:51Z",
      "mag_author" : null,
      "longitude" : 14.532,
      "contributor_id" : null
    },
    "geometry" : {
      "type" : "Point",
      "coordinates" : [ 14.532, 41.0317 ]
    },
    "id" : "45769222"
  }, {
    "type" : "Feature",
    "properties" : {
      "depth_km" : 9.5,
      "author" : "SURVEY-INGV",
      "catalog" : null,
      "latitude" : 38.1042,
      "event_id" : 45769122,
      "contributor" : null,
      "mag_type" : "ML",
      "event_location_name" : "2 km SW Falcone (ME)",
      "magnitude" : 2.7,
      "time" : "2026-05-05 21:48:43Z",
      "mag_author" : null,
      "longitude" : 15.0757,
      "contributor_id" : null
    },
    "geometry" : {
      "type" : "Point",
      "coordinates" : [ 15.0757, 38.1042 ]
    },
    "id" : "45769122"
  }, {
    "type" : "Feature",
    "properties" : {
      "depth_km" : 9.4,
      "author" : "SURVEY-INGV",
      "catalog" : null,
      "latitude" : 42.8748,
      "event_id" : 45769022,
      "contributor" : null,
      "mag_type" : "ML",
      "event_location_name" : "3 km E Sellano (PG)",
      "magnitude" : 0.8,
      "time" : "2026-05-05 21:38:38Z",
      "mag_author" : null,
      "longitude" : 12.9645,
      "contributor_id" : null
    },
    "geometry" : {
      "type" : "Point",
      "coordinates" : [ 12.9645, 42.8748 ]
    },
    "id" : "45769022"
  }, {
    "type" : "Feature",
    "properties" : {
      "depth_km" : 11.0,
      "author" : "SURVEY-INGV",
      "catalog" : null,
      "latitude" : 42.8703,
      "event_id" : 45768982,
      "contributor" : null,
      "mag_type" : "ML",
      "event_location_name" : "4 km SE Sellano (PG)",
      "magnitude" : 1.0,
      "time" : "2026-05-05 21:32:57Z",
      "mag_author" : null,
      "longitude" : 12.9647,
      "contributor_id" : null
    },
    "geometry" : {
      "type" : "Point",
      "coordinates" : [ 12.9647, 42.8703 ]
    },
    "id" : "45768982"
  }, {
    "type" : "Feature",
    "properties" : {
      "depth_km" : 10.5,
      "author" : "SURVEY-INGV",
      "catalog" : null,
      "latitude" : 42.8703,
      "event_id" : 45768922,
      "contributor" : null,
      "mag_type" : "ML",
      "event_location_name" : "4 km SE Sellano (PG)",
      "magnitude" : 1.5,
      "time" : "2026-05-05 21:13:35Z",
      "mag_author" : null,
      "longitude" : 12.9633,
      "contributor_id" : null
    },
    "geometry" : {
      "type" : "Point",
      "coordinates" : [ 12.9633, 42.8703 ]
    },
    "id" : "45768922"
  }, {
    "type" : "Feature",
    "properties" : {
      "depth_km" : 10.5,
      "author" : "SURVEY-INGV",
      "catalog" : null,
      "latitude" : 42.8703,
      "event_id" : 45768922,
      "contributor" : null,
      "mag_type" : "ML",
      "event_location_name" : "4 km SE Sellano (PG)",
      "magnitude" : 1.5,
      "time" : "2026-05-05 21:13:35Z",
      "mag_author" : null,
      "longitude" : 12.9633,
      "contributor_id" : null
    },
    "geometry" : {
      "type" : "Point",
      "coordinates" : [ 12.9633, 42.8703 ]
    },
    "id" : "45768922"
  }, {
    "type" : "Feature",
    "properties" : {
      "depth_km" : 9.3,
      "author" : "SURVEY-INGV",
      "catalog" : null,
      "latitude" : 43.4183,
      "event_id" : 45768862,
      "contributor" : null,
      "mag_type" : "ML",
      "event_location_name" : "4 km E Genga (AN)",
      "magnitude" : 0.6,
      "time" : "2026-05-05 21:12:41Z",
      "mag_author" : null,
      "longitude" : 12.9772,
      "contributor_id" : null
    },
    "geometry" : {
      "type" : "Point",
      "coordinates" : [ 12.9772, 43.4183 ]
    },
    "id" : "45768862"
  }, {
    "type" : "Feature",
    "properties" : {
      "depth_km" : 24.1,
      "author" : "SURVEY-INGV",
      "catalog" : null,
      "latitude" : 43.7723,
      "event_id" : 45768832,
      "contributor" : null,
      "mag_type" : "ML",
      "event_location_name" : "3 km NE Mondolfo (PU)",
      "magnitude" : 1.5,
      "time" : "2026-05-05 21:05:44Z",
      "mag_author" : null,
      "longitude" : 13.1212,
      "contributor_id" : null
    },
    "geometry" : {
      "type" : "Point",
      "coordinates" : [ 13.1212, 43.7723 ]
    },
    "id" : "45768832"
  }, {
    "type" : "Feature",
    "properties" : {
      "depth_km" : 10.7,
      "author" : "SURVEY-INGV",
      "catalog" : null,
      "latitude" : 40.5393,
      "event_id" : 45768772,
      "contributor" : null,
      "mag_type" : "ML",
      "event_location_name" : "4 km NE Abriola (PZ)",
      "magnitude" : 1.0,
      "time" : "2026-05-05 21:01:04Z",
      "mag_author" : null,
      "longitude" : 15.8445,
      "contributor_id" : null
    },
    "geometry" : {
      "type" : "Point",
      "coordinates" : [ 15.8445, 40.5393 ]
    },
    "id" : "45768772"
  }, {
    "type" : "Feature",
    "properties" : {
      "depth_km" : 5.9,
      "author" : "SURVEY-INGV",
      "catalog" : null,
      "latitude" : 47.0523,
      "event_id" : 45768722,
      "contributor" : null,
      "mag_type" : "ML",
      "event_location_name" : "Confine Austria-Svizzera (AUSTRIA, SVIZZERA)",
      "magnitude" : 2.4,
      "time" : "2026-05-05 21:00:29Z",
      "mag_author" : null,
      "longitude" : 9.4087,
      "contributor_id" : null
    },
    "geometry" : {
      "type" : "Point",
      "coordinates" : [ 9.4087, 47.0523 ]
    },
    "id" : "45768722"
  }, {
    "type" : "Feature",
    "properties" : {
      "depth_km" : 8.83,
      "author" : "SURVEY-INGV-CT#SeismPicker_SO-OE",
      "catalog" : null,
      "latitude" : 38.544,
      "event_id" : 45768942,
      "contributor" : null,
      "mag_type" : "ML",
      "event_location_name" : "Isole Eolie (Messina)",
      "magnitude" : 1.4,
      "time" : "2026-05-05 20:55:46Z",
      "mag_author" : null,
      "longitude" : 14.472,
      "contributor_id" : null
    },
    "geometry" : {
      "type" : "Point",
      "coordinates" : [ 14.472, 38.544 ]
    },
    "id" : "45768942"
  }, {
    "type" : "Feature",
    "properties" : {
      "depth_km" : 9.4,
      "author" : "SURVEY-INGV",
      "catalog" : null,
      "latitude" : 43.9002,
      "event_id" : 45768552,
      "contributor" : null,
      "mag_type" : "ML",
      "event_location_name" : "7 km NE Bagno di Romagna (FC)",
      "magnitude" : 1.2,
      "time" : "2026-05-05 20:16:57Z",
      "mag_author" : null,
      "longitude" : 12.0357,
      "contributor_id" : null
    },
    "geometry" : {
      "type" : "Point",
      "coordinates" : [ 12.0357, 43.9002 ]
    },
    "id" : "45768552"
  }, {
    "type" : "Feature",
    "properties" : {
      "depth_km" : 46.0,
      "author" : "SURVEY-INGV",
      "catalog" : null,
      "latitude" : 38.8387,
      "event_id" : 45768512,
      "contributor" : null,
      "mag_type" : "ML",
      "event_location_name" : "Costa Calabra sud-occidentale (Catanzaro, Vibo Valentia, Reggio di Calabria)",
      "magnitude" : 1.6,
      "time" : "2026-05-05 20:03:46Z",
      "mag_author" : null,
      "longitude" : 16.0397,
      "contributor_id" : null
    },
    "geometry" : {
      "type" : "Point",
      "coordinates" : [ 16.0397, 38.8387 ]
    },
    "id" : "45768512"
  }, {
    "type" : "Feature",
    "properties" : {
      "depth_km" : 10.5,
      "author" : "SURVEY-INGV",
      "catalog" : null,
      "latitude" : 42.8707,
      "event_id" : 45768482,
      "contributor" : null,
      "mag_type" : "ML",
      "event_location_name" : "3 km SE Sellano (PG)",
      "magnitude" : 0.8,
      "time" : "2026-05-05 19:49:42Z",
      "mag_author" : null,
      "longitude" : 12.9567,
      "contributor_id" : null
    },
    "geometry" : {
      "type" : "Point",
      "coordinates" : [ 12.9567, 42.8707 ]
    },
    "id" : "45768482"
  }, {
    "type" : "Feature",
    "properties" : {
      "depth_km" : 10.5,
      "author" : "SURVEY-INGV",
      "catalog" : null,
      "latitude" : 42.8707,
      "event_id" : 45768482,
      "contributor" : null,
      "mag_type" : "ML",
      "event_location_name" : "3 km SE Sellano (PG)",
      "magnitude" : 0.8,
      "time" : "2026-05-05 19:49:42Z",
      "mag_author" : null,
      "longitude" : 12.9567,
      "contributor_id" : null
    },
    "geometry" : {
      "type" : "Point",
      "coordinates" : [ 12.9567, 42.8707 ]
    },
    "id" : "45768482"
  }, {
    "type" : "Feature",
    "properties" : {
      "depth_km" : 11.0,
      "author" : "SURVEY-INGV",
      "catalog" : null,
      "latitude" : 42.8713,
      "event_id" : 45768432,
      "contributor" : null,
      "mag_type" : "ML",
      "event_location_name" : "3 km SE Sellano (PG)",
      "magnitude" : 1.0,
      "time" : "2026-05-05 19:47:29Z",
      "mag_author" : null,
      "longitude" : 12.959,
      "contributor_id" : null
    },
    "geometry" : {
      "type" : "Point",
      "coordinates" : [ 12.959, 42.8713 ]
    },
    "id" : "45768432"
  }, {
    "type" : "Feature",
    "properties" : {
      "depth_km" : 9.5,
      "author" : "SURVEY-INGV",
      "catalog" : null,
      "latitude" : 38.1052,
      "event_id" : 45768402,
      "contributor" : null,
      "mag_type" : "ML",
      "event_location_name" : "2 km SW Falcone (ME)",
      "magnitude" : 1.6,
      "time" : "2026-05-05 19:41:11Z",
      "mag_author" : null,
      "longitude" : 15.073,
      "contributor_id" : null
    },
    "geometry" : {
      "type" : "Point",
      "coordinates" : [ 15.073, 38.1052 ]
    },
    "id" : "45768402"
  }, {
    "type" : "Feature",
    "properties" : {
      "depth_km" : 9.7,
      "author" : "SURVEY-INGV",
      "catalog" : null,
      "latitude" : 38.1037,
      "event_id" : 45768322,
      "contributor" : null,
      "mag_type" : "ML",
      "event_location_name" : "2 km SW Falcone (ME)",
      "magnitude" : 2.0,
      "time" : "2026-05-05 19:24:57Z",
      "mag_author" : null,
      "longitude" : 15.0732,
      "contributor_id" : null
    },
    "geometry" : {
      "type" : "Point",
      "coordinates" : [ 15.0732, 38.1037 ]
    },
    "id" : "45768322"
  }, {
    "type" : "Feature",
    "properties" : {
      "depth_km" : 12.3,
      "author" : "SURVEY-INGV",
      "catalog" : null,
      "latitude" : 43.5858,
      "event_id" : 45768012,
      "contributor" : null,
      "mag_type" : "ML",
      "event_location_name" : "7 km S Mercatello sul Metauro (PU)",
      "magnitude" : 1.7,
      "time" : "2026-05-05 18:14:41Z",
      "mag_author" : null,
      "longitude" : 12.3332,
      "contributor_id" : null
    },
    "geometry" : {
      "type" : "Point",
      "coordinates" : [ 12.3332, 43.5858 ]
    },
    "id" : "45768012"
  }, {
    "type" : "Feature",
    "properties" : {
      "depth_km" : 11.4,
      "author" : "SURVEY-INGV",
      "catalog" : null,
      "latitude" : 42.784,
      "event_id" : 45767922,
      "contributor" : null,
      "mag_type" : "ML",
      "event_location_name" : "6 km W Arquata del Tronto (AP)",
      "magnitude" : 0.8,
      "time" : "2026-05-05 18:03:16Z",
      "mag_author" : null,
      "longitude" : 13.2207,
      "contributor_id" : null
    },
    "geometry" : {
      "type" : "Point",
      "coordinates" : [ 13.2207, 42.784 ]
    },
    "id" : "45767922"
  }, {
    "type" : "Feature",
    "properties" : {
      "depth_km" : 11.4,
      "author" : "SURVEY-INGV",
      "catalog" : null,
      "latitude" : 42.784,
      "event_id" : 45767922,
      "contributor" : null,
      "mag_type" : "ML",
      "event_location_name" : "6 km W Arquata del Tronto (AP)",
      "magnitude" : 0.8,
      "time" : "2026-05-05 18:03:16Z",
      "mag_author" : null,
      "longitude" : 13.2207,
      "contributor_id" : null
    },
    "geometry" : {
      "type" : "Point",
      "coordinates" : [ 13.2207, 42.784 ]
    },
    "id" : "45767922"
  }, {
    "type" : "Feature",
    "properties" : {
      "depth_km" : 10.0,
      "author" : "SURVEY-INGV",
      "catalog" : null,
      "latitude" : 38.0998,
      "event_id" : 45767822,
      "contributor" : null,
      "mag_type" : "ML",
      "event_location_name" : "2 km SW Falcone (ME)",
      "magnitude" : 2.2,
      "time" : "2026-05-05 17:44:38Z",
      "mag_author" : null,
      "longitude" : 15.0727,
      "contributor_id" : null
    },
    "geometry" : {
      "type" : "Point",
      "coordinates" : [ 15.0727, 38.0998 ]
    },
    "id" : "45767822"
  }, {
    "type" : "Feature",
    "properties" : {
      "depth_km" : 9.8,
      "author" : "SURVEY-INGV",
      "catalog" : null,
      "latitude" : 38.1002,
      "event_id" : 45767762,
      "contributor" : null,
      "mag_type" : "ML",
      "event_location_name" : "2 km SW Falcone (ME)",
      "magnitude" : 1.4,
      "time" : "2026-05-05 17:44:12Z",
      "mag_author" : null,
      "longitude" : 15.0728,
      "contributor_id" : null
    },
    "geometry" : {
      "type" : "Point",
      "coordinates" : [ 15.0728, 38.1002 ]
    },
    "id" : "45767762"
  }, {
    "type" : "Feature",
    "properties" : {
      "depth_km" : 6.8,
      "author" : "SURVEY-INGV",
      "catalog" : null,
      "latitude" : 41.0385,
      "event_id" : 45767712,
      "contributor" : null,
      "mag_type" : "ML",
      "event_location_name" : "1 km NW Forchia (BN)",
      "magnitude" : 1.8,
      "time" : "2026-05-05 17:42:15Z",
      "mag_author" : null,
      "longitude" : 14.5238,
      "contributor_id" : null
    },
    "geometry" : {
      "type" : "Point",
      "coordinates" : [ 14.5238, 41.0385 ]
    },
    "id" : "45767712"
  }, {
    "type" : "Feature",
    "properties" : {
      "depth_km" : 10.7,
      "author" : "SURVEY-INGV",
      "catalog" : null,
      "latitude" : 43.1933,
      "event_id" : 45767282,
      "contributor" : null,
      "mag_type" : "ML",
      "event_location_name" : "5 km SW Gualdo Tadino (PG)",
      "magnitude" : 0.9,
      "time" : "2026-05-05 16:33:03Z",
      "mag_author" : null,
      "longitude" : 12.753,
      "contributor_id" : null
    },
    "geometry" : {
      "type" : "Point",
      "coordinates" : [ 12.753, 43.1933 ]
    },
    "id" : "45767282"
  }, {
    "type" : "Feature",
    "properties" : {
      "depth_km" : 12.7,
      "author" : "SURVEY-INGV",
      "catalog" : null,
      "latitude" : 43.3727,
      "event_id" : 45767102,
      "contributor" : null,
      "mag_type" : "ML",
      "event_location_name" : "3 km W Costacciaro (PG)",
      "magnitude" : 0.9,
      "time" : "2026-05-05 16:01:48Z",
      "mag_author" : null,
      "longitude" : 12.6813,
      "contributor_id" : null
    },
    "geometry" : {
      "type" : "Point",
      "coordinates" : [ 12.6813, 43.3727 ]
    },
    "id" : "45767102"
  }, {
    "type" : "Feature",
    "properties" : {
      "depth_km" : 10.9,
      "author" : "SURVEY-INGV",
      "catalog" : null,
      "latitude" : 46.35,
      "event_id" : 45767022,
      "contributor" : null,
      "mag_type" : "ML",
      "event_location_name" : "6 km SE Preone (UD)",
      "magnitude" : 0.5,
      "time" : "2026-05-05 15:47:06Z",
      "mag_author" : null,
      "longitude" : 12.9015,
      "contributor_id" : null
    },
    "geometry" : {
      "type" : "Point",
      "coordinates" : [ 12.9015, 46.35 ]
    },
    "id" : "45767022"
  }, {
    "type" : "Feature",
    "properties" : {
      "depth_km" : 13.3,
      "author" : "SURVEY-INGV",
      "catalog" : null,
      "latitude" : 42.4613,
      "event_id" : 45766702,
      "contributor" : null,
      "mag_type" : "ML",
      "event_location_name" : "2 km NW Barete (AQ)",
      "magnitude" : 0.8,
      "time" : "2026-05-05 15:14:32Z",
      "mag_author" : null,
      "longitude" : 13.2672,
      "contributor_id" : null
    },
    "geometry" : {
      "type" : "Point",
      "coordinates" : [ 13.2672, 42.4613 ]
    },
    "id" : "45766702"
  }, {
    "type" : "Feature",
    "properties" : {
      "depth_km" : 11.9,
      "author" : "SURVEY-INGV",
      "catalog" : null,
      "latitude" : 42.4572,
      "event_id" : 45766662,
      "contributor" : null,
      "mag_type" : "ML",
      "event_location_name" : "1 km NW Barete (AQ)",
      "magnitude" : 1.1,
      "time" : "2026-05-05 15:12:32Z",
      "mag_author" : null,
      "longitude" : 13.2743,
      "contributor_id" : null
    },
    "geometry" : {
      "type" : "Point",
      "coordinates" : [ 13.2743, 42.4572 ]
    },
    "id" : "45766662"
  }, {
    "type" : "Feature",
    "properties" : {
      "depth_km" : 61.8,
      "author" : "SURVEY-INGV",
      "catalog" : null,
      "latitude" : 37.8847,
      "event_id" : 45766162,
      "contributor" : null,
      "mag_type" : "ML",
      "event_location_name" : "6 km NW San Teodoro (ME)",
      "magnitude" : 2.1,
      "time" : "2026-05-05 14:22:30Z",
      "mag_author" : null,
      "longitude" : 14.6467,
      "contributor_id" : null
    },
    "geometry" : {
      "type" : "Point",
      "coordinates" : [ 14.6467, 37.8847 ]
    },
    "id" : "45766162"
  }, {
    "type" : "Feature",
    "properties" : {
      "depth_km" : 148.0,
      "author" : "SURVEY-INGV",
      "catalog" : null,
      "latitude" : 38.4278,
      "event_id" : 45765792,
      "contributor" : null,
      "mag_type" : "ML",
      "event_location_name" : "Tirreno Meridionale [Mare]",
      "magnitude" : 2.2,
      "time" : "2026-05-05 13:13:37Z",
      "mag_author" : null,
      "longitude" : 15.443,
      "contributor_id" : null
    },
    "geometry" : {
      "type" : "Point",
      "coordinates" : [ 15.443, 38.4278 ]
    },
    "id" : "45765792"
  }, {
    "type" : "Feature",
    "properties" : {
      "depth_km" : 5.7,
      "author" : "SURVEY-INGV",
      "catalog" : null,
      "latitude" : 42.8443,
      "event_id" : 45765592,
      "contributor" : null,
      "mag_type" : "ML",
      "event_location_name" : "Costa Francese (FRANCIA)",
      "magnitude" : 2.1,
      "time" : "2026-05-05 13:01:17Z",
      "mag_author" : null,
      "longitude" : 5.9532,
      "contributor_id" : null
    },
    "geometry" : {
      "type" : "Point",
      "coordinates" : [ 5.9532, 42.8443 ]
    },
    "id" : "45765592"
  }, {
    "type" : "Feature",
    "properties" : {
      "depth_km" : 10.29,
      "author" : "SURVEY-INGV-CT#SeismPicker_SO-OE",
      "catalog" : null,
      "latitude" : 37.728,
      "event_id" : 45764412,
      "contributor" : null,
      "mag_type" : "ML",
      "event_location_name" : "3 km W Milo (CT)",
      "magnitude" : 1.3,
      "time" : "2026-05-05 10:45:16Z",
      "mag_author" : null,
      "longitude" : 15.082,
      "contributor_id" : null
    },
    "geometry" : {
      "type" : "Point",
      "coordinates" : [ 15.082, 37.728 ]
    },
    "id" : "45764412"
  }, {
    "type" : "Feature",
    "properties" : {
      "depth_km" : 10.29,
      "author" : "SURVEY-INGV-CT#SeismPicker_SO-OE",
      "catalog" : null,
      "latitude" : 37.728,
      "event_id" : 45436311,
      "contributor" : null,
      "mag_type" : "ML",
      "event_location_name" : "3 km W Milo (CT)",
      "magnitude" : 1.3,
      "time" : "2026-05-05 10:45:16Z",
      "mag_author" : null,
      "longitude" : 15.082,
      "contributor_id" : null
    },
    "geometry" : {
      "type" : "Point",
      "coordinates" : [ 15.082, 37.728 ]
    },
    "id" : "45436311"
  }, {
    "type" : "Feature",
    "properties" : {
      "depth_km" : 45.4,
      "author" : "SURVEY-INGV",
      "catalog" : null,
      "latitude" : 38.9923,
      "event_id" : 45763452,
      "contributor" : null,
      "mag_type" : "ML",
      "event_location_name" : "3 km SE Sersale (CZ)",
      "magnitude" : 1.9,
      "time" : "2026-05-05 09:22:39Z",
      "mag_author" : null,
      "longitude" : 16.7388,
      "contributor_id" : null
    },
    "geometry" : {
      "type" : "Point",
      "coordinates" : [ 16.7388, 38.9923 ]
    },
    "id" : "45763452"
  }, {
    "type" : "Feature",
    "properties" : {
      "depth_km" : 10.7,
      "author" : "SURVEY-INGV",
      "catalog" : null,
      "latitude" : 45.8708,
      "event_id" : 45763312,
      "contributor" : null,
      "mag_type" : "ML",
      "event_location_name" : "10 km NE Courmayeur (AO)",
      "magnitude" : 1.4,
      "time" : "2026-05-05 09:13:09Z",
      "mag_author" : null,
      "longitude" : 7.0275,
      "contributor_id" : null
    },
    "geometry" : {
      "type" : "Point",
      "coordinates" : [ 7.0275, 45.8708 ]
    },
    "id" : "45763312"
  }, {
    "type" : "Feature",
    "properties" : {
      "depth_km" : 8.594,
      "author" : "SURVEY-INGV-A",
      "catalog" : null,
      "latitude" : -36.6539,
      "event_id" : 45762672,
      "contributor" : null,
      "mag_type" : "Mwp",
      "event_location_name" : "Off east coast of North Island, New Zealand [Sea: New Zealand]",
      "magnitude" : 6.1,
      "time" : "2026-05-05 08:00:46Z",
      "mag_author" : null,
      "longitude" : 177.135,
      "contributor_id" : null
    },
    "geometry" : {
      "type" : "Point",
      "coordinates" : [ 177.135, -36.6539 ]
    },
    "id" : "45762672"
  }, {
    "type" : "Feature",
    "properties" : {
      "depth_km" : 18.359,
      "author" : "SURVEY-INGV-A",
      "catalog" : null,
      "latitude" : -10.2691,
      "event_id" : 45762062,
      "contributor" : null,
      "mag_type" : "Mwp",
      "event_location_name" : "Indonesia [Sea]",
      "magnitude" : 5.9,
      "time" : "2026-05-05 06:44:50Z",
      "mag_author" : null,
      "longitude" : 119.204,
      "contributor_id" : null
    },
    "geometry" : {
      "type" : "Point",
      "coordinates" : [ 119.204, -10.2691 ]
    },
    "id" : "45762062"
  }, {
    "type" : "Feature",
    "properties" : {
      "depth_km" : 10.8,
      "author" : "SURVEY-INGV",
      "catalog" : null,
      "latitude" : 43.5228,
      "event_id" : 45761742,
      "contributor" : null,
      "mag_type" : "ML",
      "event_location_name" : "3 km S Cagli (PU)",
      "magnitude" : 1.0,
      "time" : "2026-05-05 06:35:13Z",
      "mag_author" : null,
      "longitude" : 12.648,
      "contributor_id" : null
    },
    "geometry" : {
      "type" : "Point",
      "coordinates" : [ 12.648, 43.5228 ]
    },
    "id" : "45761742"
  }, {
    "type" : "Feature",
    "properties" : {
      "depth_km" : 4.3,
      "author" : "SURVEY-INGV",
      "catalog" : null,
      "latitude" : 39.9983,
      "event_id" : 45761422,
      "contributor" : null,
      "mag_type" : "ML",
      "event_location_name" : "Maratea (PZ)",
      "magnitude" : 1.6,
      "time" : "2026-05-05 05:55:07Z",
      "mag_author" : null,
      "longitude" : 15.722,
      "contributor_id" : null
    },
    "geometry" : {
      "type" : "Point",
      "coordinates" : [ 15.722, 39.9983 ]
    },
    "id" : "45761422"
  }, {
    "type" : "Feature",
    "properties" : {
      "depth_km" : 10.4,
      "author" : "SURVEY-INGV",
      "catalog" : null,
      "latitude" : 38.6098,
      "event_id" : 45761292,
      "contributor" : null,
      "mag_type" : "ML",
      "event_location_name" : "Tirreno Meridionale [Mare]",
      "magnitude" : 2.3,
      "time" : "2026-05-05 05:47:04Z",
      "mag_author" : null,
      "longitude" : 13.4113,
      "contributor_id" : null
    },
    "geometry" : {
      "type" : "Point",
      "coordinates" : [ 13.4113, 38.6098 ]
    },
    "id" : "45761292"
  }, {
    "type" : "Feature",
    "properties" : {
      "depth_km" : 9.1,
      "author" : "SURVEY-INGV",
      "catalog" : null,
      "latitude" : 45.7663,
      "event_id" : 45761152,
      "contributor" : null,
      "mag_type" : "ML",
      "event_location_name" : "4 km E Ala (TN)",
      "magnitude" : 0.8,
      "time" : "2026-05-05 05:33:55Z",
      "mag_author" : null,
      "longitude" : 11.0603,
      "contributor_id" : null
    },
    "geometry" : {
      "type" : "Point",
      "coordinates" : [ 11.0603, 45.7663 ]
    },
    "id" : "45761152"
  }, {
    "type" : "Feature",
    "properties" : {
      "depth_km" : 13.9,
      "author" : "SURVEY-INGV",
      "catalog" : null,
      "latitude" : 43.4138,
      "event_id" : 45760902,
      "contributor" : null,
      "mag_type" : "ML",
      "event_location_name" : "7 km NE Costacciaro (PG)",
      "magnitude" : 0.9,
      "time" : "2026-05-05 04:59:18Z",
      "mag_author" : null,
      "longitude" : 12.7657,
      "contributor_id" : null
    },
    "geometry" : {
      "type" : "Point",
      "coordinates" : [ 12.7657, 43.4138 ]
    },
    "id" : "45760902"
  }, {
    "type" : "Feature",
    "properties" : {
      "depth_km" : 11.5,
      "author" : "SURVEY-INGV",
      "catalog" : null,
      "latitude" : 43.522,
      "event_id" : 45760682,
      "contributor" : null,
      "mag_type" : "ML",
      "event_location_name" : "3 km S Cagli (PU)",
      "magnitude" : 1.2,
      "time" : "2026-05-05 04:38:22Z",
      "mag_author" : null,
      "longitude" : 12.6517,
      "contributor_id" : null
    },
    "geometry" : {
      "type" : "Point",
      "coordinates" : [ 12.6517, 43.522 ]
    },
    "id" : "45760682"
  }, {
    "type" : "Feature",
    "properties" : {
      "depth_km" : 10.0,
      "author" : "SURVEY-INGV",
      "catalog" : null,
      "latitude" : 42.7962,
      "event_id" : 45760412,
      "contributor" : null,
      "mag_type" : "ML",
      "event_location_name" : "1 km E Norcia (PG)",
      "magnitude" : 1.2,
      "time" : "2026-05-05 03:49:47Z",
      "mag_author" : null,
      "longitude" : 13.1018,
      "contributor_id" : null
    },
    "geometry" : {
      "type" : "Point",
      "coordinates" : [ 13.1018, 42.7962 ]
    },
    "id" : "45760412"
  }, {
    "type" : "Feature",
    "properties" : {
      "depth_km" : 16.9,
      "author" : "SURVEY-INGV",
      "catalog" : null,
      "latitude" : 43.1837,
      "event_id" : 45760302,
      "contributor" : null,
      "mag_type" : "ML",
      "event_location_name" : "1 km NW Pioraco (MC)",
      "magnitude" : 0.8,
      "time" : "2026-05-05 03:10:20Z",
      "mag_author" : null,
      "longitude" : 12.9767,
      "contributor_id" : null
    },
    "geometry" : {
      "type" : "Point",
      "coordinates" : [ 12.9767, 43.1837 ]
    },
    "id" : "45760302"
  }, {
    "type" : "Feature",
    "properties" : {
      "depth_km" : 7.3,
      "author" : "SURVEY-INGV",
      "catalog" : null,
      "latitude" : 46.0343,
      "event_id" : 45760242,
      "contributor" : null,
      "mag_type" : "ML",
      "event_location_name" : "V3 Monte Bianco (ITALIA, FRANCIA, SVIZZERA)",
      "magnitude" : 1.1,
      "time" : "2026-05-05 02:38:34Z",
      "mag_author" : null,
      "longitude" : 7.1288,
      "contributor_id" : null
    },
    "geometry" : {
      "type" : "Point",
      "coordinates" : [ 7.1288, 46.0343 ]
    },
    "id" : "45760242"
  }, {
    "type" : "Feature",
    "properties" : {
      "depth_km" : 10.6,
      "author" : "SURVEY-INGV",
      "catalog" : null,
      "latitude" : 42.7728,
      "event_id" : 45760112,
      "contributor" : null,
      "mag_type" : "ML",
      "event_location_name" : "3 km SW Norcia (PG)",
      "magnitude" : 0.9,
      "time" : "2026-05-05 01:24:24Z",
      "mag_author" : null,
      "longitude" : 13.072,
      "contributor_id" : null
    },
    "geometry" : {
      "type" : "Point",
      "coordinates" : [ 13.072, 42.7728 ]
    },
    "id" : "45760112"
  }, {
    "type" : "Feature",
    "properties" : {
      "depth_km" : 118.6,
      "author" : "SURVEY-INGV",
      "catalog" : null,
      "latitude" : 38.3602,
      "event_id" : 45760082,
      "contributor" : null,
      "mag_type" : "ML",
      "event_location_name" : "Costa Siciliana nord-orientale (Messina)",
      "magnitude" : 2.0,
      "time" : "2026-05-05 01:12:23Z",
      "mag_author" : null,
      "longitude" : 15.3927,
      "contributor_id" : null
    },
    "geometry" : {
      "type" : "Point",
      "coordinates" : [ 15.3927, 38.3602 ]
    },
    "id" : "45760082"
  }, {
    "type" : "Feature",
    "properties" : {
      "depth_km" : 9.0,
      "author" : "SURVEY-INGV",
      "catalog" : null,
      "latitude" : 38.3053,
      "event_id" : 45760032,
      "contributor" : null,
      "mag_type" : "ML",
      "event_location_name" : "Costa Siciliana nord-orientale (Messina)",
      "magnitude" : 1.1,
      "time" : "2026-05-05 01:06:21Z",
      "mag_author" : null,
      "longitude" : 15.4263,
      "contributor_id" : null
    },
    "geometry" : {
      "type" : "Point",
      "coordinates" : [ 15.4263, 38.3053 ]
    },
    "id" : "45760032"
  }, {
    "type" : "Feature",
    "properties" : {
      "depth_km" : 9.961,
      "author" : "SURVEY-INGV-A",
      "catalog" : null,
      "latitude" : 45.8631,
      "event_id" : 45776922,
      "contributor" : null,
      "mag_type" : "mb",
      "event_location_name" : "Serbia [Land]",
      "magnitude" : 4.5,
      "time" : "2026-05-05 00:35:52Z",
      "mag_author" : null,
      "longitude" : 19.0894,
      "contributor_id" : null
    },
    "geometry" : {
      "type" : "Point",
      "coordinates" : [ 19.0894, 45.8631 ]
    },
    "id" : "45776922"
  }, {
    "type" : "Feature",
    "properties" : {
      "depth_km" : 9.961,
      "author" : "SURVEY-INGV-A",
      "catalog" : null,
      "latitude" : 45.8631,
      "event_id" : 45432291,
      "contributor" : null,
      "mag_type" : "mb",
      "event_location_name" : "Serbia [Land]",
      "magnitude" : 4.5,
      "time" : "2026-05-05 00:35:52Z",
      "mag_author" : null,
      "longitude" : 19.0894,
      "contributor_id" : null
    },
    "geometry" : {
      "type" : "Point",
      "coordinates" : [ 19.0894, 45.8631 ]
    },
    "id" : "45432291"
  }, {
    "type" : "Feature",
    "properties" : {
      "depth_km" : 35.4,
      "author" : "SURVEY-INGV",
      "catalog" : null,
      "latitude" : 39.0412,
      "event_id" : 45759982,
      "contributor" : null,
      "mag_type" : "ML",
      "event_location_name" : "4 km NW Sersale (CZ)",
      "magnitude" : 1.3,
      "time" : "2026-05-05 00:25:18Z",
      "mag_author" : null,
      "longitude" : 16.7017,
      "contributor_id" : null
    },
    "geometry" : {
      "type" : "Point",
      "coordinates" : [ 16.7017, 39.0412 ]
    },
    "id" : "45759982"
  }, {
    "type" : "Feature",
    "properties" : {
      "depth_km" : 13.1,
      "author" : "SURVEY-INGV",
      "catalog" : null,
      "latitude" : 44.6113,
      "event_id" : 45759892,
      "contributor" : null,
      "mag_type" : "ML",
      "event_location_name" : "5 km NW Frassino (CN)",
      "magnitude" : 0.7,
      "time" : "2026-05-04 23:40:40Z",
      "mag_author" : null,
      "longitude" : 7.2415,
      "contributor_id" : null
    },
    "geometry" : {
      "type" : "Point",
      "coordinates" : [ 7.2415, 44.6113 ]
    },
    "id" : "45759892"
  }, {
    "type" : "Feature",
    "properties" : {
      "depth_km" : 6.85,
      "author" : "SURVEY-INGV-CT#SeismPicker_SO-OE",
      "catalog" : null,
      "latitude" : 37.743,
      "event_id" : 45759872,
      "contributor" : null,
      "mag_type" : "ML",
      "event_location_name" : "4 km NW Milo (CT)",
      "magnitude" : 1.0,
      "time" : "2026-05-04 23:28:53Z",
      "mag_author" : null,
      "longitude" : 15.074,
      "contributor_id" : null
    },
    "geometry" : {
      "type" : "Point",
      "coordinates" : [ 15.074, 37.743 ]
    },
    "id" : "45759872"
  }, {
    "type" : "Feature",
    "properties" : {
      "depth_km" : 34.0,
      "author" : "SURVEY-INGV",
      "catalog" : null,
      "latitude" : 39.0683,
      "event_id" : 45759752,
      "contributor" : null,
      "mag_type" : "ML",
      "event_location_name" : "7 km NE Magisano (CZ)",
      "magnitude" : 1.9,
      "time" : "2026-05-04 22:18:47Z",
      "mag_author" : null,
      "longitude" : 16.6718,
      "contributor_id" : null
    },
    "geometry" : {
      "type" : "Point",
      "coordinates" : [ 16.6718, 39.0683 ]
    },
    "id" : "45759752"
  }, {
    "type" : "Feature",
    "properties" : {
      "depth_km" : 34.0,
      "author" : "SURVEY-INGV",
      "catalog" : null,
      "latitude" : 39.0683,
      "event_id" : 45759752,
      "contributor" : null,
      "mag_type" : "ML",
      "event_location_name" : "7 km NE Magisano (CZ)",
      "magnitude" : 1.9,
      "time" : "2026-05-04 22:18:47Z",
      "mag_author" : null,
      "longitude" : 16.6718,
      "contributor_id" : null
    },
    "geometry" : {
      "type" : "Point",
      "coordinates" : [ 16.6718, 39.0683 ]
    },
    "id" : "45759752"
  }, {
    "type" : "Feature",
    "properties" : {
      "depth_km" : 11.2,
      "author" : "SURVEY-INGV",
      "catalog" : null,
      "latitude" : 38.1338,
      "event_id" : 45759652,
      "contributor" : null,
      "mag_type" : "ML",
      "event_location_name" : "Costa Siciliana nord-orientale (Messina)",
      "magnitude" : 1.5,
      "time" : "2026-05-04 21:58:30Z",
      "mag_author" : null,
      "longitude" : 15.0908,
      "contributor_id" : null
    },
    "geometry" : {
      "type" : "Point",
      "coordinates" : [ 15.0908, 38.1338 ]
    },
    "id" : "45759652"
  }, {
    "type" : "Feature",
    "properties" : {
      "depth_km" : 9.3,
      "author" : "SURVEY-INGV",
      "catalog" : null,
      "latitude" : 43.5802,
      "event_id" : 45759562,
      "contributor" : null,
      "mag_type" : "ML",
      "event_location_name" : "1 km NW Sansepolcro (AR)",
      "magnitude" : 1.8,
      "time" : "2026-05-04 21:28:14Z",
      "mag_author" : null,
      "longitude" : 12.1357,
      "contributor_id" : null
    },
    "geometry" : {
      "type" : "Point",
      "coordinates" : [ 12.1357, 43.5802 ]
    },
    "id" : "45759562"
  }, {
    "type" : "Feature",
    "properties" : {
      "depth_km" : 9.3,
      "author" : "SURVEY-INGV",
      "catalog" : null,
      "latitude" : 43.5802,
      "event_id" : 45759562,
      "contributor" : null,
      "mag_type" : "ML",
      "event_location_name" : "1 km NW Sansepolcro (AR)",
      "magnitude" : 1.8,
      "time" : "2026-05-04 21:28:14Z",
      "mag_author" : null,
      "longitude" : 12.1357,
      "contributor_id" : null
    },
    "geometry" : {
      "type" : "Point",
      "coordinates" : [ 12.1357, 43.5802 ]
    },
    "id" : "45759562"
  }, {
    "type" : "Feature",
    "properties" : {
      "depth_km" : 0.2,
      "author" : "SURVEY-INGV",
      "catalog" : null,
      "latitude" : 43.4218,
      "event_id" : 45759482,
      "contributor" : null,
      "mag_type" : "ML",
      "event_location_name" : "3 km E Genga (AN)",
      "magnitude" : 0.3,
      "time" : "2026-05-04 20:38:55Z",
      "mag_author" : null,
      "longitude" : 12.9742,
      "contributor_id" : null
    },
    "geometry" : {
      "type" : "Point",
      "coordinates" : [ 12.9742, 43.4218 ]
    },
    "id" : "45759482"
  }, {
    "type" : "Feature",
    "properties" : {
      "depth_km" : 10.8,
      "author" : "SURVEY-INGV",
      "catalog" : null,
      "latitude" : 42.8572,
      "event_id" : 45759292,
      "contributor" : null,
      "mag_type" : "ML",
      "event_location_name" : "4 km S Sellano (PG)",
      "magnitude" : 0.5,
      "time" : "2026-05-04 19:19:28Z",
      "mag_author" : null,
      "longitude" : 12.9145,
      "contributor_id" : null
    },
    "geometry" : {
      "type" : "Point",
      "coordinates" : [ 12.9145, 42.8572 ]
    },
    "id" : "45759292"
  }, {
    "type" : "Feature",
    "properties" : {
      "depth_km" : 38.0,
      "author" : "SURVEY-INGV",
      "catalog" : null,
      "latitude" : 37.8533,
      "event_id" : 45759242,
      "contributor" : null,
      "mag_type" : "ML",
      "event_location_name" : "6 km NE Cerami (EN)",
      "magnitude" : 1.5,
      "time" : "2026-05-04 19:13:10Z",
      "mag_author" : null,
      "longitude" : 14.5462,
      "contributor_id" : null
    },
    "geometry" : {
      "type" : "Point",
      "coordinates" : [ 14.5462, 37.8533 ]
    },
    "id" : "45759242"
  }, {
    "type" : "Feature",
    "properties" : {
      "depth_km" : 11.4,
      "author" : "SURVEY-INGV",
      "catalog" : null,
      "latitude" : 43.2427,
      "event_id" : 45759102,
      "contributor" : null,
      "mag_type" : "ML",
      "event_location_name" : "6 km E Gualdo Tadino (PG)",
      "magnitude" : 0.6,
      "time" : "2026-05-04 18:13:54Z",
      "mag_author" : null,
      "longitude" : 12.8577,
      "contributor_id" : null
    },
    "geometry" : {
      "type" : "Point",
      "coordinates" : [ 12.8577, 43.2427 ]
    },
    "id" : "45759102"
  }, {
    "type" : "Feature",
    "properties" : {
      "depth_km" : 10.1,
      "author" : "SURVEY-INGV",
      "catalog" : null,
      "latitude" : 42.9075,
      "event_id" : 45758932,
      "contributor" : null,
      "mag_type" : "ML",
      "event_location_name" : "4 km NW Preci (PG)",
      "magnitude" : 0.6,
      "time" : "2026-05-04 17:36:26Z",
      "mag_author" : null,
      "longitude" : 13.0183,
      "contributor_id" : null
    },
    "geometry" : {
      "type" : "Point",
      "coordinates" : [ 13.0183, 42.9075 ]
    },
    "id" : "45758932"
  }, {
    "type" : "Feature",
    "properties" : {
      "depth_km" : 9.8,
      "author" : "SURVEY-INGV",
      "catalog" : null,
      "latitude" : 42.7772,
      "event_id" : 45758522,
      "contributor" : null,
      "mag_type" : "ML",
      "event_location_name" : "5 km E Norcia (PG)",
      "magnitude" : 1.6,
      "time" : "2026-05-04 16:38:06Z",
      "mag_author" : null,
      "longitude" : 13.1478,
      "contributor_id" : null
    },
    "geometry" : {
      "type" : "Point",
      "coordinates" : [ 13.1478, 42.7772 ]
    },
    "id" : "45758522"
  }, {
    "type" : "Feature",
    "properties" : {
      "depth_km" : 9.5,
      "author" : "SURVEY-INGV",
      "catalog" : null,
      "latitude" : 42.8233,
      "event_id" : 45758112,
      "contributor" : null,
      "mag_type" : "ML",
      "event_location_name" : "5 km NE Norcia (PG)",
      "magnitude" : 1.2,
      "time" : "2026-05-04 15:47:12Z",
      "mag_author" : null,
      "longitude" : 13.1317,
      "contributor_id" : null
    },
    "geometry" : {
      "type" : "Point",
      "coordinates" : [ 13.1317, 42.8233 ]
    },
    "id" : "45758112"
  }, {
    "type" : "Feature",
    "properties" : {
      "depth_km" : 14.844,
      "author" : "SURVEY-INGV-A",
      "catalog" : null,
      "latitude" : 16.7555,
      "event_id" : 45757852,
      "contributor" : null,
      "mag_type" : "Mwp",
      "event_location_name" : "Oaxaca, Mexico [Land: Mexico]",
      "magnitude" : 5.8,
      "time" : "2026-05-04 15:19:28Z",
      "mag_author" : null,
      "longitude" : -97.9102,
      "contributor_id" : null
    },
    "geometry" : {
      "type" : "Point",
      "coordinates" : [ -97.9102, 16.7555 ]
    },
    "id" : "45757852"
  }, {
    "type" : "Feature",
    "properties" : {
      "depth_km" : 17.6,
      "author" : "SURVEY-INGV",
      "catalog" : null,
      "latitude" : 42.8925,
      "event_id" : 45757672,
      "contributor" : null,
      "mag_type" : "ML",
      "event_location_name" : "7 km W Montemonaco (AP)",
      "magnitude" : 1.4,
      "time" : "2026-05-04 14:58:04Z",
      "mag_author" : null,
      "longitude" : 13.2437,
      "contributor_id" : null
    },
    "geometry" : {
      "type" : "Point",
      "coordinates" : [ 13.2437, 42.8925 ]
    },
    "id" : "45757672"
  }, {
    "type" : "Feature",
    "properties" : {
      "depth_km" : 6.1,
      "author" : "SURVEY-INGV",
      "catalog" : null,
      "latitude" : 43.4885,
      "event_id" : 45757462,
      "contributor" : null,
      "mag_type" : "ML",
      "event_location_name" : "5 km N Pietralunga (PG)",
      "magnitude" : 1.1,
      "time" : "2026-05-04 14:33:48Z",
      "mag_author" : null,
      "longitude" : 12.4325,
      "contributor_id" : null
    },
    "geometry" : {
      "type" : "Point",
      "coordinates" : [ 12.4325, 43.4885 ]
    },
    "id" : "45757462"
  }, {
    "type" : "Feature",
    "properties" : {
      "depth_km" : 11.4,
      "author" : "SURVEY-INGV",
      "catalog" : null,
      "latitude" : 42.4522,
      "event_id" : 45756852,
      "contributor" : null,
      "mag_type" : "ML",
      "event_location_name" : "2 km NE Pizzoli (AQ)",
      "magnitude" : 1.4,
      "time" : "2026-05-04 13:22:02Z",
      "mag_author" : null,
      "longitude" : 13.3063,
      "contributor_id" : null
    },
    "geometry" : {
      "type" : "Point",
      "coordinates" : [ 13.3063, 42.4522 ]
    },
    "id" : "45756852"
  }, {
    "type" : "Feature",
    "properties" : {
      "depth_km" : 11.8,
      "author" : "SURVEY-INGV",
      "catalog" : null,
      "latitude" : 43.3542,
      "event_id" : 45756582,
      "contributor" : null,
      "mag_type" : "ML",
      "event_location_name" : "3 km NE Sigillo (PG)",
      "magnitude" : 0.4,
      "time" : "2026-05-04 12:53:02Z",
      "mag_author" : null,
      "longitude" : 12.761,
      "contributor_id" : null
    },
    "geometry" : {
      "type" : "Point",
      "coordinates" : [ 12.761, 43.3542 ]
    },
    "id" : "45756582"
  }, {
    "type" : "Feature",
    "properties" : {
      "depth_km" : 33.4,
      "author" : "SURVEY-INGV",
      "catalog" : null,
      "latitude" : 39.0577,
      "event_id" : 45755992,
      "contributor" : null,
      "mag_type" : "ML",
      "event_location_name" : "6 km NW Sersale (CZ)",
      "magnitude" : 1.4,
      "time" : "2026-05-04 11:49:34Z",
      "mag_author" : null,
      "longitude" : 16.6815,
      "contributor_id" : null
    },
    "geometry" : {
      "type" : "Point",
      "coordinates" : [ 16.6815, 39.0577 ]
    },
    "id" : "45755992"
  }, {
    "type" : "Feature",
    "properties" : {
      "depth_km" : 28.7,
      "author" : "SURVEY-INGV",
      "catalog" : null,
      "latitude" : 37.6163,
      "event_id" : 45755132,
      "contributor" : null,
      "mag_type" : "ML",
      "event_location_name" : "Mar Ionio Settentrionale [Mare]",
      "magnitude" : 2.5,
      "time" : "2026-05-04 10:51:26Z",
      "mag_author" : null,
      "longitude" : 16.3373,
      "contributor_id" : null
    },
    "geometry" : {
      "type" : "Point",
      "coordinates" : [ 16.3373, 37.6163 ]
    },
    "id" : "45755132"
  }, {
    "type" : "Feature",
    "properties" : {
      "depth_km" : 29.5,
      "author" : "SURVEY-INGV",
      "catalog" : null,
      "latitude" : 44.3448,
      "event_id" : 45754412,
      "contributor" : null,
      "mag_type" : "ML",
      "event_location_name" : "4 km E Pavullo nel Frignano (MO)",
      "magnitude" : 2.3,
      "time" : "2026-05-04 09:38:23Z",
      "mag_author" : null,
      "longitude" : 10.8833,
      "contributor_id" : null
    },
    "geometry" : {
      "type" : "Point",
      "coordinates" : [ 10.8833, 44.3448 ]
    },
    "id" : "45754412"
  }, {
    "type" : "Feature",
    "properties" : {
      "depth_km" : 8.1,
      "author" : "SURVEY-INGV",
      "catalog" : null,
      "latitude" : 42.9683,
      "event_id" : 45754002,
      "contributor" : null,
      "mag_type" : "ML",
      "event_location_name" : "3 km NE Ussita (MC)",
      "magnitude" : 1.2,
      "time" : "2026-05-04 08:58:57Z",
      "mag_author" : null,
      "longitude" : 13.1537,
      "contributor_id" : null
    },
    "geometry" : {
      "type" : "Point",
      "coordinates" : [ 13.1537, 42.9683 ]
    },
    "id" : "45754002"
  }, {
    "type" : "Feature",
    "properties" : {
      "depth_km" : 5.3,
      "author" : "SURVEY-INGV",
      "catalog" : null,
      "latitude" : 43.01,
      "event_id" : 45752962,
      "contributor" : null,
      "mag_type" : "ML",
      "event_location_name" : "3 km NE Monte Cavallo (MC)",
      "magnitude" : 1.4,
      "time" : "2026-05-04 07:33:39Z",
      "mag_author" : null,
      "longitude" : 13.0307,
      "contributor_id" : null
    },
    "geometry" : {
      "type" : "Point",
      "coordinates" : [ 13.0307, 43.01 ]
    },
    "id" : "45752962"
  }, {
    "type" : "Feature",
    "properties" : {
      "depth_km" : 13.8,
      "author" : "SURVEY-INGV",
      "catalog" : null,
      "latitude" : 42.5592,
      "event_id" : 45752872,
      "contributor" : null,
      "mag_type" : "ML",
      "event_location_name" : "1 km W Campotosto (AQ)",
      "magnitude" : 1.0,
      "time" : "2026-05-04 07:29:01Z",
      "mag_author" : null,
      "longitude" : 13.3592,
      "contributor_id" : null
    },
    "geometry" : {
      "type" : "Point",
      "coordinates" : [ 13.3592, 42.5592 ]
    },
    "id" : "45752872"
  }, {
    "type" : "Feature",
    "properties" : {
      "depth_km" : 9.7,
      "author" : "SURVEY-INGV",
      "catalog" : null,
      "latitude" : 42.94,
      "event_id" : 45752752,
      "contributor" : null,
      "mag_type" : "ML",
      "event_location_name" : "4 km W Visso (MC)",
      "magnitude" : 1.5,
      "time" : "2026-05-04 07:23:56Z",
      "mag_author" : null,
      "longitude" : 13.0473,
      "contributor_id" : null
    },
    "geometry" : {
      "type" : "Point",
      "coordinates" : [ 13.0473, 42.94 ]
    },
    "id" : "45752752"
  }, {
    "type" : "Feature",
    "properties" : {
      "depth_km" : 12.3,
      "author" : "SURVEY-INGV",
      "catalog" : null,
      "latitude" : 43.3688,
      "event_id" : 45752442,
      "contributor" : null,
      "mag_type" : "ML",
      "event_location_name" : "3 km NW Gubbio (PG)",
      "magnitude" : 1.3,
      "time" : "2026-05-04 07:00:44Z",
      "mag_author" : null,
      "longitude" : 12.5478,
      "contributor_id" : null
    },
    "geometry" : {
      "type" : "Point",
      "coordinates" : [ 12.5478, 43.3688 ]
    },
    "id" : "45752442"
  }, {
    "type" : "Feature",
    "properties" : {
      "depth_km" : 10.5,
      "author" : "SURVEY-INGV",
      "catalog" : null,
      "latitude" : 42.9927,
      "event_id" : 45752132,
      "contributor" : null,
      "mag_type" : "ML",
      "event_location_name" : "5 km S Fiordimonte (MC)",
      "magnitude" : 0.5,
      "time" : "2026-05-04 06:15:21Z",
      "mag_author" : null,
      "longitude" : 13.09,
      "contributor_id" : null
    },
    "geometry" : {
      "type" : "Point",
      "coordinates" : [ 13.09, 42.9927 ]
    },
    "id" : "45752132"
  }, {
    "type" : "Feature",
    "properties" : {
      "depth_km" : 86.719,
      "author" : "SURVEY-INGV-A",
      "catalog" : null,
      "latitude" : 11.6367,
      "event_id" : 45752122,
      "contributor" : null,
      "mag_type" : "Mwp",
      "event_location_name" : "Philippines [Land]",
      "magnitude" : 5.9,
      "time" : "2026-05-04 06:09:52Z",
      "mag_author" : null,
      "longitude" : 125.459,
      "contributor_id" : null
    },
    "geometry" : {
      "type" : "Point",
      "coordinates" : [ 125.459, 11.6367 ]
    },
    "id" : "45752122"
  }, {
    "type" : "Feature",
    "properties" : {
      "depth_km" : 39.9,
      "author" : "SURVEY-INGV",
      "catalog" : null,
      "latitude" : 42.1498,
      "event_id" : 45751672,
      "contributor" : null,
      "mag_type" : "ML",
      "event_location_name" : "3 km N Corfinio (AQ)",
      "magnitude" : 1.7,
      "time" : "2026-05-04 05:07:11Z",
      "mag_author" : null,
      "longitude" : 13.8545,
      "contributor_id" : null
    },
    "geometry" : {
      "type" : "Point",
      "coordinates" : [ 13.8545, 42.1498 ]
    },
    "id" : "45751672"
  }, {
    "type" : "Feature",
    "properties" : {
      "depth_km" : 11.2,
      "author" : "SURVEY-INGV",
      "catalog" : null,
      "latitude" : 45.9212,
      "event_id" : 45751612,
      "contributor" : null,
      "mag_type" : "ML",
      "event_location_name" : "2 km SE Calliano (TN)",
      "magnitude" : 1.0,
      "time" : "2026-05-04 05:06:42Z",
      "mag_author" : null,
      "longitude" : 11.11,
      "contributor_id" : null
    },
    "geometry" : {
      "type" : "Point",
      "coordinates" : [ 11.11, 45.9212 ]
    },
    "id" : "45751612"
  }, {
    "type" : "Feature",
    "properties" : {
      "depth_km" : 34.0,
      "author" : "SURVEY-INGV",
      "catalog" : null,
      "latitude" : 39.0113,
      "event_id" : 45751562,
      "contributor" : null,
      "mag_type" : "ML",
      "event_location_name" : "2 km W Sersale (CZ)",
      "magnitude" : 1.4,
      "time" : "2026-05-04 05:02:04Z",
      "mag_author" : null,
      "longitude" : 16.6988,
      "contributor_id" : null
    },
    "geometry" : {
      "type" : "Point",
      "coordinates" : [ 16.6988, 39.0113 ]
    },
    "id" : "45751562"
  }, {
    "type" : "Feature",
    "properties" : {
      "depth_km" : 13.3,
      "author" : "SURVEY-INGV",
      "catalog" : null,
      "latitude" : 42.5813,
      "event_id" : 45751432,
      "contributor" : null,
      "mag_type" : "ML",
      "event_location_name" : "6 km SE Cittareale (RI)",
      "magnitude" : 1.0,
      "time" : "2026-05-04 04:31:39Z",
      "mag_author" : null,
      "longitude" : 13.2103,
      "contributor_id" : null
    },
    "geometry" : {
      "type" : "Point",
      "coordinates" : [ 13.2103, 42.5813 ]
    },
    "id" : "45751432"
  }, {
    "type" : "Feature",
    "properties" : {
      "depth_km" : 5.9,
      "author" : "SURVEY-INGV",
      "catalog" : null,
      "latitude" : 38.1307,
      "event_id" : 45751362,
      "contributor" : null,
      "mag_type" : "ML",
      "event_location_name" : "Costa Siciliana nord-orientale (Messina)",
      "magnitude" : 1.4,
      "time" : "2026-05-04 04:13:22Z",
      "mag_author" : null,
      "longitude" : 15.0787,
      "contributor_id" : null
    },
    "geometry" : {
      "type" : "Point",
      "coordinates" : [ 15.0787, 38.1307 ]
    },
    "id" : "45751362"
  }, {
    "type" : "Feature",
    "properties" : {
      "depth_km" : 10.6,
      "author" : "SURVEY-INGV",
      "catalog" : null,
      "latitude" : 42.8627,
      "event_id" : 45751272,
      "contributor" : null,
      "mag_type" : "ML",
      "event_location_name" : "5 km E Preci (PG)",
      "magnitude" : 0.8,
      "time" : "2026-05-04 03:32:22Z",
      "mag_author" : null,
      "longitude" : 13.0915,
      "contributor_id" : null
    },
    "geometry" : {
      "type" : "Point",
      "coordinates" : [ 13.0915, 42.8627 ]
    },
    "id" : "45751272"
  }, {
    "type" : "Feature",
    "properties" : {
      "depth_km" : 11.0,
      "author" : "SURVEY-INGV",
      "catalog" : null,
      "latitude" : 42.5502,
      "event_id" : 45751112,
      "contributor" : null,
      "mag_type" : "ML",
      "event_location_name" : "6 km NW Posta (RI)",
      "magnitude" : 0.9,
      "time" : "2026-05-04 03:01:06Z",
      "mag_author" : null,
      "longitude" : 13.0355,
      "contributor_id" : null
    },
    "geometry" : {
      "type" : "Point",
      "coordinates" : [ 13.0355, 42.5502 ]
    },
    "id" : "45751112"
  }, {
    "type" : "Feature",
    "properties" : {
      "depth_km" : 10.1,
      "author" : "SURVEY-INGV",
      "catalog" : null,
      "latitude" : 42.8598,
      "event_id" : 45751072,
      "contributor" : null,
      "mag_type" : "ML",
      "event_location_name" : "4 km SE Preci (PG)",
      "magnitude" : 0.9,
      "time" : "2026-05-04 02:56:24Z",
      "mag_author" : null,
      "longitude" : 13.0858,
      "contributor_id" : null
    },
    "geometry" : {
      "type" : "Point",
      "coordinates" : [ 13.0858, 42.8598 ]
    },
    "id" : "45751072"
  }, {
    "type" : "Feature",
    "properties" : {
      "depth_km" : 11.7,
      "author" : "SURVEY-INGV",
      "catalog" : null,
      "latitude" : 44.3032,
      "event_id" : 45751022,
      "contributor" : null,
      "mag_type" : "ML",
      "event_location_name" : "2 km SE Demonte (CN)",
      "magnitude" : 1.2,
      "time" : "2026-05-04 02:32:05Z",
      "mag_author" : null,
      "longitude" : 7.3183,
      "contributor_id" : null
    },
    "geometry" : {
      "type" : "Point",
      "coordinates" : [ 7.3183, 44.3032 ]
    },
    "id" : "45751022"
  }, {
    "type" : "Feature",
    "properties" : {
      "depth_km" : 31.2,
      "author" : "SURVEY-INGV",
      "catalog" : null,
      "latitude" : 38.5737,
      "event_id" : 45750972,
      "contributor" : null,
      "mag_type" : "ML",
      "event_location_name" : "Tirreno Meridionale [Mare]",
      "magnitude" : 2.9,
      "time" : "2026-05-04 02:18:29Z",
      "mag_author" : null,
      "longitude" : 13.2487,
      "contributor_id" : null
    },
    "geometry" : {
      "type" : "Point",
      "coordinates" : [ 13.2487, 38.5737 ]
    },
    "id" : "45750972"
  }, {
    "type" : "Feature",
    "properties" : {
      "depth_km" : 25.3,
      "author" : "SURVEY-INGV",
      "catalog" : null,
      "latitude" : 41.7628,
      "event_id" : 45750862,
      "contributor" : null,
      "mag_type" : "ML",
      "event_location_name" : "8 km SE Cagnano Varano (FG)",
      "magnitude" : 0.9,
      "time" : "2026-05-04 00:55:33Z",
      "mag_author" : null,
      "longitude" : 15.8127,
      "contributor_id" : null
    },
    "geometry" : {
      "type" : "Point",
      "coordinates" : [ 15.8127, 41.7628 ]
    },
    "id" : "45750862"
  }, {
    "type" : "Feature",
    "properties" : {
      "depth_km" : 8.4,
      "author" : "SURVEY-INGV",
      "catalog" : null,
      "latitude" : 42.8478,
      "event_id" : 45750842,
      "contributor" : null,
      "mag_type" : "ML",
      "event_location_name" : "8 km SE Castelsantangelo sul Nera (MC)",
      "magnitude" : 0.9,
      "time" : "2026-05-04 00:37:13Z",
      "mag_author" : null,
      "longitude" : 13.2267,
      "contributor_id" : null
    },
    "geometry" : {
      "type" : "Point",
      "coordinates" : [ 13.2267, 42.8478 ]
    },
    "id" : "45750842"
  }, {
    "type" : "Feature",
    "properties" : {
      "depth_km" : 9.6,
      "author" : "SURVEY-INGV",
      "catalog" : null,
      "latitude" : 42.4218,
      "event_id" : 45750792,
      "contributor" : null,
      "mag_type" : "ML",
      "event_location_name" : "3 km E Contigliano (RI)",
      "magnitude" : 0.8,
      "time" : "2026-05-03 23:46:36Z",
      "mag_author" : null,
      "longitude" : 12.7968,
      "contributor_id" : null
    },
    "geometry" : {
      "type" : "Point",
      "coordinates" : [ 12.7968, 42.4218 ]
    },
    "id" : "45750792"
  }, {
    "type" : "Feature",
    "properties" : {
      "depth_km" : 10.4,
      "author" : "SURVEY-INGV",
      "catalog" : null,
      "latitude" : 42.4225,
      "event_id" : 45750742,
      "contributor" : null,
      "mag_type" : "ML",
      "event_location_name" : "2 km NE Contigliano (RI)",
      "magnitude" : 0.8,
      "time" : "2026-05-03 23:45:57Z",
      "mag_author" : null,
      "longitude" : 12.7915,
      "contributor_id" : null
    },
    "geometry" : {
      "type" : "Point",
      "coordinates" : [ 12.7915, 42.4225 ]
    },
    "id" : "45750742"
  }, {
    "type" : "Feature",
    "properties" : {
      "depth_km" : 12.0,
      "author" : "SURVEY-INGV",
      "catalog" : null,
      "latitude" : 42.4583,
      "event_id" : 45750672,
      "contributor" : null,
      "mag_type" : "ML",
      "event_location_name" : "3 km E Barete (AQ)",
      "magnitude" : 1.9,
      "time" : "2026-05-03 23:03:18Z",
      "mag_author" : null,
      "longitude" : 13.3148,
      "contributor_id" : null
    },
    "geometry" : {
      "type" : "Point",
      "coordinates" : [ 13.3148, 42.4583 ]
    },
    "id" : "45750672"
  }, {
    "type" : "Feature",
    "properties" : {
      "depth_km" : 34.5,
      "author" : "SURVEY-INGV",
      "catalog" : null,
      "latitude" : 37.8198,
      "event_id" : 45750612,
      "contributor" : null,
      "mag_type" : "ML",
      "event_location_name" : "4 km N Troina (EN)",
      "magnitude" : 1.6,
      "time" : "2026-05-03 22:45:13Z",
      "mag_author" : null,
      "longitude" : 14.5972,
      "contributor_id" : null
    },
    "geometry" : {
      "type" : "Point",
      "coordinates" : [ 14.5972, 37.8198 ]
    },
    "id" : "45750612"
  }, {
    "type" : "Feature",
    "properties" : {
      "depth_km" : 3.9,
      "author" : "SURVEY-INGV",
      "catalog" : null,
      "latitude" : 42.9857,
      "event_id" : 45750552,
      "contributor" : null,
      "mag_type" : "ML",
      "event_location_name" : "3 km E Monte Cavallo (MC)",
      "magnitude" : 0.9,
      "time" : "2026-05-03 22:15:18Z",
      "mag_author" : null,
      "longitude" : 13.034,
      "contributor_id" : null
    },
    "geometry" : {
      "type" : "Point",
      "coordinates" : [ 13.034, 42.9857 ]
    },
    "id" : "45750552"
  }, {
    "type" : "Feature",
    "properties" : {
      "depth_km" : 3.9,
      "author" : "SURVEY-INGV",
      "catalog" : null,
      "latitude" : 42.9857,
      "event_id" : 45750552,
      "contributor" : null,
      "mag_type" : "ML",
      "event_location_name" : "3 km E Monte Cavallo (MC)",
      "magnitude" : 0.9,
      "time" : "2026-05-03 22:15:18Z",
      "mag_author" : null,
      "longitude" : 13.034,
      "contributor_id" : null
    },
    "geometry" : {
      "type" : "Point",
      "coordinates" : [ 13.034, 42.9857 ]
    },
    "id" : "45750552"
  }, {
    "type" : "Feature",
    "properties" : {
      "depth_km" : 6.9,
      "author" : "SURVEY-INGV",
      "catalog" : null,
      "latitude" : 38.7188,
      "event_id" : 45750482,
      "contributor" : null,
      "mag_type" : "ML",
      "event_location_name" : "1 km S Olivadi (CZ)",
      "magnitude" : 1.1,
      "time" : "2026-05-03 21:02:14Z",
      "mag_author" : null,
      "longitude" : 16.4223,
      "contributor_id" : null
    },
    "geometry" : {
      "type" : "Point",
      "coordinates" : [ 16.4223, 38.7188 ]
    },
    "id" : "45750482"
  }, {
    "type" : "Feature",
    "properties" : {
      "depth_km" : 36.2,
      "author" : "SURVEY-INGV",
      "catalog" : null,
      "latitude" : 39.1937,
      "event_id" : 45750462,
      "contributor" : null,
      "mag_type" : "ML",
      "event_location_name" : "11 km SE Strongoli (KR)",
      "magnitude" : 1.5,
      "time" : "2026-05-03 20:59:07Z",
      "mag_author" : null,
      "longitude" : 17.1353,
      "contributor_id" : null
    },
    "geometry" : {
      "type" : "Point",
      "coordinates" : [ 17.1353, 39.1937 ]
    },
    "id" : "45750462"
  }, {
    "type" : "Feature",
    "properties" : {
      "depth_km" : 36.2,
      "author" : "SURVEY-INGV",
      "catalog" : null,
      "latitude" : 39.1937,
      "event_id" : 45750462,
      "contributor" : null,
      "mag_type" : "ML",
      "event_location_name" : "11 km SE Strongoli (KR)",
      "magnitude" : 1.5,
      "time" : "2026-05-03 20:59:07Z",
      "mag_author" : null,
      "longitude" : 17.1353,
      "contributor_id" : null
    },
    "geometry" : {
      "type" : "Point",
      "coordinates" : [ 17.1353, 39.1937 ]
    },
    "id" : "45750462"
  }, {
    "type" : "Feature",
    "properties" : {
      "depth_km" : 8.2,
      "author" : "SURVEY-INGV",
      "catalog" : null,
      "latitude" : 38.7237,
      "event_id" : 45750272,
      "contributor" : null,
      "mag_type" : "ML",
      "event_location_name" : "1 km N Cenadi (CZ)",
      "magnitude" : 2.6,
      "time" : "2026-05-03 20:29:32Z",
      "mag_author" : null,
      "longitude" : 16.4102,
      "contributor_id" : null
    },
    "geometry" : {
      "type" : "Point",
      "coordinates" : [ 16.4102, 38.7237 ]
    },
    "id" : "45750272"
  }, {
    "type" : "Feature",
    "properties" : {
      "depth_km" : 8.2,
      "author" : "SURVEY-INGV",
      "catalog" : null,
      "latitude" : 38.7237,
      "event_id" : 45750272,
      "contributor" : null,
      "mag_type" : "ML",
      "event_location_name" : "1 km N Cenadi (CZ)",
      "magnitude" : 2.6,
      "time" : "2026-05-03 20:29:32Z",
      "mag_author" : null,
      "longitude" : 16.4102,
      "contributor_id" : null
    },
    "geometry" : {
      "type" : "Point",
      "coordinates" : [ 16.4102, 38.7237 ]
    },
    "id" : "45750272"
  }, {
    "type" : "Feature",
    "properties" : {
      "depth_km" : 9.2,
      "author" : "SURVEY-INGV",
      "catalog" : null,
      "latitude" : 43.4352,
      "event_id" : 45750202,
      "contributor" : null,
      "mag_type" : "ML",
      "event_location_name" : "3 km E Pietralunga (PG)",
      "magnitude" : 1.0,
      "time" : "2026-05-03 19:33:34Z",
      "mag_author" : null,
      "longitude" : 12.4743,
      "contributor_id" : null
    },
    "geometry" : {
      "type" : "Point",
      "coordinates" : [ 12.4743, 43.4352 ]
    },
    "id" : "45750202"
  }, {
    "type" : "Feature",
    "properties" : {
      "depth_km" : 9.2,
      "author" : "SURVEY-INGV",
      "catalog" : null,
      "latitude" : 43.4352,
      "event_id" : 45750202,
      "contributor" : null,
      "mag_type" : "ML",
      "event_location_name" : "3 km E Pietralunga (PG)",
      "magnitude" : 1.0,
      "time" : "2026-05-03 19:33:34Z",
      "mag_author" : null,
      "longitude" : 12.4743,
      "contributor_id" : null
    },
    "geometry" : {
      "type" : "Point",
      "coordinates" : [ 12.4743, 43.4352 ]
    },
    "id" : "45750202"
  }, {
    "type" : "Feature",
    "properties" : {
      "depth_km" : 9.2,
      "author" : "SURVEY-INGV",
      "catalog" : null,
      "latitude" : 42.9707,
      "event_id" : 45750092,
      "contributor" : null,
      "mag_type" : "ML",
      "event_location_name" : "2 km NW Foligno (PG)",
      "magnitude" : 1.4,
      "time" : "2026-05-03 19:04:28Z",
      "mag_author" : null,
      "longitude" : 12.692,
      "contributor_id" : null
    },
    "geometry" : {
      "type" : "Point",
      "coordinates" : [ 12.692, 42.9707 ]
    },
    "id" : "45750092"
  }, {
    "type" : "Feature",
    "properties" : {
      "depth_km" : 10.0,
      "author" : "SURVEY-INGV",
      "catalog" : null,
      "latitude" : 40.808,
      "event_id" : 45750052,
      "contributor" : null,
      "mag_type" : "ML",
      "event_location_name" : "4 km NW Laviano (SA)",
      "magnitude" : 1.4,
      "time" : "2026-05-03 18:49:56Z",
      "mag_author" : null,
      "longitude" : 15.2732,
      "contributor_id" : null
    },
    "geometry" : {
      "type" : "Point",
      "coordinates" : [ 15.2732, 40.808 ]
    },
    "id" : "45750052"
  }, {
    "type" : "Feature",
    "properties" : {
      "depth_km" : 8.5,
      "author" : "SURVEY-INGV",
      "catalog" : null,
      "latitude" : 43.2075,
      "event_id" : 45749462,
      "contributor" : null,
      "mag_type" : "ML",
      "event_location_name" : "7 km SW Radicondoli (SI)",
      "magnitude" : 1.3,
      "time" : "2026-05-03 16:54:46Z",
      "mag_author" : null,
      "longitude" : 11.0053,
      "contributor_id" : null
    },
    "geometry" : {
      "type" : "Point",
      "coordinates" : [ 11.0053, 43.2075 ]
    },
    "id" : "45749462"
  }, {
    "type" : "Feature",
    "properties" : {
      "depth_km" : 12.4,
      "author" : "SURVEY-INGV",
      "catalog" : null,
      "latitude" : 43.4532,
      "event_id" : 45749272,
      "contributor" : null,
      "mag_type" : "ML",
      "event_location_name" : "7 km W Cantiano (PU)",
      "magnitude" : 0.9,
      "time" : "2026-05-03 16:40:29Z",
      "mag_author" : null,
      "longitude" : 12.544,
      "contributor_id" : null
    },
    "geometry" : {
      "type" : "Point",
      "coordinates" : [ 12.544, 43.4532 ]
    },
    "id" : "45749272"
  }, {
    "type" : "Feature",
    "properties" : {
      "depth_km" : 12.6,
      "author" : "SURVEY-INGV",
      "catalog" : null,
      "latitude" : 42.4722,
      "event_id" : 45749252,
      "contributor" : null,
      "mag_type" : "ML",
      "event_location_name" : "2 km NE Barete (AQ)",
      "magnitude" : 0.9,
      "time" : "2026-05-03 16:38:43Z",
      "mag_author" : null,
      "longitude" : 13.2927,
      "contributor_id" : null
    },
    "geometry" : {
      "type" : "Point",
      "coordinates" : [ 13.2927, 42.4722 ]
    },
    "id" : "45749252"
  }, {
    "type" : "Feature",
    "properties" : {
      "depth_km" : 10.8,
      "author" : "SURVEY-INGV",
      "catalog" : null,
      "latitude" : 42.7787,
      "event_id" : 45749152,
      "contributor" : null,
      "mag_type" : "ML",
      "event_location_name" : "7 km E Norcia (PG)",
      "magnitude" : 1.0,
      "time" : "2026-05-03 16:10:12Z",
      "mag_author" : null,
      "longitude" : 13.1798,
      "contributor_id" : null
    },
    "geometry" : {
      "type" : "Point",
      "coordinates" : [ 13.1798, 42.7787 ]
    },
    "id" : "45749152"
  }, {
    "type" : "Feature",
    "properties" : {
      "depth_km" : 11.0,
      "author" : "SURVEY-INGV",
      "catalog" : null,
      "latitude" : 39.09,
      "event_id" : 45747892,
      "contributor" : null,
      "mag_type" : "ML",
      "event_location_name" : "Costa Calabra nord-occidentale (Cosenza)",
      "magnitude" : 1.9,
      "time" : "2026-05-03 13:24:29Z",
      "mag_author" : null,
      "longitude" : 16.0258,
      "contributor_id" : null
    },
    "geometry" : {
      "type" : "Point",
      "coordinates" : [ 16.0258, 39.09 ]
    },
    "id" : "45747892"
  }, {
    "type" : "Feature",
    "properties" : {
      "depth_km" : 17.3,
      "author" : "SURVEY-INGV",
      "catalog" : null,
      "latitude" : 39.077,
      "event_id" : 45747812,
      "contributor" : null,
      "mag_type" : "ML",
      "event_location_name" : "4 km W Serra d'Aiello (CS)",
      "magnitude" : 2.0,
      "time" : "2026-05-03 13:24:24Z",
      "mag_author" : null,
      "longitude" : 16.0873,
      "contributor_id" : null
    },
    "geometry" : {
      "type" : "Point",
      "coordinates" : [ 16.0873, 39.077 ]
    },
    "id" : "45747812"
  }, {
    "type" : "Feature",
    "properties" : {
      "depth_km" : 17.5,
      "author" : "SURVEY-INGV",
      "catalog" : null,
      "latitude" : 39.0765,
      "event_id" : 45747772,
      "contributor" : null,
      "mag_type" : "ML",
      "event_location_name" : "Costa Calabra nord-occidentale (Cosenza)",
      "magnitude" : 1.8,
      "time" : "2026-05-03 13:24:14Z",
      "mag_author" : null,
      "longitude" : 16.0673,
      "contributor_id" : null
    },
    "geometry" : {
      "type" : "Point",
      "coordinates" : [ 16.0673, 39.0765 ]
    },
    "id" : "45747772"
  }, {
    "type" : "Feature",
    "properties" : {
      "depth_km" : 16.4,
      "author" : "SURVEY-INGV",
      "catalog" : null,
      "latitude" : 38.6927,
      "event_id" : 45747252,
      "contributor" : null,
      "mag_type" : "ML",
      "event_location_name" : "Tirreno Meridionale [Mare]",
      "magnitude" : 2.2,
      "time" : "2026-05-03 11:52:10Z",
      "mag_author" : null,
      "longitude" : 13.2823,
      "contributor_id" : null
    },
    "geometry" : {
      "type" : "Point",
      "coordinates" : [ 13.2823, 38.6927 ]
    },
    "id" : "45747252"
  }, {
    "type" : "Feature",
    "properties" : {
      "depth_km" : 8.1,
      "author" : "SURVEY-INGV",
      "catalog" : null,
      "latitude" : 46.1652,
      "event_id" : 45746962,
      "contributor" : null,
      "mag_type" : "ML",
      "event_location_name" : "2 km NW Grimacco (UD)",
      "magnitude" : 1.0,
      "time" : "2026-05-03 11:05:23Z",
      "mag_author" : null,
      "longitude" : 13.5782,
      "contributor_id" : null
    },
    "geometry" : {
      "type" : "Point",
      "coordinates" : [ 13.5782, 46.1652 ]
    },
    "id" : "45746962"
  }, {
    "type" : "Feature",
    "properties" : {
      "depth_km" : 5.5,
      "author" : "SURVEY-INGV",
      "catalog" : null,
      "latitude" : 43.4273,
      "event_id" : 45746862,
      "contributor" : null,
      "mag_type" : "ML",
      "event_location_name" : "3 km SW Serra San Quirico (AN)",
      "magnitude" : 0.4,
      "time" : "2026-05-03 10:44:05Z",
      "mag_author" : null,
      "longitude" : 12.9897,
      "contributor_id" : null
    },
    "geometry" : {
      "type" : "Point",
      "coordinates" : [ 12.9897, 43.4273 ]
    },
    "id" : "45746862"
  }, {
    "type" : "Feature",
    "properties" : {
      "depth_km" : 10.5,
      "author" : "SURVEY-INGV",
      "catalog" : null,
      "latitude" : 46.3533,
      "event_id" : 45746332,
      "contributor" : null,
      "mag_type" : "ML",
      "event_location_name" : "5 km SE Preone (UD)",
      "magnitude" : 0.6,
      "time" : "2026-05-03 09:32:30Z",
      "mag_author" : null,
      "longitude" : 12.8948,
      "contributor_id" : null
    },
    "geometry" : {
      "type" : "Point",
      "coordinates" : [ 12.8948, 46.3533 ]
    },
    "id" : "45746332"
  }, {
    "type" : "Feature",
    "properties" : {
      "depth_km" : 10.4,
      "author" : "SURVEY-INGV",
      "catalog" : null,
      "latitude" : 44.2933,
      "event_id" : 45746222,
      "contributor" : null,
      "mag_type" : "ML",
      "event_location_name" : "8 km N Forlì (FC)",
      "magnitude" : 1.2,
      "time" : "2026-05-03 09:15:48Z",
      "mag_author" : null,
      "longitude" : 12.0247,
      "contributor_id" : null
    },
    "geometry" : {
      "type" : "Point",
      "coordinates" : [ 12.0247, 44.2933 ]
    },
    "id" : "45746222"
  }, {
    "type" : "Feature",
    "properties" : {
      "depth_km" : 8.7,
      "author" : "SURVEY-INGV",
      "catalog" : null,
      "latitude" : 37.6703,
      "event_id" : 45745952,
      "contributor" : null,
      "mag_type" : "ML",
      "event_location_name" : "Costa Catanese (Catania)",
      "magnitude" : 1.6,
      "time" : "2026-05-03 08:46:17Z",
      "mag_author" : null,
      "longitude" : 15.3185,
      "contributor_id" : null
    },
    "geometry" : {
      "type" : "Point",
      "coordinates" : [ 15.3185, 37.6703 ]
    },
    "id" : "45745952"
  }, {
    "type" : "Feature",
    "properties" : {
      "depth_km" : 8.7,
      "author" : "SURVEY-INGV",
      "catalog" : null,
      "latitude" : 37.6703,
      "event_id" : 45745952,
      "contributor" : null,
      "mag_type" : "ML",
      "event_location_name" : "Costa Catanese (Catania)",
      "magnitude" : 1.6,
      "time" : "2026-05-03 08:46:17Z",
      "mag_author" : null,
      "longitude" : 15.3185,
      "contributor_id" : null
    },
    "geometry" : {
      "type" : "Point",
      "coordinates" : [ 15.3185, 37.6703 ]
    },
    "id" : "45745952"
  }, {
    "type" : "Feature",
    "properties" : {
      "depth_km" : 3.5,
      "author" : "SURVEY-INGV",
      "catalog" : null,
      "latitude" : 42.6573,
      "event_id" : 45745862,
      "contributor" : null,
      "mag_type" : "ML",
      "event_location_name" : "1 km NE Bolsena (VT)",
      "magnitude" : 1.2,
      "time" : "2026-05-03 08:40:55Z",
      "mag_author" : null,
      "longitude" : 11.9937,
      "contributor_id" : null
    },
    "geometry" : {
      "type" : "Point",
      "coordinates" : [ 11.9937, 42.6573 ]
    },
    "id" : "45745862"
  }, {
    "type" : "Feature",
    "properties" : {
      "depth_km" : 3.5,
      "author" : "SURVEY-INGV-CT#SeismPicker_SO-OE",
      "catalog" : null,
      "latitude" : 37.587,
      "event_id" : 45745682,
      "contributor" : null,
      "mag_type" : "ML",
      "event_location_name" : "3 km W Belpasso (CT)",
      "magnitude" : 1.5,
      "time" : "2026-05-03 07:53:46Z",
      "mag_author" : null,
      "longitude" : 14.94,
      "contributor_id" : null
    },
    "geometry" : {
      "type" : "Point",
      "coordinates" : [ 14.94, 37.587 ]
    },
    "id" : "45745682"
  }, {
    "type" : "Feature",
    "properties" : {
      "depth_km" : 3.05,
      "author" : "SURVEY-INGV-CT#SeismPicker_SO-OE",
      "catalog" : null,
      "latitude" : 37.68,
      "event_id" : 45745522,
      "contributor" : null,
      "mag_type" : "ML",
      "event_location_name" : "3 km SW Zafferana Etnea (CT)",
      "magnitude" : 1.1,
      "time" : "2026-05-03 07:36:42Z",
      "mag_author" : null,
      "longitude" : 15.07,
      "contributor_id" : null
    },
    "geometry" : {
      "type" : "Point",
      "coordinates" : [ 15.07, 37.68 ]
    },
    "id" : "45745522"
  }, {
    "type" : "Feature",
    "properties" : {
      "depth_km" : 10.0,
      "author" : "SURVEY-INGV",
      "catalog" : null,
      "latitude" : 42.812,
      "event_id" : 45745472,
      "contributor" : null,
      "mag_type" : "ML",
      "event_location_name" : "2 km N Norcia (PG)",
      "magnitude" : 0.4,
      "time" : "2026-05-03 07:34:55Z",
      "mag_author" : null,
      "longitude" : 13.0947,
      "contributor_id" : null
    },
    "geometry" : {
      "type" : "Point",
      "coordinates" : [ 13.0947, 42.812 ]
    },
    "id" : "45745472"
  }, {
    "type" : "Feature",
    "properties" : {
      "depth_km" : 8.2,
      "author" : "SURVEY-INGV",
      "catalog" : null,
      "latitude" : 45.3722,
      "event_id" : 45745192,
      "contributor" : null,
      "mag_type" : "ML",
      "event_location_name" : "2 km E Groscavallo (TO)",
      "magnitude" : 1.3,
      "time" : "2026-05-03 06:38:22Z",
      "mag_author" : null,
      "longitude" : 7.3037,
      "contributor_id" : null
    },
    "geometry" : {
      "type" : "Point",
      "coordinates" : [ 7.3037, 45.3722 ]
    },
    "id" : "45745192"
  }, {
    "type" : "Feature",
    "properties" : {
      "depth_km" : 8.4,
      "author" : "SURVEY-INGV",
      "catalog" : null,
      "latitude" : 43.5212,
      "event_id" : 45745112,
      "contributor" : null,
      "mag_type" : "ML",
      "event_location_name" : "5 km SW Apecchio (PU)",
      "magnitude" : 1.1,
      "time" : "2026-05-03 05:40:26Z",
      "mag_author" : null,
      "longitude" : 12.3942,
      "contributor_id" : null
    },
    "geometry" : {
      "type" : "Point",
      "coordinates" : [ 12.3942, 43.5212 ]
    },
    "id" : "45745112"
  }, {
    "type" : "Feature",
    "properties" : {
      "depth_km" : 8.4,
      "author" : "SURVEY-INGV",
      "catalog" : null,
      "latitude" : 43.5212,
      "event_id" : 45745112,
      "contributor" : null,
      "mag_type" : "ML",
      "event_location_name" : "5 km SW Apecchio (PU)",
      "magnitude" : 1.1,
      "time" : "2026-05-03 05:40:26Z",
      "mag_author" : null,
      "longitude" : 12.3942,
      "contributor_id" : null
    },
    "geometry" : {
      "type" : "Point",
      "coordinates" : [ 12.3942, 43.5212 ]
    },
    "id" : "45745112"
  }, {
    "type" : "Feature",
    "properties" : {
      "depth_km" : 9.9,
      "author" : "SURVEY-INGV",
      "catalog" : null,
      "latitude" : 42.8117,
      "event_id" : 45745052,
      "contributor" : null,
      "mag_type" : "ML",
      "event_location_name" : "6 km S Roccafluvione (AP)",
      "magnitude" : 0.8,
      "time" : "2026-05-03 05:05:24Z",
      "mag_author" : null,
      "longitude" : 13.4592,
      "contributor_id" : null
    },
    "geometry" : {
      "type" : "Point",
      "coordinates" : [ 13.4592, 42.8117 ]
    },
    "id" : "45745052"
  }, {
    "type" : "Feature",
    "properties" : {
      "depth_km" : 11.8,
      "author" : "SURVEY-INGV",
      "catalog" : null,
      "latitude" : 43.0753,
      "event_id" : 45744922,
      "contributor" : null,
      "mag_type" : "ML",
      "event_location_name" : "2 km W Muccia (MC)",
      "magnitude" : 0.3,
      "time" : "2026-05-03 04:07:25Z",
      "mag_author" : null,
      "longitude" : 13.0245,
      "contributor_id" : null
    },
    "geometry" : {
      "type" : "Point",
      "coordinates" : [ 13.0245, 43.0753 ]
    },
    "id" : "45744922"
  }, {
    "type" : "Feature",
    "properties" : {
      "depth_km" : 11.8,
      "author" : "SURVEY-INGV",
      "catalog" : null,
      "latitude" : 43.0753,
      "event_id" : 45744922,
      "contributor" : null,
      "mag_type" : "ML",
      "event_location_name" : "2 km W Muccia (MC)",
      "magnitude" : 0.3,
      "time" : "2026-05-03 04:07:25Z",
      "mag_author" : null,
      "longitude" : 13.0245,
      "contributor_id" : null
    },
    "geometry" : {
      "type" : "Point",
      "coordinates" : [ 13.0245, 43.0753 ]
    },
    "id" : "45744922"
  }, {
    "type" : "Feature",
    "properties" : {
      "depth_km" : 12.2,
      "author" : "SURVEY-INGV",
      "catalog" : null,
      "latitude" : 43.4145,
      "event_id" : 45744902,
      "contributor" : null,
      "mag_type" : "ML",
      "event_location_name" : "7 km W Sassoferrato (AN)",
      "magnitude" : 0.5,
      "time" : "2026-05-03 03:58:43Z",
      "mag_author" : null,
      "longitude" : 12.7767,
      "contributor_id" : null
    },
    "geometry" : {
      "type" : "Point",
      "coordinates" : [ 12.7767, 43.4145 ]
    },
    "id" : "45744902"
  }, {
    "type" : "Feature",
    "properties" : {
      "depth_km" : 10.9,
      "author" : "SURVEY-INGV",
      "catalog" : null,
      "latitude" : 42.9247,
      "event_id" : 45744862,
      "contributor" : null,
      "mag_type" : "ML",
      "event_location_name" : "4 km N Sellano (PG)",
      "magnitude" : 0.7,
      "time" : "2026-05-03 03:58:02Z",
      "mag_author" : null,
      "longitude" : 12.9387,
      "contributor_id" : null
    },
    "geometry" : {
      "type" : "Point",
      "coordinates" : [ 12.9387, 42.9247 ]
    },
    "id" : "45744862"
  }, {
    "type" : "Feature",
    "properties" : {
      "depth_km" : 12.6,
      "author" : "SURVEY-INGV",
      "catalog" : null,
      "latitude" : 41.3062,
      "event_id" : 45744802,
      "contributor" : null,
      "mag_type" : "ML",
      "event_location_name" : "3 km W Reino (BN)",
      "magnitude" : 1.3,
      "time" : "2026-05-03 03:06:09Z",
      "mag_author" : null,
      "longitude" : 14.7908,
      "contributor_id" : null
    },
    "geometry" : {
      "type" : "Point",
      "coordinates" : [ 14.7908, 41.3062 ]
    },
    "id" : "45744802"
  }, {
    "type" : "Feature",
    "properties" : {
      "depth_km" : 9.6,
      "author" : "SURVEY-INGV",
      "catalog" : null,
      "latitude" : 46.709,
      "event_id" : 45744702,
      "contributor" : null,
      "mag_type" : "ML",
      "event_location_name" : "3 km NW Malles Venosta (BZ)",
      "magnitude" : 1.0,
      "time" : "2026-05-03 00:19:15Z",
      "mag_author" : null,
      "longitude" : 10.5142,
      "contributor_id" : null
    },
    "geometry" : {
      "type" : "Point",
      "coordinates" : [ 10.5142, 46.709 ]
    },
    "id" : "45744702"
  }, {
    "type" : "Feature",
    "properties" : {
      "depth_km" : 8.4,
      "author" : "SURVEY-INGV",
      "catalog" : null,
      "latitude" : 43.3692,
      "event_id" : 45744632,
      "contributor" : null,
      "mag_type" : "ML",
      "event_location_name" : "4 km W Gubbio (PG)",
      "magnitude" : 0.6,
      "time" : "2026-05-02 23:56:18Z",
      "mag_author" : null,
      "longitude" : 12.533,
      "contributor_id" : null
    },
    "geometry" : {
      "type" : "Point",
      "coordinates" : [ 12.533, 43.3692 ]
    },
    "id" : "45744632"
  }, {
    "type" : "Feature",
    "properties" : {
      "depth_km" : 9.7,
      "author" : "SURVEY-INGV",
      "catalog" : null,
      "latitude" : 42.9117,
      "event_id" : 45744572,
      "contributor" : null,
      "mag_type" : "ML",
      "event_location_name" : "4 km N Preci (PG)",
      "magnitude" : 0.5,
      "time" : "2026-05-02 23:47:30Z",
      "mag_author" : null,
      "longitude" : 13.0272,
      "contributor_id" : null
    },
    "geometry" : {
      "type" : "Point",
      "coordinates" : [ 13.0272, 42.9117 ]
    },
    "id" : "45744572"
  }, {
    "type" : "Feature",
    "properties" : {
      "depth_km" : 10.0,
      "author" : "SURVEY-INGV",
      "catalog" : null,
      "latitude" : 38.5652,
      "event_id" : 45744492,
      "contributor" : null,
      "mag_type" : "ML",
      "event_location_name" : "Tirreno Meridionale [Mare]",
      "magnitude" : 2.5,
      "time" : "2026-05-02 23:24:10Z",
      "mag_author" : null,
      "longitude" : 13.371,
      "contributor_id" : null
    },
    "geometry" : {
      "type" : "Point",
      "coordinates" : [ 13.371, 38.5652 ]
    },
    "id" : "45744492"
  }, {
    "type" : "Feature",
    "properties" : {
      "depth_km" : 10.0,
      "author" : "SURVEY-INGV",
      "catalog" : null,
      "latitude" : 38.5878,
      "event_id" : 45744422,
      "contributor" : null,
      "mag_type" : "ML",
      "event_location_name" : "Tirreno Meridionale [Mare]",
      "magnitude" : 2.4,
      "time" : "2026-05-02 23:04:06Z",
      "mag_author" : null,
      "longitude" : 13.3958,
      "contributor_id" : null
    },
    "geometry" : {
      "type" : "Point",
      "coordinates" : [ 13.3958, 38.5878 ]
    },
    "id" : "45744422"
  }, {
    "type" : "Feature",
    "properties" : {
      "depth_km" : 9.4,
      "author" : "SURVEY-INGV",
      "catalog" : null,
      "latitude" : 42.9365,
      "event_id" : 45744342,
      "contributor" : null,
      "mag_type" : "ML",
      "event_location_name" : "1 km S Ussita (MC)",
      "magnitude" : 1.1,
      "time" : "2026-05-02 22:56:32Z",
      "mag_author" : null,
      "longitude" : 13.1387,
      "contributor_id" : null
    },
    "geometry" : {
      "type" : "Point",
      "coordinates" : [ 13.1387, 42.9365 ]
    },
    "id" : "45744342"
  }, {
    "type" : "Feature",
    "properties" : {
      "depth_km" : 10.0,
      "author" : "SURVEY-INGV",
      "catalog" : null,
      "latitude" : 38.6038,
      "event_id" : 45744292,
      "contributor" : null,
      "mag_type" : "ML",
      "event_location_name" : "Tirreno Meridionale [Mare]",
      "magnitude" : 2.4,
      "time" : "2026-05-02 22:28:41Z",
      "mag_author" : null,
      "longitude" : 13.4312,
      "contributor_id" : null
    },
    "geometry" : {
      "type" : "Point",
      "coordinates" : [ 13.4312, 38.6038 ]
    },
    "id" : "45744292"
  }, {
    "type" : "Feature",
    "properties" : {
      "depth_km" : 10.1,
      "author" : "SURVEY-INGV",
      "catalog" : null,
      "latitude" : 42.9027,
      "event_id" : 45744252,
      "contributor" : null,
      "mag_type" : "ML",
      "event_location_name" : "5 km NW Preci (PG)",
      "magnitude" : 0.5,
      "time" : "2026-05-02 22:12:35Z",
      "mag_author" : null,
      "longitude" : 12.9927,
      "contributor_id" : null
    },
    "geometry" : {
      "type" : "Point",
      "coordinates" : [ 12.9927, 42.9027 ]
    },
    "id" : "45744252"
  }, {
    "type" : "Feature",
    "properties" : {
      "depth_km" : 8.9,
      "author" : "SURVEY-INGV",
      "catalog" : null,
      "latitude" : 42.7687,
      "event_id" : 45744202,
      "contributor" : null,
      "mag_type" : "ML",
      "event_location_name" : "6 km E Norcia (PG)",
      "magnitude" : 0.8,
      "time" : "2026-05-02 22:04:01Z",
      "mag_author" : null,
      "longitude" : 13.1558,
      "contributor_id" : null
    },
    "geometry" : {
      "type" : "Point",
      "coordinates" : [ 13.1558, 42.7687 ]
    },
    "id" : "45744202"
  }, {
    "type" : "Feature",
    "properties" : {
      "depth_km" : 9.8,
      "author" : "SURVEY-INGV",
      "catalog" : null,
      "latitude" : 43.3072,
      "event_id" : 45744072,
      "contributor" : null,
      "mag_type" : "ML",
      "event_location_name" : "5 km SW Sigillo (PG)",
      "magnitude" : 1.3,
      "time" : "2026-05-02 21:02:31Z",
      "mag_author" : null,
      "longitude" : 12.6962,
      "contributor_id" : null
    },
    "geometry" : {
      "type" : "Point",
      "coordinates" : [ 12.6962, 43.3072 ]
    },
    "id" : "45744072"
  }, {
    "type" : "Feature",
    "properties" : {
      "depth_km" : 10.1,
      "author" : "SURVEY-INGV",
      "catalog" : null,
      "latitude" : 43.5553,
      "event_id" : 45744032,
      "contributor" : null,
      "mag_type" : "ML",
      "event_location_name" : "3 km E Apecchio (PU)",
      "magnitude" : 0.4,
      "time" : "2026-05-02 20:26:05Z",
      "mag_author" : null,
      "longitude" : 12.4612,
      "contributor_id" : null
    },
    "geometry" : {
      "type" : "Point",
      "coordinates" : [ 12.4612, 43.5553 ]
    },
    "id" : "45744032"
  }, {
    "type" : "Feature",
    "properties" : {
      "depth_km" : 15.4,
      "author" : "SURVEY-INGV",
      "catalog" : null,
      "latitude" : 42.4993,
      "event_id" : 45744012,
      "contributor" : null,
      "mag_type" : "ML",
      "event_location_name" : "3 km SE Capitignano (AQ)",
      "magnitude" : 1.4,
      "time" : "2026-05-02 20:17:55Z",
      "mag_author" : null,
      "longitude" : 13.319,
      "contributor_id" : null
    },
    "geometry" : {
      "type" : "Point",
      "coordinates" : [ 13.319, 42.4993 ]
    },
    "id" : "45744012"
  }, {
    "type" : "Feature",
    "properties" : {
      "depth_km" : 14.0,
      "author" : "SURVEY-INGV",
      "catalog" : null,
      "latitude" : 42.4902,
      "event_id" : 45743952,
      "contributor" : null,
      "mag_type" : "ML",
      "event_location_name" : "4 km S Capitignano (AQ)",
      "magnitude" : 1.1,
      "time" : "2026-05-02 20:17:31Z",
      "mag_author" : null,
      "longitude" : 13.3102,
      "contributor_id" : null
    },
    "geometry" : {
      "type" : "Point",
      "coordinates" : [ 13.3102, 42.4902 ]
    },
    "id" : "45743952"
  }, {
    "type" : "Feature",
    "properties" : {
      "depth_km" : 26.7,
      "author" : "SURVEY-INGV",
      "catalog" : null,
      "latitude" : 43.24,
      "event_id" : 45743902,
      "contributor" : null,
      "mag_type" : "ML",
      "event_location_name" : "4 km E Gagliole (MC)",
      "magnitude" : 1.0,
      "time" : "2026-05-02 19:48:52Z",
      "mag_author" : null,
      "longitude" : 13.1243,
      "contributor_id" : null
    },
    "geometry" : {
      "type" : "Point",
      "coordinates" : [ 13.1243, 43.24 ]
    },
    "id" : "45743902"
  }, {
    "type" : "Feature",
    "properties" : {
      "depth_km" : 10.6,
      "author" : "SURVEY-INGV",
      "catalog" : null,
      "latitude" : 43.0387,
      "event_id" : 45743842,
      "contributor" : null,
      "mag_type" : "ML",
      "event_location_name" : "3 km SE Valtopina (PG)",
      "magnitude" : 0.9,
      "time" : "2026-05-02 19:05:13Z",
      "mag_author" : null,
      "longitude" : 12.7723,
      "contributor_id" : null
    },
    "geometry" : {
      "type" : "Point",
      "coordinates" : [ 12.7723, 43.0387 ]
    },
    "id" : "45743842"
  }, {
    "type" : "Feature",
    "properties" : {
      "depth_km" : 0.4,
      "author" : "SURVEY-INGV",
      "catalog" : null,
      "latitude" : 46.3432,
      "event_id" : 45743802,
      "contributor" : null,
      "mag_type" : "ML",
      "event_location_name" : "9 km S Forni di Sopra (UD)",
      "magnitude" : 0.4,
      "time" : "2026-05-02 18:54:22Z",
      "mag_author" : null,
      "longitude" : 12.5692,
      "contributor_id" : null
    },
    "geometry" : {
      "type" : "Point",
      "coordinates" : [ 12.5692, 46.3432 ]
    },
    "id" : "45743802"
  }, {
    "type" : "Feature",
    "properties" : {
      "depth_km" : 3.5,
      "author" : "SURVEY-INGV",
      "catalog" : null,
      "latitude" : 43.4003,
      "event_id" : 45743762,
      "contributor" : null,
      "mag_type" : "ML",
      "event_location_name" : "6 km SE Pietralunga (PG)",
      "magnitude" : 0.5,
      "time" : "2026-05-02 18:46:33Z",
      "mag_author" : null,
      "longitude" : 12.4858,
      "contributor_id" : null
    },
    "geometry" : {
      "type" : "Point",
      "coordinates" : [ 12.4858, 43.4003 ]
    },
    "id" : "45743762"
  }, {
    "type" : "Feature",
    "properties" : {
      "depth_km" : 4.9,
      "author" : "SURVEY-INGV",
      "catalog" : null,
      "latitude" : 43.401,
      "event_id" : 45743722,
      "contributor" : null,
      "mag_type" : "ML",
      "event_location_name" : "6 km SE Pietralunga (PG)",
      "magnitude" : 0.6,
      "time" : "2026-05-02 18:42:29Z",
      "mag_author" : null,
      "longitude" : 12.4908,
      "contributor_id" : null
    },
    "geometry" : {
      "type" : "Point",
      "coordinates" : [ 12.4908, 43.401 ]
    },
    "id" : "45743722"
  }, {
    "type" : "Feature",
    "properties" : {
      "depth_km" : 2.1,
      "author" : "SURVEY-INGV",
      "catalog" : null,
      "latitude" : 43.0292,
      "event_id" : 45743452,
      "contributor" : null,
      "mag_type" : "ML",
      "event_location_name" : "3 km W Fiastra (MC)",
      "magnitude" : 0.2,
      "time" : "2026-05-02 17:22:15Z",
      "mag_author" : null,
      "longitude" : 13.1277,
      "contributor_id" : null
    },
    "geometry" : {
      "type" : "Point",
      "coordinates" : [ 13.1277, 43.0292 ]
    },
    "id" : "45743452"
  }, {
    "type" : "Feature",
    "properties" : {
      "depth_km" : 9.8,
      "author" : "SURVEY-INGV",
      "catalog" : null,
      "latitude" : 43.1762,
      "event_id" : 45743182,
      "contributor" : null,
      "mag_type" : "ML",
      "event_location_name" : "6 km W Valfabbrica (PG)",
      "magnitude" : 1.4,
      "time" : "2026-05-02 16:57:32Z",
      "mag_author" : null,
      "longitude" : 12.5335,
      "contributor_id" : null
    },
    "geometry" : {
      "type" : "Point",
      "coordinates" : [ 12.5335, 43.1762 ]
    },
    "id" : "45743182"
  }, {
    "type" : "Feature",
    "properties" : {
      "depth_km" : 5.0,
      "author" : "SURVEY-INGV",
      "catalog" : null,
      "latitude" : 43.366,
      "event_id" : 45743132,
      "contributor" : null,
      "mag_type" : "ML",
      "event_location_name" : "4 km W Gubbio (PG)",
      "magnitude" : 0.3,
      "time" : "2026-05-02 16:53:14Z",
      "mag_author" : null,
      "longitude" : 12.5358,
      "contributor_id" : null
    },
    "geometry" : {
      "type" : "Point",
      "coordinates" : [ 12.5358, 43.366 ]
    },
    "id" : "45743132"
  }, {
    "type" : "Feature",
    "properties" : {
      "depth_km" : 10.7,
      "author" : "SURVEY-INGV",
      "catalog" : null,
      "latitude" : 45.8762,
      "event_id" : 45743062,
      "contributor" : null,
      "mag_type" : "ML",
      "event_location_name" : "11 km NE Courmayeur (AO)",
      "magnitude" : 1.1,
      "time" : "2026-05-02 16:51:24Z",
      "mag_author" : null,
      "longitude" : 7.0438,
      "contributor_id" : null
    },
    "geometry" : {
      "type" : "Point",
      "coordinates" : [ 7.0438, 45.8762 ]
    },
    "id" : "45743062"
  }, {
    "type" : "Feature",
    "properties" : {
      "depth_km" : 10.4,
      "author" : "SURVEY-INGV",
      "catalog" : null,
      "latitude" : 42.9895,
      "event_id" : 45742852,
      "contributor" : null,
      "mag_type" : "ML",
      "event_location_name" : "1 km SE Spello (PG)",
      "magnitude" : 0.6,
      "time" : "2026-05-02 16:09:01Z",
      "mag_author" : null,
      "longitude" : 12.6788,
      "contributor_id" : null
    },
    "geometry" : {
      "type" : "Point",
      "coordinates" : [ 12.6788, 42.9895 ]
    },
    "id" : "45742852"
  }, {
    "type" : "Feature",
    "properties" : {
      "depth_km" : 10.5,
      "author" : "SURVEY-INGV",
      "catalog" : null,
      "latitude" : 42.9058,
      "event_id" : 45742562,
      "contributor" : null,
      "mag_type" : "ML",
      "event_location_name" : "5 km NW Preci (PG)",
      "magnitude" : 0.4,
      "time" : "2026-05-02 15:29:53Z",
      "mag_author" : null,
      "longitude" : 12.9893,
      "contributor_id" : null
    },
    "geometry" : {
      "type" : "Point",
      "coordinates" : [ 12.9893, 42.9058 ]
    },
    "id" : "45742562"
  }, {
    "type" : "Feature",
    "properties" : {
      "depth_km" : 8.5,
      "author" : "SURVEY-INGV",
      "catalog" : null,
      "latitude" : 45.8758,
      "event_id" : 45741912,
      "contributor" : null,
      "mag_type" : "ML",
      "event_location_name" : "10 km NW Saint-Rhémy-en-Bosses (AO)",
      "magnitude" : 1.8,
      "time" : "2026-05-02 14:21:03Z",
      "mag_author" : null,
      "longitude" : 7.0795,
      "contributor_id" : null
    },
    "geometry" : {
      "type" : "Point",
      "coordinates" : [ 7.0795, 45.8758 ]
    },
    "id" : "45741912"
  }, {
    "type" : "Feature",
    "properties" : {
      "depth_km" : 19.0,
      "author" : "SURVEY-INGV",
      "catalog" : null,
      "latitude" : 43.5943,
      "event_id" : 45741642,
      "contributor" : null,
      "mag_type" : "ML",
      "event_location_name" : "3 km SE Acqualagna (PU)",
      "magnitude" : 1.0,
      "time" : "2026-05-02 13:49:33Z",
      "mag_author" : null,
      "longitude" : 12.6947,
      "contributor_id" : null
    },
    "geometry" : {
      "type" : "Point",
      "coordinates" : [ 12.6947, 43.5943 ]
    },
    "id" : "45741642"
  }, {
    "type" : "Feature",
    "properties" : {
      "depth_km" : 11.5,
      "author" : "SURVEY-INGV",
      "catalog" : null,
      "latitude" : 43.0008,
      "event_id" : 45741042,
      "contributor" : null,
      "mag_type" : "ML",
      "event_location_name" : "4 km W Monte Cavallo (MC)",
      "magnitude" : 0.8,
      "time" : "2026-05-02 12:16:29Z",
      "mag_author" : null,
      "longitude" : 12.9523,
      "contributor_id" : null
    },
    "geometry" : {
      "type" : "Point",
      "coordinates" : [ 12.9523, 43.0008 ]
    },
    "id" : "45741042"
  }, {
    "type" : "Feature",
    "properties" : {
      "depth_km" : 9.1,
      "author" : "SURVEY-INGV",
      "catalog" : null,
      "latitude" : 43.5592,
      "event_id" : 45740962,
      "contributor" : null,
      "mag_type" : "ML",
      "event_location_name" : "3 km E Apecchio (PU)",
      "magnitude" : 0.5,
      "time" : "2026-05-02 12:12:10Z",
      "mag_author" : null,
      "longitude" : 12.4568,
      "contributor_id" : null
    },
    "geometry" : {
      "type" : "Point",
      "coordinates" : [ 12.4568, 43.5592 ]
    },
    "id" : "45740962"
  }, {
    "type" : "Feature",
    "properties" : {
      "depth_km" : 10.9,
      "author" : "SURVEY-INGV",
      "catalog" : null,
      "latitude" : 43.4483,
      "event_id" : 45739692,
      "contributor" : null,
      "mag_type" : "ML",
      "event_location_name" : "5 km SW Cantiano (PU)",
      "magnitude" : 1.0,
      "time" : "2026-05-02 10:04:14Z",
      "mag_author" : null,
      "longitude" : 12.5827,
      "contributor_id" : null
    },
    "geometry" : {
      "type" : "Point",
      "coordinates" : [ 12.5827, 43.4483 ]
    },
    "id" : "45739692"
  }, {
    "type" : "Feature",
    "properties" : {
      "depth_km" : 34.6,
      "author" : "SURVEY-INGV",
      "catalog" : null,
      "latitude" : 37.8253,
      "event_id" : 45738162,
      "contributor" : null,
      "mag_type" : "ML",
      "event_location_name" : "4 km E Cerami (EN)",
      "magnitude" : 2.3,
      "time" : "2026-05-02 07:49:28Z",
      "mag_author" : null,
      "longitude" : 14.5535,
      "contributor_id" : null
    },
    "geometry" : {
      "type" : "Point",
      "coordinates" : [ 14.5535, 37.8253 ]
    },
    "id" : "45738162"
  }, {
    "type" : "Feature",
    "properties" : {
      "depth_km" : 9.5,
      "author" : "SURVEY-INGV",
      "catalog" : null,
      "latitude" : 43.9065,
      "event_id" : 45737702,
      "contributor" : null,
      "mag_type" : "ML",
      "event_location_name" : "2 km E Bajardo (IM)",
      "magnitude" : 1.3,
      "time" : "2026-05-02 06:44:57Z",
      "mag_author" : null,
      "longitude" : 7.7438,
      "contributor_id" : null
    },
    "geometry" : {
      "type" : "Point",
      "coordinates" : [ 7.7438, 43.9065 ]
    },
    "id" : "45737702"
  }, {
    "type" : "Feature",
    "properties" : {
      "depth_km" : 9.1,
      "author" : "SURVEY-INGV",
      "catalog" : null,
      "latitude" : 45.6785,
      "event_id" : 45737582,
      "contributor" : null,
      "mag_type" : "ML",
      "event_location_name" : "3 km S Brenzone sul Garda (VR)",
      "magnitude" : 1.3,
      "time" : "2026-05-02 06:36:03Z",
      "mag_author" : null,
      "longitude" : 10.7647,
      "contributor_id" : null
    },
    "geometry" : {
      "type" : "Point",
      "coordinates" : [ 10.7647, 45.6785 ]
    },
    "id" : "45737582"
  }, {
    "type" : "Feature",
    "properties" : {
      "depth_km" : 6.5,
      "author" : "SURVEY-INGV",
      "catalog" : null,
      "latitude" : 43.4092,
      "event_id" : 45737082,
      "contributor" : null,
      "mag_type" : "ML",
      "event_location_name" : "7 km SE Pietralunga (PG)",
      "magnitude" : 0.4,
      "time" : "2026-05-02 05:11:48Z",
      "mag_author" : null,
      "longitude" : 12.507,
      "contributor_id" : null
    },
    "geometry" : {
      "type" : "Point",
      "coordinates" : [ 12.507, 43.4092 ]
    },
    "id" : "45737082"
  }, {
    "type" : "Feature",
    "properties" : {
      "depth_km" : 6.5,
      "author" : "SURVEY-INGV",
      "catalog" : null,
      "latitude" : 43.4092,
      "event_id" : 45411101,
      "contributor" : null,
      "mag_type" : "ML",
      "event_location_name" : "7 km SE Pietralunga (PG)",
      "magnitude" : 0.4,
      "time" : "2026-05-02 05:11:48Z",
      "mag_author" : null,
      "longitude" : 12.507,
      "contributor_id" : null
    },
    "geometry" : {
      "type" : "Point",
      "coordinates" : [ 12.507, 43.4092 ]
    },
    "id" : "45411101"
  }, {
    "type" : "Feature",
    "properties" : {
      "depth_km" : 11.7,
      "author" : "SURVEY-INGV",
      "catalog" : null,
      "latitude" : 43.4317,
      "event_id" : 45737002,
      "contributor" : null,
      "mag_type" : "ML",
      "event_location_name" : "8 km SW Cantiano (PU)",
      "magnitude" : 1.1,
      "time" : "2026-05-02 04:55:31Z",
      "mag_author" : null,
      "longitude" : 12.5497,
      "contributor_id" : null
    },
    "geometry" : {
      "type" : "Point",
      "coordinates" : [ 12.5497, 43.4317 ]
    },
    "id" : "45737002"
  }, {
    "type" : "Feature",
    "properties" : {
      "depth_km" : 10.9,
      "author" : "SURVEY-INGV",
      "catalog" : null,
      "latitude" : 43.1307,
      "event_id" : 45736952,
      "contributor" : null,
      "mag_type" : "ML",
      "event_location_name" : "4 km NE Nocera Umbra (PG)",
      "magnitude" : 0.6,
      "time" : "2026-05-02 04:52:46Z",
      "mag_author" : null,
      "longitude" : 12.8262,
      "contributor_id" : null
    },
    "geometry" : {
      "type" : "Point",
      "coordinates" : [ 12.8262, 43.1307 ]
    },
    "id" : "45736952"
  }, {
    "type" : "Feature",
    "properties" : {
      "depth_km" : 3.7,
      "author" : "SURVEY-INGV",
      "catalog" : null,
      "latitude" : 45.684,
      "event_id" : 45736802,
      "contributor" : null,
      "mag_type" : "ML",
      "event_location_name" : "3 km SW Brenzone sul Garda (VR)",
      "magnitude" : 0.7,
      "time" : "2026-05-02 04:13:42Z",
      "mag_author" : null,
      "longitude" : 10.7527,
      "contributor_id" : null
    },
    "geometry" : {
      "type" : "Point",
      "coordinates" : [ 10.7527, 45.684 ]
    },
    "id" : "45736802"
  }, {
    "type" : "Feature",
    "properties" : {
      "depth_km" : 8.0,
      "author" : "SURVEY-INGV",
      "catalog" : null,
      "latitude" : 42.456,
      "event_id" : 45736782,
      "contributor" : null,
      "mag_type" : "ML",
      "event_location_name" : "4 km NW Configni (RI)",
      "magnitude" : 1.5,
      "time" : "2026-05-02 04:12:13Z",
      "mag_author" : null,
      "longitude" : 12.6248,
      "contributor_id" : null
    },
    "geometry" : {
      "type" : "Point",
      "coordinates" : [ 12.6248, 42.456 ]
    },
    "id" : "45736782"
  }, {
    "type" : "Feature",
    "properties" : {
      "depth_km" : 8.3,
      "author" : "SURVEY-INGV",
      "catalog" : null,
      "latitude" : 43.1127,
      "event_id" : 45736702,
      "contributor" : null,
      "mag_type" : "ML",
      "event_location_name" : "5 km W Nocera Umbra (PG)",
      "magnitude" : 0.6,
      "time" : "2026-05-02 04:06:47Z",
      "mag_author" : null,
      "longitude" : 12.7277,
      "contributor_id" : null
    },
    "geometry" : {
      "type" : "Point",
      "coordinates" : [ 12.7277, 43.1127 ]
    },
    "id" : "45736702"
  }, {
    "type" : "Feature",
    "properties" : {
      "depth_km" : 10.7,
      "author" : "SURVEY-INGV",
      "catalog" : null,
      "latitude" : 42.7485,
      "event_id" : 45736542,
      "contributor" : null,
      "mag_type" : "ML",
      "event_location_name" : "2 km NE Spoleto (PG)",
      "magnitude" : 0.9,
      "time" : "2026-05-02 03:17:03Z",
      "mag_author" : null,
      "longitude" : 12.7513,
      "contributor_id" : null
    },
    "geometry" : {
      "type" : "Point",
      "coordinates" : [ 12.7513, 42.7485 ]
    },
    "id" : "45736542"
  }, {
    "type" : "Feature",
    "properties" : {
      "depth_km" : 9.3,
      "author" : "SURVEY-INGV",
      "catalog" : null,
      "latitude" : 42.897,
      "event_id" : 45736482,
      "contributor" : null,
      "mag_type" : "ML",
      "event_location_name" : "3 km E Gualdo Cattaneo (PG)",
      "magnitude" : 1.3,
      "time" : "2026-05-02 02:28:31Z",
      "mag_author" : null,
      "longitude" : 12.5903,
      "contributor_id" : null
    },
    "geometry" : {
      "type" : "Point",
      "coordinates" : [ 12.5903, 42.897 ]
    },
    "id" : "45736482"
  }, {
    "type" : "Feature",
    "properties" : {
      "depth_km" : 8.9,
      "author" : "SURVEY-INGV",
      "catalog" : null,
      "latitude" : 42.7912,
      "event_id" : 45736432,
      "contributor" : null,
      "mag_type" : "ML",
      "event_location_name" : "8 km E Norcia (PG)",
      "magnitude" : 0.7,
      "time" : "2026-05-02 02:19:06Z",
      "mag_author" : null,
      "longitude" : 13.1937,
      "contributor_id" : null
    },
    "geometry" : {
      "type" : "Point",
      "coordinates" : [ 13.1937, 42.7912 ]
    },
    "id" : "45736432"
  }, {
    "type" : "Feature",
    "properties" : {
      "depth_km" : 164.7,
      "author" : "SURVEY-INGV",
      "catalog" : null,
      "latitude" : 38.8982,
      "event_id" : 45736382,
      "contributor" : null,
      "mag_type" : "ML",
      "event_location_name" : "Tirreno Meridionale [Mare]",
      "magnitude" : 2.4,
      "time" : "2026-05-02 01:56:21Z",
      "mag_author" : null,
      "longitude" : 15.6683,
      "contributor_id" : null
    },
    "geometry" : {
      "type" : "Point",
      "coordinates" : [ 15.6683, 38.8982 ]
    },
    "id" : "45736382"
  }, {
    "type" : "Feature",
    "properties" : {
      "depth_km" : 12.9,
      "author" : "SURVEY-INGV",
      "catalog" : null,
      "latitude" : 43.3332,
      "event_id" : 45736332,
      "contributor" : null,
      "mag_type" : "ML",
      "event_location_name" : "3 km W Sigillo (PG)",
      "magnitude" : 0.4,
      "time" : "2026-05-02 01:55:18Z",
      "mag_author" : null,
      "longitude" : 12.7103,
      "contributor_id" : null
    },
    "geometry" : {
      "type" : "Point",
      "coordinates" : [ 12.7103, 43.3332 ]
    },
    "id" : "45736332"
  } ]
}